timestamp_id,anomaly_prob
220001,0.48001875000000005
220002,0.4839263888888889
220003,0.47105625
220004,0.46567613636363636
220005,0.460903125
220006,0.4598336538461539
220007,0.46053482142857144
220008,0.457675
220009,0.4673433333333333
220010,0.47671166666666664
220011,0.469315
220012,0.46070916666666667
220013,0.4505541666666667
220014,0.44836499999999996
220015,0.4501675
220016,0.4478775
220017,0.4490233333333334
220018,0.45261999999999997
220019,0.4593425
220020,0.47162
220021,0.47437583333333333
220022,0.4619991666666667
220023,0.4498441666666667
220024,0.4333858333333333
220025,0.41629583333333336
220026,0.4020141666666667
220027,0.383945
220028,0.3634316666666667
220029,0.33501166666666665
220030,0.3012725
220031,0.27152166666666666
220032,0.2386225
220033,0.21497666666666668
220034,0.18556666666666669
220035,0.15297166666666667
220036,0.12345083333333333
220037,0.10836416666666666
220038,0.09665416666666667
220039,0.09061583333333334
220040,0.08555916666666667
220041,0.0805825
220042,0.08053333333333335
220043,0.08075333333333333
220044,0.08567166666666667
220045,0.09377333333333333
220046,0.10515416666666667
220047,0.11780750000000001
220048,0.129355
220049,0.13995833333333332
220050,0.1477825
220051,0.15965666666666667
220052,0.17338166666666666
220053,0.19182583333333333
220054,0.20917750000000002
220055,0.225065
220056,0.23725333333333332
220057,0.24493583333333335
220058,0.25073666666666666
220059,0.25445666666666666
220060,0.2481141666666667
220061,0.24092166666666667
220062,0.23223083333333333
220063,0.2238258333333333
220064,0.21462083333333334
220065,0.2063125
220066,0.19631916666666666
220067,0.18256833333333333
220068,0.16416249999999996
220069,0.14680083333333332
220070,0.1304283333333333
220071,0.11793833333333333
220072,0.10923333333333334
220073,0.10079416666666667
220074,0.09427666666666666
220075,0.09512416666666666
220076,0.09330333333333332
220077,0.09041166666666665
220078,0.08823500000000001
220079,0.08693583333333335
220080,0.08737750000000001
220081,0.08851416666666667
220082,0.09347166666666666
220083,0.09687833333333333
220084,0.10129083333333333
220085,0.1040575
220086,0.1073425
220087,0.11033833333333333
220088,0.1168375
220089,0.12339333333333333
220090,0.12829416666666668
220091,0.1346425
220092,0.14609583333333334
220093,0.153575
220094,0.1635625
220095,0.16791666666666666
220096,0.17449083333333335
220097,0.17508416666666668
220098,0.17752833333333334
220099,0.17299083333333332
220100,0.16694416666666667
220101,0.15944750000000002
220102,0.15472000000000002
220103,0.14717583333333334
220104,0.14015000000000002
220105,0.13374916666666667
220106,0.12788333333333332
220107,0.12474583333333333
220108,0.12449916666666666
220109,0.12218583333333334
220110,0.12428
220111,0.12731416666666667
220112,0.13074666666666668
220113,0.1330925
220114,0.13955083333333332
220115,0.1466866666666667
220116,0.1516375
220117,0.1549566666666667
220118,0.15810000000000002
220119,0.16001
220120,0.16299833333333333
220121,0.17012833333333335
220122,0.17051583333333334
220123,0.17187166666666667
220124,0.17309083333333333
220125,0.17334750000000002
220126,0.17125416666666665
220127,0.17583500000000002
220128,0.18099
220129,0.18770916666666665
220130,0.19324416666666666
220131,0.20314333333333331
220132,0.212235
220133,0.2240875
220134,0.23729250000000002
220135,0.247005
220136,0.25077
220137,0.2529
220138,0.25469916666666664
220139,0.254415
220140,0.2506966666666667
220141,0.24834583333333335
220142,0.2439333333333333
220143,0.24252083333333332
220144,0.2514675
220145,0.26542666666666664
220146,0.28862333333333334
220147,0.31578416666666664
220148,0.3383675
220149,0.35940333333333335
220150,0.3772516666666667
220151,0.39069333333333334
220152,0.4036341666666666
220153,0.4153866666666667
220154,0.42383750000000003
220155,0.44185916666666664
220156,0.45528583333333333
220157,0.4669075
220158,0.4706208333333333
220159,0.464655
220160,0.45585416666666667
220161,0.43340333333333336
220162,0.4081816666666666
220163,0.38501083333333336
220164,0.36391083333333335
220165,0.34605499999999995
220166,0.33115916666666667
220167,0.32098750000000004
220168,0.31292416666666667
220169,0.3118166666666667
220170,0.3051133333333333
220171,0.30232916666666665
220172,0.29977250000000005
220173,0.29949333333333333
220174,0.2907258333333333
220175,0.2792458333333333
220176,0.26499083333333334
220177,0.247675
220178,0.23035416666666667
220179,0.21200999999999998
220180,0.20659833333333333
220181,0.20461333333333334
220182,0.2026925
220183,0.20152750000000003
220184,0.19880666666666666
220185,0.198485
220186,0.20491916666666665
220187,0.21330833333333332
220188,0.22250083333333331
220189,0.23824999999999996
220190,0.25589333333333336
220191,0.28436416666666664
220192,0.31790083333333335
220193,0.35257916666666667
220194,0.39239833333333335
220195,0.42447000000000007
220196,0.4550208333333333
220197,0.48298916666666664
220198,0.5093525
220199,0.53194
220200,0.5523075
220201,0.563155
220202,0.5723199999999999
220203,0.5822783333333333
220204,0.59166
220205,0.6028066666666666
220206,0.6087716666666666
220207,0.6112083333333334
220208,0.6028374999999999
220209,0.5883375000000001
220210,0.5721474999999999
220211,0.5597766666666666
220212,0.5553475
220213,0.548955
220214,0.5462266666666667
220215,0.5379958333333333
220216,0.5282575
220217,0.5234141666666666
220218,0.5178566666666666
220219,0.5010533333333334
220220,0.478985
220221,0.46330750000000004
220222,0.4467933333333333
220223,0.43588666666666664
220224,0.4245941666666667
220225,0.4096975
220226,0.39949416666666665
220227,0.38073333333333337
220228,0.3624833333333334
220229,0.3441691666666667
220230,0.335455
220231,0.3304058333333334
220232,0.31804666666666664
220233,0.3074333333333333
220234,0.3135691666666666
220235,0.3230275
220236,0.3206091666666666
220237,0.3195133333333333
220238,0.31929250000000003
220239,0.3112625
220240,0.3068458333333333
220241,0.2943941666666667
220242,0.29211666666666664
220243,0.29436083333333335
220244,0.3027416666666667
220245,0.30371
220246,0.311435
220247,0.32492583333333336
220248,0.33482666666666666
220249,0.3418691666666667
220250,0.34864416666666664
220251,0.3603466666666667
220252,0.37361916666666667
220253,0.38794000000000006
220254,0.4073541666666667
220255,0.4286291666666667
220256,0.44941000000000003
220257,0.46067083333333336
220258,0.4698741666666667
220259,0.47352750000000005
220260,0.47903833333333334
220261,0.47748333333333337
220262,0.47187833333333334
220263,0.46494500000000005
220264,0.4563716666666667
220265,0.44157083333333336
220266,0.4285216666666667
220267,0.4112958333333333
220268,0.393625
220269,0.37553583333333335
220270,0.35415166666666664
220271,0.3346675
220272,0.3164016666666667
220273,0.29736
220274,0.27528250000000004
220275,0.2516291666666667
220276,0.22737583333333336
220277,0.20200500000000002
220278,0.18230583333333333
220279,0.16228083333333335
220280,0.14754666666666666
220281,0.13089583333333332
220282,0.11519166666666666
220283,0.10184083333333334
220284,0.09252666666666667
220285,0.0848275
220286,0.07679166666666666
220287,0.0700675
220288,0.0637575
220289,0.062335
220290,0.06581666666666666
220291,0.0722175
220292,0.085915
220293,0.1020775
220294,0.11680166666666668
220295,0.13239416666666667
220296,0.15006666666666668
220297,0.17621833333333334
220298,0.20362750000000002
220299,0.23303916666666666
220300,0.26333833333333334
220301,0.29588416666666667
220302,0.3257333333333333
220303,0.34624249999999995
220304,0.36687416666666667
220305,0.3727349999999999
220306,0.375935
220307,0.37351833333333334
220308,0.37514583333333335
220309,0.3735175
220310,0.3673
220311,0.35842166666666664
220312,0.3508408333333334
220313,0.36218083333333334
220314,0.38354999999999995
220315,0.4057516666666666
220316,0.43079749999999994
220317,0.4553891666666667
220318,0.48912666666666665
220319,0.5197499999999999
220320,0.5637641666666667
220321,0.6064125
220322,0.6151625000000001
220323,0.6169650000000001
220324,0.6175091666666667
220325,0.6208791666666668
220326,0.630535
220327,0.6249533333333334
220328,0.5983691666666666
220329,0.5610108333333333
220330,0.5175325000000001
220331,0.466685
220332,0.41841083333333334
220333,0.37413833333333335
220334,0.3307375
220335,0.28380666666666665
220336,0.2327941666666667
220337,0.21411583333333334
220338,0.1923525
220339,0.17596666666666666
220340,0.16098166666666666
220341,0.1423975
220342,0.13154583333333333
220343,0.12383999999999999
220344,0.11497833333333334
220345,0.11168166666666667
220346,0.11340583333333333
220347,0.11008
220348,0.09994666666666666
220349,0.08857416666666668
220350,0.08042166666666666
220351,0.07911000000000001
220352,0.07828916666666666
220353,0.0895775
220354,0.11303749999999999
220355,0.14194500000000002
220356,0.17041166666666668
220357,0.19523833333333332
220358,0.21990666666666667
220359,0.24744916666666666
220360,0.2761866666666667
220361,0.30585166666666663
220362,0.34202
220363,0.3799266666666667
220364,0.42090583333333337
220365,0.4546608333333333
220366,0.48303583333333333
220367,0.5090458333333333
220368,0.5337566666666667
220369,0.5472008333333332
220370,0.5564941666666667
220371,0.5701241666666667
220372,0.5855508333333334
220373,0.5959133333333334
220374,0.6073008333333334
220375,0.6164516666666666
220376,0.6222300000000001
220377,0.6240775000000001
220378,0.6202150000000001
220379,0.6110433333333334
220380,0.6110241666666667
220381,0.6180683333333333
220382,0.6324783333333333
220383,0.6424508333333333
220384,0.6525191666666667
220385,0.658465
220386,0.6613833333333333
220387,0.6653841666666666
220388,0.6731149999999999
220389,0.6777575
220390,0.6760658333333333
220391,0.6708758333333333
220392,0.6635566666666666
220393,0.6573933333333333
220394,0.6606058333333332
220395,0.6580566666666666
220396,0.6534675
220397,0.6449366666666667
220398,0.6346916666666667
220399,0.6065341666666666
220400,0.5799783333333333
220401,0.5482250000000001
220402,0.5127916666666666
220403,0.48332333333333327
220404,0.4548225
220405,0.4249383333333333
220406,0.4022675
220407,0.37764166666666665
220408,0.35813749999999994
220409,0.3344525
220410,0.3214958333333333
220411,0.3134641666666667
220412,0.3022741666666667
220413,0.2888691666666666
220414,0.29638916666666665
220415,0.30919916666666664
220416,0.3304341666666667
220417,0.3539408333333333
220418,0.3701683333333333
220419,0.3751516666666666
220420,0.3896916666666667
220421,0.40121666666666667
220422,0.4105625
220423,0.41813833333333333
220424,0.42202333333333336
220425,0.41446166666666673
220426,0.4042483333333333
220427,0.3993575
220428,0.3965941666666667
220429,0.39395083333333336
220430,0.3916391666666667
220431,0.3807641666666667
220432,0.36643250000000005
220433,0.344065
220434,0.33529833333333336
220435,0.32254666666666665
220436,0.30305
220437,0.29403416666666665
220438,0.28961583333333335
220439,0.2867416666666667
220440,0.2831158333333333
220441,0.275835
220442,0.2647216666666667
220443,0.25154583333333336
220444,0.23489249999999998
220445,0.213825
220446,0.19634333333333334
220447,0.18189416666666666
220448,0.17957666666666666
220449,0.17614999999999997
220450,0.16873666666666667
220451,0.16780916666666668
220452,0.16513666666666668
220453,0.16003333333333333
220454,0.1544075
220455,0.16025666666666666
220456,0.17219416666666668
220457,0.19275083333333332
220458,0.20312166666666667
220459,0.2137475
220460,0.22554166666666664
220461,0.2508483333333333
220462,0.2792108333333333
220463,0.3050633333333333
220464,0.33467749999999996
220465,0.367565
220466,0.3981583333333333
220467,0.4299233333333333
220468,0.4648616666666667
220469,0.5033291666666666
220470,0.5365533333333333
220471,0.5664766666666666
220472,0.5899158333333332
220473,0.6282083333333333
220474,0.66783
220475,0.7057266666666667
220476,0.7296283333333334
220477,0.7533366666666665
220478,0.7750775
220479,0.7867175000000001
220480,0.8014375
220481,0.8200166666666667
220482,0.8362041666666666
220483,0.8484725
220484,0.8605225
220485,0.8711441666666667
220486,0.8798566666666667
220487,0.887765
220488,0.8920908333333333
220489,0.8946591666666667
220490,0.8961691666666667
220491,0.8971858333333333
220492,0.8976016666666666
220493,0.8963808333333333
220494,0.8993933333333334
220495,0.901295
220496,0.8995608333333334
220497,0.8958708333333334
220498,0.8919716666666667
220499,0.8860341666666667
220500,0.8802641666666666
220501,0.8734033333333333
220502,0.8624825
220503,0.8515966666666668
220504,0.8419291666666666
220505,0.8356983333333333
220506,0.8311616666666667
220507,0.8324666666666667
220508,0.8362149999999999
220509,0.8377683333333333
220510,0.8361933333333333
220511,0.8393466666666666
220512,0.846005
220513,0.8520833333333333
220514,0.8565525
220515,0.8525066666666667
220516,0.8479191666666668
220517,0.8455058333333334
220518,0.8384716666666666
220519,0.8255625000000001
220520,0.8118525000000001
220521,0.7961941666666665
220522,0.7779541666666667
220523,0.7567408333333333
220524,0.7415358333333333
220525,0.7380608333333334
220526,0.7295575000000001
220527,0.7194
220528,0.7074649999999999
220529,0.7005741666666666
220530,0.7030608333333334
220531,0.7062841666666666
220532,0.6863058333333334
220533,0.6693908333333334
220534,0.6581091666666666
220535,0.6448458333333332
220536,0.6283816666666667
220537,0.605245
220538,0.5911766666666668
220539,0.5659625
220540,0.5352091666666666
220541,0.5085958333333334
220542,0.479365
220543,0.4534775
220544,0.4172125
220545,0.3733875
220546,0.32765
220547,0.30667083333333334
220548,0.28663333333333335
220549,0.26657416666666667
220550,0.2504341666666667
220551,0.23863666666666666
220552,0.23026666666666665
220553,0.22457500000000002
220554,0.2282375
220555,0.230405
220556,0.2342208333333333
220557,0.24226666666666666
220558,0.23322
220559,0.23415083333333334
220560,0.24208
220561,0.25838916666666667
220562,0.2686658333333333
220563,0.27931833333333334
220564,0.2913716666666667
220565,0.3047833333333333
220566,0.3268091666666667
220567,0.3553908333333334
220568,0.37561999999999995
220569,0.39254999999999995
220570,0.40804916666666663
220571,0.4196908333333333
220572,0.43122666666666665
220573,0.45837
220574,0.4821558333333333
220575,0.505845
220576,0.5215466666666667
220577,0.5374466666666666
220578,0.5463816666666667
220579,0.5574741666666666
220580,0.5538525
220581,0.5298649999999999
220582,0.4993583333333333
220583,0.47006416666666667
220584,0.445575
220585,0.41962916666666666
220586,0.38776916666666666
220587,0.35316833333333336
220588,0.3206383333333333
220589,0.2857291666666667
220590,0.25404916666666666
220591,0.23202666666666666
220592,0.2173258333333333
220593,0.20874250000000003
220594,0.19769333333333333
220595,0.20626833333333333
220596,0.22559333333333334
220597,0.243685
220598,0.2588958333333333
220599,0.27121083333333335
220600,0.2769433333333334
220601,0.2881458333333333
220602,0.3035175
220603,0.31803416666666673
220604,0.3316733333333334
220605,0.34552083333333333
220606,0.34360166666666664
220607,0.3379175
220608,0.3320175
220609,0.3185775
220610,0.29559499999999994
220611,0.27587750000000005
220612,0.2559341666666667
220613,0.23758916666666668
220614,0.21697
220615,0.20875583333333336
220616,0.1994358333333333
220617,0.18771249999999998
220618,0.1814375
220619,0.18095583333333334
220620,0.17624833333333337
220621,0.18195083333333334
220622,0.2084891666666667
220623,0.24183749999999998
220624,0.28738083333333336
220625,0.3358083333333333
220626,0.3870166666666666
220627,0.43839749999999994
220628,0.4926075
220629,0.5496733333333332
220630,0.604035
220631,0.6592941666666667
220632,0.7134625
220633,0.7621308333333334
220634,0.8073150000000001
220635,0.8530541666666666
220636,0.8970216666666667
220637,0.9226833333333334
220638,0.9412300000000001
220639,0.9536908333333333
220640,0.9556749999999999
220641,0.9515349999999999
220642,0.9432416666666668
220643,0.9278908333333332
220644,0.9103308333333333
220645,0.8953725
220646,0.8699691666666667
220647,0.8316591666666667
220648,0.7991174999999999
220649,0.7796741666666666
220650,0.7513291666666667
220651,0.7197174999999999
220652,0.6974525
220653,0.6714175
220654,0.6483383333333333
220655,0.6300783333333334
220656,0.6108366666666668
220657,0.5950249999999999
220658,0.5810616666666667
220659,0.557795
220660,0.5238333333333334
220661,0.4954975
220662,0.47684000000000004
220663,0.45255166666666663
220664,0.4238391666666666
220665,0.40565
220666,0.3916375
220667,0.3613916666666667
220668,0.33735333333333334
220669,0.32472666666666666
220670,0.31947416666666667
220671,0.3157425
220672,0.31481583333333335
220673,0.31506249999999997
220674,0.322665
220675,0.3340741666666666
220676,0.34190499999999996
220677,0.3470391666666667
220678,0.34686750000000005
220679,0.3370433333333333
220680,0.33004916666666667
220681,0.3220825
220682,0.31771083333333333
220683,0.3191041666666667
220684,0.30977083333333333
220685,0.2921658333333334
220686,0.2741341666666667
220687,0.25436333333333333
220688,0.23618250000000002
220689,0.22278916666666668
220690,0.21227333333333334
220691,0.2105925
220692,0.21863333333333335
220693,0.23098833333333335
220694,0.24666583333333333
220695,0.25884583333333333
220696,0.2673166666666667
220697,0.28238583333333334
220698,0.2904233333333333
220699,0.3039475
220700,0.32218083333333336
220701,0.33137833333333333
220702,0.3507175
220703,0.3725966666666667
220704,0.3896375
220705,0.3930075
220706,0.39324583333333335
220707,0.3905033333333333
220708,0.39457499999999995
220709,0.396955
220710,0.39185083333333337
220711,0.398155
220712,0.39816750000000006
220713,0.4025725
220714,0.40391666666666665
220715,0.3950283333333333
220716,0.39489250000000004
220717,0.3834691666666667
220718,0.364275
220719,0.3471166666666667
220720,0.34581333333333336
220721,0.34964
220722,0.35905499999999996
220723,0.3606566666666667
220724,0.3590891666666666
220725,0.36423666666666665
220726,0.3603133333333333
220727,0.36425749999999996
220728,0.3499375
220729,0.333155
220730,0.3335183333333333
220731,0.3309783333333333
220732,0.3281791666666667
220733,0.3300675
220734,0.33623666666666663
220735,0.3405575
220736,0.3415641666666666
220737,0.33920333333333336
220738,0.34198833333333334
220739,0.35141916666666667
220740,0.3711975
220741,0.4024316666666667
220742,0.4337141666666667
220743,0.47718416666666663
220744,0.5173875
220745,0.5512241666666667
220746,0.5891208333333334
220747,0.6290933333333334
220748,0.6706741666666667
220749,0.7090374999999999
220750,0.727655
220751,0.7431958333333333
220752,0.7581524999999999
220753,0.7687708333333333
220754,0.7722716666666667
220755,0.76653
220756,0.7429141666666668
220757,0.7082858333333334
220758,0.6751158333333334
220759,0.6382883333333333
220760,0.5970458333333333
220761,0.5540366666666666
220762,0.5106941666666667
220763,0.4660508333333333
220764,0.42145083333333333
220765,0.39832083333333335
220766,0.3949191666666667
220767,0.38699916666666667
220768,0.3741091666666667
220769,0.36377
220770,0.3525991666666667
220771,0.34850166666666665
220772,0.3456266666666667
220773,0.34206416666666667
220774,0.3448283333333333
220775,0.35104500000000005
220776,0.36346749999999994
220777,0.37377333333333335
220778,0.3791125
220779,0.3784
220780,0.3765558333333333
220781,0.3556241666666667
220782,0.3449291666666667
220783,0.3521475
220784,0.35672000000000004
220785,0.35124583333333337
220786,0.3455066666666667
220787,0.3362591666666666
220788,0.32531166666666667
220789,0.30693000000000004
220790,0.2883658333333333
220791,0.2730358333333333
220792,0.2587275
220793,0.24627666666666667
220794,0.23974083333333335
220795,0.23249083333333334
220796,0.22939750000000003
220797,0.2270425
220798,0.22314583333333332
220799,0.2314716666666667
220800,0.2549033333333333
220801,0.26768916666666664
220802,0.2862808333333333
220803,0.29694666666666664
220804,0.3104783333333333
220805,0.3249241666666666
220806,0.32651916666666664
220807,0.33003666666666664
220808,0.3322825
220809,0.3273108333333334
220810,0.32182
220811,0.3157583333333333
220812,0.3026066666666667
220813,0.27731749999999994
220814,0.24232916666666665
220815,0.20010666666666665
220816,0.16880833333333334
220817,0.13931249999999998
220818,0.1209425
220819,0.10281166666666668
220820,0.08404333333333333
220821,0.07015249999999999
220822,0.054855
220823,0.04364416666666667
220824,0.038955
220825,0.03489166666666666
220826,0.03064583333333333
220827,0.025056666666666668
220828,0.020794166666666666
220829,0.016830833333333333
220830,0.014036666666666666
220831,0.0118125
220832,0.010496666666666666
220833,0.0082325
220834,0.007889166666666666
220835,0.007320833333333333
220836,0.007271666666666666
220837,0.008338333333333333
220838,0.009479999999999999
220839,0.010147499999999999
220840,0.0118625
220841,0.013625833333333334
220842,0.014514166666666667
220843,0.015908333333333333
220844,0.016364166666666666
220845,0.0168425
220846,0.01726583333333333
220847,0.01793916666666667
220848,0.0196
220849,0.02161
220850,0.025729166666666668
220851,0.029867499999999998
220852,0.035342500000000006
220853,0.04452333333333334
220854,0.059365
220855,0.07288583333333333
220856,0.08266333333333334
220857,0.09646500000000001
220858,0.11151333333333333
220859,0.129085
220860,0.14275666666666667
220861,0.1561616666666667
220862,0.1685241666666667
220863,0.182455
220864,0.20168666666666668
220865,0.217505
220866,0.23180666666666666
220867,0.24273583333333332
220868,0.24583666666666668
220869,0.2572583333333333
220870,0.2743058333333333
220871,0.2997125
220872,0.3193708333333333
220873,0.3384916666666667
220874,0.35545666666666664
220875,0.3765466666666667
220876,0.3981575
220877,0.4219075
220878,0.44103749999999997
220879,0.4573233333333333
220880,0.48349499999999995
220881,0.5134041666666667
220882,0.5438408333333334
220883,0.5808508333333333
220884,0.6110191666666667
220885,0.6363933333333333
220886,0.6578175
220887,0.6843675
220888,0.7125575000000001
220889,0.74254
220890,0.772495
220891,0.8024825
220892,0.8314974999999999
220893,0.8625508333333334
220894,0.8906558333333333
220895,0.9095366666666665
220896,0.9257783333333333
220897,0.9423841666666667
220898,0.9564616666666665
220899,0.9596025
220900,0.9600108333333334
220901,0.9515616666666666
220902,0.9421716666666666
220903,0.9292658333333333
220904,0.9142899999999999
220905,0.8875175
220906,0.8618258333333333
220907,0.8352799999999999
220908,0.8036925
220909,0.7697666666666667
220910,0.7306475
220911,0.6908425
220912,0.6397408333333333
220913,0.5826891666666667
220914,0.5291441666666666
220915,0.481385
220916,0.4391908333333333
220917,0.38939500000000005
220918,0.34078916666666664
220919,0.2926783333333333
220920,0.25775666666666663
220921,0.22251666666666664
220922,0.1879883333333333
220923,0.16070500000000001
220924,0.13214916666666668
220925,0.10914333333333334
220926,0.08848083333333333
220927,0.07904083333333335
220928,0.07670500000000001
220929,0.073325
220930,0.06657916666666666
220931,0.06449333333333333
220932,0.07225666666666666
220933,0.08252250000000001
220934,0.09734333333333334
220935,0.12890333333333331
220936,0.15441416666666666
220937,0.17870416666666664
220938,0.1918275
220939,0.2111991666666667
220940,0.22881666666666664
220941,0.24864916666666667
220942,0.25896416666666666
220943,0.2753408333333333
220944,0.29118333333333335
220945,0.3068883333333333
220946,0.32140916666666663
220947,0.33148583333333337
220948,0.33736416666666663
220949,0.34630500000000003
220950,0.3391133333333334
220951,0.3457225
220952,0.35384916666666666
220953,0.37477333333333335
220954,0.39057083333333337
220955,0.40408000000000005
220956,0.4160733333333333
220957,0.43999499999999997
220958,0.44573
220959,0.4620033333333333
220960,0.47711333333333333
220961,0.4986125
220962,0.5257416666666667
220963,0.5597208333333333
220964,0.5900575
220965,0.622885
220966,0.6474316666666666
220967,0.6714816666666666
220968,0.6909966666666667
220969,0.7130691666666666
220970,0.7377916666666667
220971,0.7593425
220972,0.7782566666666667
220973,0.8068908333333334
220974,0.8275508333333333
220975,0.83341
220976,0.8355475
220977,0.8352441666666667
220978,0.8328475
220979,0.8283375
220980,0.8200149999999999
220981,0.8101241666666666
220982,0.7992916666666667
220983,0.7865191666666667
220984,0.7633483333333333
220985,0.7452958333333333
220986,0.7293791666666667
220987,0.7192841666666666
220988,0.7117416666666666
220989,0.6956658333333332
220990,0.6962733333333334
220991,0.6963050000000001
220992,0.69721
220993,0.6903366666666667
220994,0.6886066666666667
220995,0.6865025
220996,0.6850175000000001
220997,0.6843175
220998,0.684395
220999,0.69355
221000,0.70026
221001,0.7046633333333332
221002,0.7077516666666667
221003,0.7106533333333334
221004,0.7216466666666667
221005,0.7326425
221006,0.7415491666666666
221007,0.7465666666666667
221008,0.7499958333333333
221009,0.7433891666666667
221010,0.7371283333333334
221011,0.7261791666666667
221012,0.7145641666666667
221013,0.716495
221014,0.7192433333333333
221015,0.7191766666666667
221016,0.7191183333333334
221017,0.7154541666666667
221018,0.7069208333333333
221019,0.7018166666666665
221020,0.6977608333333334
221021,0.6935866666666666
221022,0.6936924999999999
221023,0.7022208333333334
221024,0.7163625000000001
221025,0.7270491666666666
221026,0.7438199999999999
221027,0.7630191666666667
221028,0.7723783333333334
221029,0.7854683333333334
221030,0.8000266666666666
221031,0.8161433333333333
221032,0.83371
221033,0.8551758333333334
221034,0.8741158333333333
221035,0.8904841666666667
221036,0.9068558333333333
221037,0.9189383333333333
221038,0.9262641666666666
221039,0.9299666666666667
221040,0.9366016666666667
221041,0.9368966666666666
221042,0.9342941666666665
221043,0.9256025
221044,0.9095991666666666
221045,0.8833875
221046,0.8571483333333333
221047,0.8265125
221048,0.7871349999999999
221049,0.7469916666666666
221050,0.7071141666666666
221051,0.6620791666666667
221052,0.61194
221053,0.5645758333333333
221054,0.5282800000000001
221055,0.49722750000000004
221056,0.4686291666666667
221057,0.4410475
221058,0.41744416666666667
221059,0.3936633333333333
221060,0.38038
221061,0.36797416666666666
221062,0.3583766666666666
221063,0.36665416666666667
221064,0.37694999999999995
221065,0.38787
221066,0.3991975
221067,0.4203458333333333
221068,0.43881166666666666
221069,0.44587000000000004
221070,0.4487816666666666
221071,0.45994166666666664
221072,0.47239416666666667
221073,0.483585
221074,0.4999791666666667
221075,0.518145
221076,0.5345858333333333
221077,0.5543075000000001
221078,0.5658966666666667
221079,0.574295
221080,0.5808575
221081,0.5966008333333334
221082,0.6095558333333333
221083,0.6266066666666668
221084,0.6437591666666667
221085,0.6571716666666667
221086,0.6624733333333334
221087,0.6700108333333332
221088,0.6797725000000001
221089,0.6894591666666667
221090,0.6771433333333333
221091,0.66155
221092,0.6309816666666667
221093,0.6019691666666667
221094,0.5742766666666667
221095,0.5448183333333334
221096,0.5108291666666667
221097,0.47166333333333327
221098,0.4285241666666667
221099,0.3904533333333333
221100,0.3619075
221101,0.33555666666666667
221102,0.31027
221103,0.286895
221104,0.26614666666666664
221105,0.263935
221106,0.267015
221107,0.28434416666666673
221108,0.30212999999999995
221109,0.3224916666666667
221110,0.34508666666666665
221111,0.36104583333333334
221112,0.36850583333333337
221113,0.3787091666666667
221114,0.38519333333333333
221115,0.38638416666666664
221116,0.3873866666666667
221117,0.3806616666666667
221118,0.37064166666666665
221119,0.36693166666666666
221120,0.36581583333333334
221121,0.3635041666666667
221122,0.3651466666666667
221123,0.3597966666666667
221124,0.35009583333333333
221125,0.3571991666666667
221126,0.3658058333333333
221127,0.37372666666666665
221128,0.38240416666666666
221129,0.4033125
221130,0.42109
221131,0.442145
221132,0.4762583333333333
221133,0.513335
221134,0.5434633333333333
221135,0.5745116666666666
221136,0.6011633333333334
221137,0.60326
221138,0.604225
221139,0.6132816666666667
221140,0.6060599999999999
221141,0.6060891666666667
221142,0.61952
221143,0.63242
221144,0.6386425
221145,0.6453924999999999
221146,0.6502808333333334
221147,0.6449575
221148,0.6321508333333333
221149,0.6168366666666666
221150,0.6029441666666667
221151,0.5884199999999999
221152,0.5901216666666667
221153,0.5976525
221154,0.6030308333333333
221155,0.6047741666666667
221156,0.6047941666666666
221157,0.6098025
221158,0.6191608333333334
221159,0.6242958333333334
221160,0.6288883333333334
221161,0.6271216666666667
221162,0.6262716666666667
221163,0.6324591666666667
221164,0.6363091666666667
221165,0.6344508333333334
221166,0.6387125
221167,0.6462291666666666
221168,0.6534416666666668
221169,0.6575400000000001
221170,0.6720066666666666
221171,0.6873733333333334
221172,0.6938425
221173,0.6904450000000001
221174,0.6856433333333333
221175,0.684355
221176,0.6843466666666667
221177,0.6859133333333334
221178,0.6876016666666668
221179,0.6893216666666667
221180,0.69433
221181,0.6952833333333334
221182,0.6977675
221183,0.7016108333333333
221184,0.7062533333333333
221185,0.7032691666666667
221186,0.6918783333333333
221187,0.6847416666666668
221188,0.6814033333333334
221189,0.6798850000000001
221190,0.6702533333333334
221191,0.662105
221192,0.6523374999999999
221193,0.6379791666666667
221194,0.6394841666666665
221195,0.6355308333333334
221196,0.6320933333333334
221197,0.61881
221198,0.6009966666666667
221199,0.5820508333333333
221200,0.5623466666666666
221201,0.5477791666666666
221202,0.5259383333333333
221203,0.4991791666666667
221204,0.4687808333333333
221205,0.44061416666666664
221206,0.41821250000000004
221207,0.3917308333333333
221208,0.36773
221209,0.3308216666666667
221210,0.3070675
221211,0.2844758333333333
221212,0.2807825
221213,0.2835741666666667
221214,0.2854683333333333
221215,0.29227333333333333
221216,0.3037691666666667
221217,0.3200225
221218,0.3418991666666667
221219,0.36683916666666666
221220,0.3789191666666667
221221,0.3898216666666666
221222,0.40264333333333335
221223,0.41593833333333335
221224,0.4334525000000001
221225,0.4426458333333334
221226,0.446455
221227,0.4495341666666667
221228,0.45998083333333334
221229,0.475855
221230,0.4846075
221231,0.49095249999999996
221232,0.4961466666666667
221233,0.5022591666666667
221234,0.5083108333333334
221235,0.5158733333333333
221236,0.5173916666666667
221237,0.5255125
221238,0.5320133333333333
221239,0.5303616666666666
221240,0.5240966666666667
221241,0.5228308333333334
221242,0.5079108333333333
221243,0.47941833333333334
221244,0.45080416666666673
221245,0.42258666666666667
221246,0.3922766666666666
221247,0.3659283333333333
221248,0.33859833333333333
221249,0.3094808333333333
221250,0.2967325
221251,0.2889041666666667
221252,0.27769083333333333
221253,0.2689333333333333
221254,0.26420083333333333
221255,0.26521416666666664
221256,0.2685725
221257,0.2749533333333333
221258,0.279575
221259,0.27676
221260,0.2755891666666666
221261,0.278665
221262,0.28027166666666664
221263,0.2812366666666667
221264,0.28241333333333335
221265,0.28299083333333336
221266,0.2889775
221267,0.2945691666666666
221268,0.2988383333333334
221269,0.30112583333333337
221270,0.30391749999999995
221271,0.30371
221272,0.3016666666666667
221273,0.3027033333333333
221274,0.3044066666666667
221275,0.30506916666666667
221276,0.3000791666666667
221277,0.29224500000000003
221278,0.2839133333333333
221279,0.27548
221280,0.262135
221281,0.2427625
221282,0.22349499999999997
221283,0.20484750000000002
221284,0.18656666666666666
221285,0.17274916666666668
221286,0.15916
221287,0.14547833333333332
221288,0.136225
221289,0.13842083333333335
221290,0.14415999999999998
221291,0.15544166666666664
221292,0.17177666666666666
221293,0.190205
221294,0.21104
221295,0.23816583333333335
221296,0.26075583333333335
221297,0.2825616666666667
221298,0.30241416666666665
221299,0.32002416666666667
221300,0.33006583333333334
221301,0.3416866666666667
221302,0.35340666666666665
221303,0.3591958333333333
221304,0.35388083333333337
221305,0.34845
221306,0.3465825
221307,0.338475
221308,0.3249525
221309,0.31396166666666664
221310,0.2919933333333333
221311,0.27447916666666666
221312,0.2536075
221313,0.23441499999999998
221314,0.21759833333333337
221315,0.20019416666666665
221316,0.18233083333333333
221317,0.16392
221318,0.14819666666666667
221319,0.13296
221320,0.11757833333333334
221321,0.09560333333333333
221322,0.08024250000000001
221323,0.07368583333333333
221324,0.06586666666666667
221325,0.0684125
221326,0.06395666666666668
221327,0.06412916666666667
221328,0.06317166666666667
221329,0.0633825
221330,0.06952416666666666
221331,0.07882916666666667
221332,0.09040666666666666
221333,0.10175833333333334
221334,0.11633833333333334
221335,0.13714
221336,0.16695916666666666
221337,0.19374333333333335
221338,0.21704583333333333
221339,0.24142416666666666
221340,0.25719666666666663
221341,0.27550833333333336
221342,0.2893483333333334
221343,0.300995
221344,0.3113008333333333
221345,0.3161091666666666
221346,0.31763083333333336
221347,0.326245
221348,0.34896916666666666
221349,0.36615749999999997
221350,0.3816216666666667
221351,0.3934825
221352,0.4070508333333333
221353,0.42252083333333335
221354,0.4408033333333333
221355,0.4668958333333333
221356,0.4929875
221357,0.5251425
221358,0.5587125000000001
221359,0.5932375000000001
221360,0.6287474999999999
221361,0.6638275
221362,0.69117
221363,0.70748
221364,0.7304308333333333
221365,0.7464416666666668
221366,0.7566575
221367,0.7600341666666668
221368,0.7631733333333333
221369,0.7598283333333332
221370,0.7594999999999998
221371,0.76006
221372,0.7574416666666667
221373,0.7573674999999999
221374,0.7575974999999999
221375,0.7574916666666667
221376,0.7639675
221377,0.7677183333333333
221378,0.7701241666666667
221379,0.7675391666666667
221380,0.7630033333333334
221381,0.7655274999999999
221382,0.7700558333333333
221383,0.7721441666666667
221384,0.77645
221385,0.7663558333333333
221386,0.7557891666666666
221387,0.7435466666666667
221388,0.7313391666666667
221389,0.7179383333333332
221390,0.7048608333333333
221391,0.693105
221392,0.6778741666666668
221393,0.6587433333333333
221394,0.6414116666666667
221395,0.6218758333333333
221396,0.5912216666666666
221397,0.5735333333333335
221398,0.554745
221399,0.5300466666666667
221400,0.5179358333333334
221401,0.5283858333333333
221402,0.5355933333333333
221403,0.533605
221404,0.5295033333333333
221405,0.5230558333333334
221406,0.5036708333333333
221407,0.4841283333333334
221408,0.46298249999999996
221409,0.439005
221410,0.4207725
221411,0.4071908333333333
221412,0.3824208333333334
221413,0.35518916666666667
221414,0.32890583333333334
221415,0.30015166666666665
221416,0.2542483333333333
221417,0.2131333333333333
221418,0.18380000000000002
221419,0.1537525
221420,0.12482833333333333
221421,0.10178749999999999
221422,0.084255
221423,0.07053083333333333
221424,0.05927416666666667
221425,0.04905416666666666
221426,0.038865833333333336
221427,0.030379166666666665
221428,0.025076666666666667
221429,0.02313833333333333
221430,0.02185666666666667
221431,0.019859166666666664
221432,0.018470833333333332
221433,0.014640000000000002
221434,0.013675833333333333
221435,0.01517
221436,0.017153333333333336
221437,0.019374166666666668
221438,0.023190833333333334
221439,0.027995833333333334
221440,0.03641083333333333
221441,0.05099
221442,0.05983666666666666
221443,0.0863625
221444,0.10699833333333333
221445,0.1233825
221446,0.14134249999999998
221447,0.16098166666666666
221448,0.1751791666666667
221449,0.19762583333333333
221450,0.2250375
221451,0.24812416666666665
221452,0.278655
221453,0.30247583333333333
221454,0.3293833333333333
221455,0.35590083333333333
221456,0.3770516666666667
221457,0.40492249999999996
221458,0.4214291666666667
221459,0.44187333333333334
221460,0.4601716666666667
221461,0.4672308333333334
221462,0.47298083333333335
221463,0.47990333333333335
221464,0.48088000000000003
221465,0.47598916666666663
221466,0.4785858333333333
221467,0.4733008333333333
221468,0.46126999999999996
221469,0.45400583333333333
221470,0.4343175
221471,0.4144408333333333
221472,0.38979416666666666
221473,0.35788083333333337
221474,0.32825249999999995
221475,0.3047608333333333
221476,0.2889216666666667
221477,0.27086
221478,0.25728833333333334
221479,0.24397833333333332
221480,0.23263583333333335
221481,0.21429499999999999
221482,0.1964775
221483,0.19331500000000001
221484,0.18476250000000002
221485,0.19241499999999997
221486,0.195765
221487,0.20831750000000002
221488,0.22068166666666666
221489,0.23104583333333334
221490,0.23835333333333333
221491,0.24787333333333333
221492,0.26017666666666667
221493,0.2705433333333333
221494,0.27640750000000003
221495,0.2900783333333333
221496,0.3078508333333333
221497,0.3273525
221498,0.34042833333333333
221499,0.34796666666666665
221500,0.35314333333333336
221501,0.3630316666666667
221502,0.37440333333333337
221503,0.393415
221504,0.41697500000000004
221505,0.45603
221506,0.49637499999999996
221507,0.5354866666666668
221508,0.5762133333333334
221509,0.6199841666666667
221510,0.6529174999999999
221511,0.6822816666666667
221512,0.7114483333333333
221513,0.7452066666666666
221514,0.7816275000000001
221515,0.8114991666666668
221516,0.8416066666666667
221517,0.8656491666666667
221518,0.8827625
221519,0.89543
221520,0.8910816666666667
221521,0.8822041666666667
221522,0.8817766666666668
221523,0.8739483333333333
221524,0.8596875
221525,0.8405391666666666
221526,0.8242291666666667
221527,0.8045991666666666
221528,0.7826258333333335
221529,0.758665
221530,0.729275
221531,0.7018758333333334
221532,0.6695516666666668
221533,0.6470416666666666
221534,0.6267566666666667
221535,0.6117091666666666
221536,0.5980608333333333
221537,0.5816691666666666
221538,0.5717958333333333
221539,0.5728691666666667
221540,0.576385
221541,0.5956216666666667
221542,0.6171908333333334
221543,0.6428550000000001
221544,0.670035
221545,0.7057208333333332
221546,0.738275
221547,0.7681574999999999
221548,0.7901208333333333
221549,0.8072908333333333
221550,0.8238375
221551,0.8437983333333333
221552,0.8553958333333332
221553,0.8639158333333333
221554,0.8671291666666666
221555,0.875805
221556,0.8655033333333333
221557,0.8479516666666667
221558,0.8193991666666667
221559,0.7867516666666667
221560,0.7433891666666668
221561,0.702575
221562,0.6668841666666666
221563,0.6244908333333333
221564,0.5816041666666667
221565,0.5360783333333333
221566,0.48560416666666667
221567,0.43759000000000003
221568,0.3933125
221569,0.35752999999999996
221570,0.32110333333333335
221571,0.28654583333333333
221572,0.2770216666666666
221573,0.2853616666666667
221574,0.293295
221575,0.30582500000000007
221576,0.31975000000000003
221577,0.33622916666666663
221578,0.36227249999999994
221579,0.39607000000000003
221580,0.4361425
221581,0.480575
221582,0.5222716666666667
221583,0.5649266666666667
221584,0.60288
221585,0.6217433333333333
221586,0.6330858333333335
221587,0.6221224999999999
221588,0.5961583333333333
221589,0.5721933333333333
221590,0.5592400000000001
221591,0.5417991666666667
221592,0.5239833333333334
221593,0.5129175
221594,0.501325
221595,0.49361416666666663
221596,0.4818733333333333
221597,0.47814249999999997
221598,0.47494416666666667
221599,0.47007750000000004
221600,0.4842608333333333
221601,0.5075291666666667
221602,0.5290958333333333
221603,0.5580591666666667
221604,0.59215
221605,0.6233299999999999
221606,0.6564916666666666
221607,0.6912041666666667
221608,0.7125983333333333
221609,0.7310183333333333
221610,0.7439549999999999
221611,0.7578341666666667
221612,0.7675658333333334
221613,0.7740083333333333
221614,0.7799433333333334
221615,0.7848400000000001
221616,0.79129
221617,0.8031833333333334
221618,0.8016058333333334
221619,0.7961633333333334
221620,0.7871891666666666
221621,0.7741466666666666
221622,0.7597766666666667
221623,0.7455458333333334
221624,0.7303841666666667
221625,0.7127216666666667
221626,0.6968633333333333
221627,0.68045
221628,0.6635908333333335
221629,0.6443408333333333
221630,0.6281658333333333
221631,0.6117591666666667
221632,0.5988366666666667
221633,0.5952474999999999
221634,0.5918791666666666
221635,0.5888916666666667
221636,0.5921191666666666
221637,0.5910616666666667
221638,0.5934825
221639,0.5965474999999999
221640,0.5894616666666667
221641,0.5789216666666667
221642,0.56561
221643,0.5561183333333334
221644,0.5416991666666667
221645,0.5228808333333334
221646,0.49833083333333333
221647,0.4699183333333333
221648,0.4502408333333333
221649,0.43307
221650,0.41549583333333334
221651,0.3976941666666667
221652,0.384625
221653,0.3741325
221654,0.36557083333333334
221655,0.37133416666666663
221656,0.3807241666666667
221657,0.38707416666666666
221658,0.38685916666666664
221659,0.39424583333333335
221660,0.4027991666666667
221661,0.4165908333333333
221662,0.431955
221663,0.4410433333333333
221664,0.4467125
221665,0.45633999999999997
221666,0.4631191666666667
221667,0.47591750000000005
221668,0.4794825
221669,0.4886208333333333
221670,0.4844891666666667
221671,0.4786233333333333
221672,0.4765216666666667
221673,0.4771466666666667
221674,0.4739291666666667
221675,0.46786916666666667
221676,0.4562658333333333
221677,0.44216833333333333
221678,0.4405233333333333
221679,0.44346166666666664
221680,0.4407891666666667
221681,0.43560499999999996
221682,0.4267575
221683,0.4059225
221684,0.37504000000000004
221685,0.3566066666666667
221686,0.34132583333333333
221687,0.32832500000000003
221688,0.31661416666666664
221689,0.32214166666666666
221690,0.3313341666666666
221691,0.3437158333333334
221692,0.36215416666666667
221693,0.3683825
221694,0.3777025
221695,0.3880541666666667
221696,0.39964750000000004
221697,0.40882416666666666
221698,0.4286225
221699,0.45304500000000003
221700,0.47051583333333336
221701,0.4779291666666666
221702,0.4803608333333333
221703,0.5086158333333334
221704,0.5229583333333333
221705,0.5378483333333334
221706,0.5601108333333333
221707,0.5777783333333333
221708,0.5969908333333332
221709,0.6060208333333333
221710,0.6148666666666666
221711,0.6253766666666666
221712,0.6376591666666667
221713,0.659705
221714,0.6815608333333334
221715,0.70742
221716,0.7418375
221717,0.7795683333333333
221718,0.7909283333333333
221719,0.8039691666666666
221720,0.8184666666666666
221721,0.8282991666666667
221722,0.8387608333333334
221723,0.8480033333333333
221724,0.8621316666666666
221725,0.8776875000000001
221726,0.8916808333333334
221727,0.9032008333333333
221728,0.9121558333333334
221729,0.9188233333333334
221730,0.9251324999999999
221731,0.9311575
221732,0.9388741666666667
221733,0.947595
221734,0.9536158333333333
221735,0.9572758333333334
221736,0.9597800000000001
221737,0.9621208333333333
221738,0.963835
221739,0.9647666666666667
221740,0.9656283333333333
221741,0.9666225
221742,0.9670408333333333
221743,0.9672041666666666
221744,0.9676575
221745,0.9643783333333334
221746,0.9592741666666667
221747,0.9526566666666666
221748,0.9422225
221749,0.9245275000000001
221750,0.9098841666666666
221751,0.8897375
221752,0.8665933333333334
221753,0.8388258333333334
221754,0.8092866666666666
221755,0.7768733333333333
221756,0.7464958333333332
221757,0.71397
221758,0.6859816666666667
221759,0.65959
221760,0.635245
221761,0.6154908333333334
221762,0.5977150000000001
221763,0.5872316666666666
221764,0.593845
221765,0.5977791666666668
221766,0.6066900000000001
221767,0.6196491666666667
221768,0.63695
221769,0.66024
221770,0.6917291666666666
221771,0.7217775
221772,0.7543708333333333
221773,0.7819941666666667
221774,0.80889
221775,0.8379383333333333
221776,0.8645433333333333
221777,0.8899883333333333
221778,0.9116783333333334
221779,0.9234425
221780,0.9344808333333333
221781,0.9457025
221782,0.9559758333333332
221783,0.9665283333333333
221784,0.9731633333333334
221785,0.9750516666666668
221786,0.9767275000000001
221787,0.9782158333333334
221788,0.979985
221789,0.9814633333333334
221790,0.9831350000000001
221791,0.9845016666666666
221792,0.9857258333333334
221793,0.9870741666666666
221794,0.9882083333333332
221795,0.9822991666666667
221796,0.9756766666666666
221797,0.9662999999999999
221798,0.9526708333333332
221799,0.92733
221800,0.8987850000000001
221801,0.8687066666666666
221802,0.8166625
221803,0.7638675
221804,0.7302766666666667
221805,0.6937416666666666
221806,0.6348291666666667
221807,0.5829033333333332
221808,0.5356491666666667
221809,0.4942558333333334
221810,0.4545425
221811,0.4164258333333334
221812,0.37308083333333336
221813,0.32977333333333336
221814,0.2977683333333333
221815,0.2665241666666666
221816,0.2376825
221817,0.22912083333333336
221818,0.221735
221819,0.19559416666666665
221820,0.19254166666666667
221821,0.21548416666666667
221822,0.22610166666666665
221823,0.23459416666666666
221824,0.23535416666666667
221825,0.23637083333333334
221826,0.23953083333333333
221827,0.246735
221828,0.2575525
221829,0.2693983333333333
221830,0.2821941666666667
221831,0.29125833333333334
221832,0.30579083333333335
221833,0.31436333333333333
221834,0.3238333333333333
221835,0.3157433333333334
221836,0.3063833333333334
221837,0.302085
221838,0.292605
221839,0.28463
221840,0.2825075
221841,0.27538250000000003
221842,0.2702666666666667
221843,0.2658783333333333
221844,0.2612875
221845,0.25143333333333334
221846,0.23887333333333333
221847,0.22244916666666667
221848,0.2149166666666667
221849,0.20710416666666667
221850,0.1971466666666667
221851,0.18615916666666668
221852,0.1752091666666667
221853,0.16576083333333333
221854,0.1556258333333333
221855,0.14528666666666668
221856,0.13535083333333334
221857,0.12808583333333332
221858,0.12436749999999999
221859,0.12291833333333332
221860,0.1271375
221861,0.1388175
221862,0.1535925
221863,0.16744666666666666
221864,0.18448166666666665
221865,0.19901166666666667
221866,0.2116175
221867,0.22426000000000001
221868,0.2382258333333333
221869,0.25236333333333333
221870,0.26226499999999997
221871,0.27480916666666666
221872,0.2886658333333333
221873,0.2900908333333333
221874,0.2817108333333333
221875,0.2745533333333333
221876,0.2641475
221877,0.2534341666666667
221878,0.24286
221879,0.2279625
221880,0.21215416666666664
221881,0.1977525
221882,0.18247666666666665
221883,0.16774166666666668
221884,0.15395499999999998
221885,0.14848583333333334
221886,0.14446666666666666
221887,0.131555
221888,0.12576416666666668
221889,0.1391075
221890,0.15775750000000002
221891,0.1796
221892,0.19883833333333334
221893,0.21888333333333335
221894,0.237375
221895,0.2582483333333333
221896,0.27776083333333335
221897,0.3096666666666667
221898,0.3448725
221899,0.3847475000000001
221900,0.4198433333333334
221901,0.4487641666666667
221902,0.4811575
221903,0.5195633333333334
221904,0.5451341666666667
221905,0.5644366666666667
221906,0.5839608333333334
221907,0.6033391666666666
221908,0.6198116666666666
221909,0.6366766666666666
221910,0.6549058333333334
221911,0.6707
221912,0.677965
221913,0.6675650000000001
221914,0.6525216666666667
221915,0.63568
221916,0.6263091666666667
221917,0.6218541666666667
221918,0.6140766666666667
221919,0.6032375
221920,0.5907566666666667
221921,0.5760308333333334
221922,0.5645783333333334
221923,0.5502508333333334
221924,0.5389566666666668
221925,0.5305908333333333
221926,0.5235
221927,0.5147025000000001
221928,0.5234341666666666
221929,0.5377841666666666
221930,0.5557058333333333
221931,0.5746808333333334
221932,0.5947208333333334
221933,0.6130491666666668
221934,0.6284500000000001
221935,0.6375691666666667
221936,0.6386733333333333
221937,0.6334983333333334
221938,0.6277908333333334
221939,0.6189
221940,0.6033000000000001
221941,0.5808316666666666
221942,0.5592591666666668
221943,0.5309158333333334
221944,0.4917108333333333
221945,0.44967500000000005
221946,0.4068983333333333
221947,0.368165
221948,0.3289466666666667
221949,0.29927166666666666
221950,0.27193666666666666
221951,0.24988
221952,0.22657833333333333
221953,0.20502
221954,0.18441583333333333
221955,0.16664416666666665
221956,0.15737666666666666
221957,0.14659916666666667
221958,0.140855
221959,0.14139249999999998
221960,0.14735833333333334
221961,0.14713166666666666
221962,0.13171833333333333
221963,0.11807583333333334
221964,0.1006925
221965,0.0890575
221966,0.0798525
221967,0.0743575
221968,0.06983333333333333
221969,0.06520416666666666
221970,0.060651666666666666
221971,0.056017500000000005
221972,0.054447321428571435
221973,0.050140384615384614
221974,0.043743750000000005
221975,0.030511363636363642
221976,0.017896250000000002
221977,0.01654305555555556
221978,0.013515625000000003
221979,0.51425625
221980,0.5292611111111111
221981,0.5342325
221982,0.5487181818181818
221983,0.5631833333333334
221984,0.5736288461538461
221985,0.5898535714285715
221986,0.6055191666666667
221987,0.6545991666666667
221988,0.7009891666666666
221989,0.7158658333333334
221990,0.7372241666666668
221991,0.7590816666666667
221992,0.7791291666666668
221993,0.8015058333333334
221994,0.824085
221995,0.8446583333333333
221996,0.8703474999999999
221997,0.8887458333333333
221998,0.9052608333333333
221999,0.9232366666666667
222000,0.9348433333333334
222001,0.9444766666666666
222002,0.9518775
222003,0.9571875000000001
222004,0.9613258333333333
222005,0.9633783333333333
222006,0.9651091666666667
222007,0.9674983333333333
222008,0.9693958333333333
222009,0.9711341666666667
222010,0.9729066666666667
222011,0.9743999999999999
222012,0.975565
222013,0.9766733333333334
222014,0.9778241666666666
222015,0.9782758333333333
222016,0.9792216666666668
222017,0.9802808333333334
222018,0.9807699999999999
222019,0.98075
222020,0.9796033333333334
222021,0.9780566666666667
222022,0.9740424999999999
222023,0.9691316666666666
222024,0.9639658333333333
222025,0.9574149999999999
222026,0.9520391666666667
222027,0.9465683333333333
222028,0.9409225
222029,0.9297941666666667
222030,0.9140158333333334
222031,0.8950208333333334
222032,0.8800216666666666
222033,0.8618483333333333
222034,0.8422433333333335
222035,0.8333925000000001
222036,0.8223625000000001
222037,0.8133766666666666
222038,0.8084558333333334
222039,0.8032958333333333
222040,0.8001191666666667
222041,0.7952808333333333
222042,0.7912041666666666
222043,0.7882283333333333
222044,0.7893216666666667
222045,0.794425
222046,0.8024141666666667
222047,0.8072033333333334
222048,0.8153691666666667
222049,0.8269225
222050,0.8313550000000001
222051,0.8389058333333334
222052,0.8449716666666667
222053,0.8470475000000001
222054,0.8476858333333334
222055,0.8445841666666667
222056,0.8416991666666667
222057,0.8320741666666667
222058,0.8148025
222059,0.8060825000000001
222060,0.76427
222061,0.719875
222062,0.6691775
222063,0.6183041666666667
222064,0.5657883333333333
222065,0.5101458333333333
222066,0.453425
222067,0.3968025
222068,0.34196583333333336
222069,0.2892883333333333
222070,0.24026416666666667
222071,0.1905775
222072,0.14666083333333332
222073,0.11007916666666667
222074,0.06473500000000001
222075,0.05318750000000001
222076,0.044784166666666674
222077,0.04069583333333335
222078,0.0371775
222079,0.033989166666666674
222080,0.03321833333333334
222081,0.034398333333333336
222082,0.04013583333333334
222083,0.045192500000000004
222084,0.05699583333333334
222085,0.0877025
222086,0.12472916666666668
222087,0.16439166666666666
222088,0.2019175
222089,0.23802416666666665
222090,0.26964916666666666
222091,0.3031308333333333
222092,0.33995416666666667
222093,0.3784116666666667
222094,0.4187383333333334
222095,0.45819916666666666
222096,0.49438666666666664
222097,0.5247791666666667
222098,0.5559758333333333
222099,0.5769766666666667
222100,0.5772391666666666
222101,0.5718683333333333
222102,0.5656183333333333
222103,0.5671391666666667
222104,0.5758033333333333
222105,0.5860974999999999
222106,0.5947525
222107,0.6005524999999999
222108,0.6079191666666667
222109,0.6133175000000001
222110,0.6153166666666666
222111,0.6174125
222112,0.6202283333333334
222113,0.6176808333333333
222114,0.6084700000000001
222115,0.5995716666666666
222116,0.5872266666666667
222117,0.5681716666666666
222118,0.5415075
222119,0.5084008333333333
222120,0.48006166666666666
222121,0.45635333333333333
222122,0.43495416666666664
222123,0.4085216666666666
222124,0.38488749999999994
222125,0.35719
222126,0.33083666666666667
222127,0.31461416666666664
222128,0.29810000000000003
222129,0.2876458333333333
222130,0.27727416666666665
222131,0.27315
222132,0.2771708333333333
222133,0.28262
222134,0.2907725
222135,0.29534333333333335
222136,0.295345
222137,0.2929233333333333
222138,0.29177166666666665
222139,0.2849675
222140,0.2906083333333333
222141,0.29801250000000007
222142,0.29652249999999997
222143,0.2959158333333333
222144,0.29825583333333333
222145,0.29741249999999997
222146,0.2941125
222147,0.2855683333333333
222148,0.275565
222149,0.26491750000000003
222150,0.2554458333333333
222151,0.2430875
222152,0.23579416666666664
222153,0.22973166666666664
222154,0.22678083333333332
222155,0.22008833333333333
222156,0.21338833333333335
222157,0.20303333333333332
222158,0.20054
222159,0.1946941666666667
222160,0.19667333333333334
222161,0.19742166666666666
222162,0.19968666666666665
222163,0.20491333333333334
222164,0.21716416666666666
222165,0.23338916666666665
222166,0.25533416666666664
222167,0.26904000000000006
222168,0.286805
222169,0.30747583333333334
222170,0.32792583333333336
222171,0.34884916666666665
222172,0.3667958333333334
222173,0.37839833333333334
222174,0.3923500000000001
222175,0.40553666666666666
222176,0.42203833333333335
222177,0.4381758333333333
222178,0.45837833333333333
222179,0.4752466666666667
222180,0.4928941666666667
222181,0.5055733333333333
222182,0.5205425
222183,0.5314841666666666
222184,0.5346608333333334
222185,0.5453233333333334
222186,0.5513925000000001
222187,0.5689883333333333
222188,0.5902766666666667
222189,0.6085308333333334
222190,0.6236750000000001
222191,0.6355591666666667
222192,0.6403333333333332
222193,0.6337716666666666
222194,0.6231741666666666
222195,0.608965
222196,0.589215
222197,0.5702658333333334
222198,0.5469391666666666
222199,0.5283858333333333
222200,0.4986133333333333
222201,0.4800908333333333
222202,0.45653583333333336
222203,0.4279266666666667
222204,0.40648666666666666
222205,0.3913675
222206,0.37174499999999994
222207,0.3667825
222208,0.36890833333333334
222209,0.37073249999999996
222210,0.37869416666666667
222211,0.3904341666666667
222212,0.40785166666666667
222213,0.43062083333333334
222214,0.45245833333333335
222215,0.46649083333333335
222216,0.47425916666666673
222217,0.4808558333333333
222218,0.49001666666666666
222219,0.4987508333333333
222220,0.5034783333333334
222221,0.512525
222222,0.5130883333333334
222223,0.508895
222224,0.5050208333333334
222225,0.4906625
222226,0.4757016666666667
222227,0.45543249999999996
222228,0.43736749999999996
222229,0.42273083333333333
222230,0.42221333333333333
222231,0.42230416666666665
222232,0.4260025
222233,0.43075416666666666
222234,0.43629666666666667
222235,0.43520416666666667
222236,0.43258916666666664
222237,0.4300058333333333
222238,0.43612750000000006
222239,0.44568
222240,0.45386916666666666
222241,0.46684333333333333
222242,0.483005
222243,0.4955216666666667
222244,0.5036941666666667
222245,0.508605
222246,0.5036025
222247,0.49637499999999996
222248,0.4898891666666667
222249,0.4872616666666667
222250,0.4975133333333333
222251,0.5103658333333333
222252,0.5227841666666667
222253,0.5323991666666666
222254,0.5405666666666666
222255,0.55371
222256,0.5703075
222257,0.5867308333333333
222258,0.6014366666666666
222259,0.6195575000000001
222260,0.6344733333333334
222261,0.6536758333333333
222262,0.6747
222263,0.6899466666666666
222264,0.6953208333333333
222265,0.6945275
222266,0.6937141666666666
222267,0.6978308333333333
222268,0.6993525
222269,0.6988991666666666
222270,0.6964433333333333
222271,0.6875558333333333
222272,0.6656583333333334
222273,0.6361933333333333
222274,0.604725
222275,0.5729366666666666
222276,0.5413241666666667
222277,0.5076975
222278,0.4771208333333333
222279,0.44848
222280,0.41457583333333337
222281,0.38273416666666665
222282,0.350775
222283,0.33522250000000003
222284,0.3183866666666667
222285,0.30311083333333333
222286,0.2887316666666667
222287,0.28709666666666667
222288,0.2934
222289,0.29927499999999996
222290,0.30753916666666664
222291,0.32285083333333336
222292,0.34175416666666664
222293,0.3654633333333333
222294,0.39239416666666666
222295,0.4209316666666666
222296,0.4491833333333333
222297,0.47474333333333335
222298,0.4883775
222299,0.5046066666666666
222300,0.5203141666666666
222301,0.5393708333333332
222302,0.5561741666666666
222303,0.5696666666666667
222304,0.5834966666666668
222305,0.5990916666666666
222306,0.6049733333333334
222307,0.607035
222308,0.5915183333333334
222309,0.5736766666666668
222310,0.5551283333333333
222311,0.5369174999999999
222312,0.5212725
222313,0.5000525
222314,0.47952
222315,0.46169499999999997
222316,0.44175
222317,0.4185566666666667
222318,0.4020866666666667
222319,0.3856983333333333
222320,0.36655916666666666
222321,0.35059333333333337
222322,0.33871249999999997
222323,0.3358083333333333
222324,0.3333666666666667
222325,0.33488416666666665
222326,0.33622916666666663
222327,0.3365558333333334
222328,0.33116333333333337
222329,0.32778666666666667
222330,0.32112583333333333
222331,0.31058833333333336
222332,0.3009658333333333
222333,0.29297166666666663
222334,0.2831283333333333
222335,0.27701
222336,0.2739975
222337,0.26827166666666663
222338,0.2652891666666667
222339,0.26109750000000004
222340,0.25673583333333333
222341,0.25327333333333335
222342,0.2492625
222343,0.2537433333333333
222344,0.2525058333333333
222345,0.25482666666666665
222346,0.2693066666666667
222347,0.2863191666666667
222348,0.30314083333333336
222349,0.31961833333333334
222350,0.3297658333333333
222351,0.33790250000000005
222352,0.342105
222353,0.35144749999999997
222354,0.36640750000000005
222355,0.38456833333333335
222356,0.4039908333333333
222357,0.42277833333333337
222358,0.4424333333333334
222359,0.4623125
222360,0.4860583333333333
222361,0.49807
222362,0.5091033333333334
222363,0.5163933333333334
222364,0.5252525
222365,0.5369166666666667
222366,0.5499366666666667
222367,0.5754808333333333
222368,0.5992816666666666
222369,0.6234791666666667
222370,0.6455575000000001
222371,0.6656375000000001
222372,0.6840441666666667
222373,0.6964708333333333
222374,0.7158941666666666
222375,0.7175608333333333
222376,0.7222491666666666
222377,0.7216583333333334
222378,0.7152449999999999
222379,0.7040541666666668
222380,0.6925608333333333
222381,0.6877466666666667
222382,0.6632283333333333
222383,0.6396058333333333
222384,0.6080675
222385,0.5829083333333334
222386,0.5513616666666666
222387,0.5166608333333333
222388,0.48039833333333337
222389,0.4428141666666667
222390,0.4125883333333333
222391,0.3781866666666666
222392,0.34756
222393,0.31844833333333333
222394,0.2949616666666666
222395,0.2724183333333333
222396,0.24566916666666666
222397,0.23013750000000002
222398,0.2124975
222399,0.19962166666666667
222400,0.17807333333333333
222401,0.15900916666666667
222402,0.1460658333333333
222403,0.137095
222404,0.12706416666666664
222405,0.11824916666666667
222406,0.11624416666666666
222407,0.11311833333333335
222408,0.1135425
222409,0.1161275
222410,0.11805833333333333
222411,0.1142275
222412,0.10916583333333334
222413,0.10377333333333333
222414,0.09615749999999999
222415,0.08818916666666667
222416,0.08192166666666667
222417,0.0740275
222418,0.06709999999999999
222419,0.05726333333333333
222420,0.050812500000000003
222421,0.04226916666666667
222422,0.036893333333333334
222423,0.03209833333333333
222424,0.025183333333333335
222425,0.01909416666666667
222426,0.016288333333333332
222427,0.013967499999999999
222428,0.012478333333333334
222429,0.011619166666666668
222430,0.010656666666666667
222431,0.009659166666666667
222432,0.00899
222433,0.008685833333333334
222434,0.009176666666666666
222435,0.009905833333333332
222436,0.010955
222437,0.0121725
222438,0.013448333333333335
222439,0.015099999999999999
222440,0.017054999999999997
222441,0.019703333333333333
222442,0.023119999999999998
222443,0.0260625
222444,0.029764166666666664
222445,0.034909166666666665
222446,0.041924166666666665
222447,0.04949083333333334
222448,0.05558833333333334
222449,0.06141166666666667
222450,0.0673775
222451,0.07489333333333333
222452,0.08018499999999999
222453,0.08571333333333332
222454,0.087685
222455,0.08749333333333334
222456,0.0866625
222457,0.0842425
222458,0.08225333333333333
222459,0.08058749999999999
222460,0.07806333333333333
222461,0.07586833333333334
222462,0.07446250000000001
222463,0.07460833333333335
222464,0.0754975
222465,0.08153
222466,0.08736916666666668
222467,0.09236083333333335
222468,0.10534916666666667
222469,0.1325525
222470,0.15622666666666665
222471,0.1819125
222472,0.21352166666666667
222473,0.24913666666666667
222474,0.28130333333333335
222475,0.30648583333333335
222476,0.3364608333333333
222477,0.36597833333333335
222478,0.40002166666666666
222479,0.43328833333333333
222480,0.45848249999999996
222481,0.4867433333333333
222482,0.5130933333333333
222483,0.5344774999999999
222484,0.5462825
222485,0.5662699999999999
222486,0.5788033333333333
222487,0.5884199999999999
222488,0.5963883333333333
222489,0.6028299999999999
222490,0.6092325
222491,0.6058166666666668
222492,0.5993908333333333
222493,0.5887100000000001
222494,0.5794766666666666
222495,0.5792974999999999
222496,0.5764241666666667
222497,0.5774825
222498,0.57145
222499,0.5642941666666667
222500,0.5569608333333333
222501,0.5558558333333333
222502,0.5535441666666666
222503,0.5530633333333334
222504,0.5577608333333334
222505,0.5710975
222506,0.5895625
222507,0.6094641666666667
222508,0.6244141666666666
222509,0.6377816666666666
222510,0.6455983333333334
222511,0.6510008333333334
222512,0.6568541666666666
222513,0.6638125
222514,0.66845
222515,0.6719375000000001
222516,0.6747425
222517,0.6776541666666667
222518,0.6763108333333333
222519,0.6732733333333333
222520,0.6693666666666667
222521,0.6631783333333333
222522,0.6606491666666667
222523,0.6524758333333334
222524,0.6428541666666666
222525,0.6334983333333334
222526,0.6262725
222527,0.6208091666666667
222528,0.6207533333333334
222529,0.6236433333333333
222530,0.6288733333333333
222531,0.6351074999999999
222532,0.6372725
222533,0.6364408333333333
222534,0.6363933333333333
222535,0.6333625
222536,0.6304375
222537,0.6269216666666666
222538,0.641755
222539,0.6550458333333332
222540,0.6636291666666666
222541,0.6692049999999999
222542,0.6735308333333333
222543,0.6776183333333333
222544,0.6765833333333333
222545,0.6689566666666666
222546,0.6640891666666667
222547,0.6540616666666667
222548,0.6457516666666667
222549,0.6379391666666667
222550,0.6232858333333333
222551,0.6124791666666667
222552,0.5972458333333335
222553,0.5811075
222554,0.5595591666666667
222555,0.55062
222556,0.5436599999999999
222557,0.5361499999999999
222558,0.5308775
222559,0.5463108333333333
222560,0.5655425
222561,0.5787808333333333
222562,0.5984925000000001
222563,0.623105
222564,0.6482216666666667
222565,0.6816391666666667
222566,0.7103833333333334
222567,0.7418041666666666
222568,0.7570583333333333
222569,0.7756225
222570,0.7827108333333332
222571,0.7915208333333332
222572,0.8025483333333334
222573,0.8097758333333334
222574,0.8036150000000001
222575,0.7948491666666667
222576,0.7886658333333333
222577,0.7828141666666666
222578,0.775675
222579,0.7632108333333333
222580,0.7508958333333333
222581,0.7372758333333334
222582,0.72337
222583,0.7219633333333334
222584,0.7367391666666666
222585,0.7543391666666667
222586,0.7703291666666667
222587,0.7854949999999999
222588,0.7987741666666667
222589,0.8065333333333334
222590,0.8113500000000001
222591,0.8146458333333334
222592,0.8157858333333333
222593,0.8074133333333333
222594,0.8048816666666667
222595,0.789875
222596,0.7780466666666667
222597,0.7565608333333333
222598,0.7249399999999999
222599,0.6807916666666667
222600,0.6354741666666667
222601,0.5847241666666666
222602,0.532675
222603,0.48094250000000005
222604,0.42853583333333334
222605,0.38526333333333335
222606,0.343955
222607,0.30076500000000006
222608,0.26436750000000003
222609,0.2302433333333333
222610,0.20990166666666668
222611,0.1904708333333333
222612,0.17767333333333335
222613,0.1740925
222614,0.1669908333333333
222615,0.15931583333333332
222616,0.15360083333333333
222617,0.14752
222618,0.14198166666666667
222619,0.13864166666666666
222620,0.1311275
222621,0.12253416666666667
222622,0.11884583333333333
222623,0.11484749999999999
222624,0.10681583333333333
222625,0.09981916666666665
222626,0.0907775
222627,0.08586416666666666
222628,0.08033833333333334
222629,0.07952416666666667
222630,0.08095666666666666
222631,0.08767916666666667
222632,0.09292916666666667
222633,0.10078083333333333
222634,0.112605
222635,0.12326916666666667
222636,0.13113666666666665
222637,0.14429583333333335
222638,0.15457333333333334
222639,0.1649775
222640,0.17394583333333333
222641,0.18928916666666668
222642,0.2081366666666667
222643,0.22445916666666665
222644,0.24234666666666668
222645,0.25833
222646,0.2780841666666667
222647,0.296235
222648,0.3104816666666667
222649,0.32161249999999997
222650,0.3342575
222651,0.3542325
222652,0.36890249999999997
222653,0.37927583333333337
222654,0.3908858333333333
222655,0.40253333333333335
222656,0.4047408333333333
222657,0.39914499999999997
222658,0.39661916666666663
222659,0.39202333333333333
222660,0.3894675
222661,0.38668250000000004
222662,0.38837000000000005
222663,0.390725
222664,0.39323
222665,0.3931616666666667
222666,0.3856891666666667
222667,0.37836583333333335
222668,0.37041833333333335
222669,0.3589833333333334
222670,0.34523833333333337
222671,0.33442083333333333
222672,0.3222666666666667
222673,0.3069841666666667
222674,0.29276833333333335
222675,0.2788641666666667
222676,0.25809750000000004
222677,0.2371
222678,0.21439
222679,0.1909225
222680,0.1693616666666667
222681,0.15117666666666668
222682,0.13450166666666666
222683,0.12579
222684,0.13085416666666666
222685,0.14510416666666667
222686,0.16176583333333336
222687,0.18369166666666667
222688,0.21610083333333333
222689,0.24553583333333331
222690,0.27536666666666665
222691,0.3091866666666666
222692,0.34530833333333333
222693,0.3750875
222694,0.407045
222695,0.44404666666666665
222696,0.4828708333333333
222697,0.5130266666666666
222698,0.5437741666666667
222699,0.5807583333333334
222700,0.6040125
222701,0.6238616666666666
222702,0.6456408333333333
222703,0.6623916666666666
222704,0.6753016666666667
222705,0.6783175
222706,0.6771316666666667
222707,0.669625
222708,0.6709575000000001
222709,0.6716541666666667
222710,0.6680291666666667
222711,0.6600225000000001
222712,0.6618608333333333
222713,0.6594466666666666
222714,0.6386041666666668
222715,0.6263291666666667
222716,0.6173958333333334
222717,0.6078983333333333
222718,0.5984075000000001
222719,0.5835299999999999
222720,0.5734266666666666
222721,0.5647258333333334
222722,0.5615016666666667
222723,0.5620666666666667
222724,0.5600025
222725,0.5611483333333334
222726,0.5673525
222727,0.5800433333333334
222728,0.5950524999999999
222729,0.6125841666666666
222730,0.6286766666666667
222731,0.6371699999999999
222732,0.6434466666666666
222733,0.647435
222734,0.6608641666666667
222735,0.677995
222736,0.6944724999999999
222737,0.7175408333333333
222738,0.7346383333333333
222739,0.7544683333333333
222740,0.7670391666666666
222741,0.7783808333333333
222742,0.7697466666666667
222743,0.7599758333333334
222744,0.7433858333333333
222745,0.7200791666666667
222746,0.6962941666666667
222747,0.6719116666666667
222748,0.6553216666666667
222749,0.6459341666666667
222750,0.6377475
222751,0.6335500000000001
222752,0.6132441666666666
222753,0.5978608333333334
222754,0.5830625
222755,0.5750508333333334
222756,0.5649625
222757,0.5607775
222758,0.5595466666666666
222759,0.5666083333333334
222760,0.5756483333333333
222761,0.5876791666666666
222762,0.6031366666666665
222763,0.60583
222764,0.6056333333333334
222765,0.6046125
222766,0.5976674999999999
222767,0.5934891666666666
222768,0.5855808333333333
222769,0.5748616666666667
222770,0.5631041666666667
222771,0.5556458333333333
222772,0.5529925
222773,0.5453749999999999
222774,0.5315191666666667
222775,0.5161291666666667
222776,0.5027758333333333
222777,0.4886233333333333
222778,0.4781533333333333
222779,0.46422916666666664
222780,0.44864000000000004
222781,0.42960583333333335
222782,0.41489666666666664
222783,0.4017525
222784,0.38534666666666667
222785,0.36517416666666663
222786,0.34347916666666667
222787,0.3219666666666667
222788,0.30291833333333334
222789,0.29590583333333337
222790,0.2905583333333333
222791,0.27948416666666664
222792,0.2670366666666667
222793,0.2520016666666666
222794,0.23754333333333336
222795,0.22142333333333336
222796,0.20896416666666665
222797,0.19733333333333333
222798,0.18466166666666664
222799,0.18260833333333334
222800,0.18242666666666668
222801,0.18259833333333333
222802,0.18785833333333332
222803,0.1921766666666667
222804,0.1887675
222805,0.18259999999999998
222806,0.18253166666666668
222807,0.18567083333333334
222808,0.19140250000000003
222809,0.19559749999999998
222810,0.2074508333333333
222811,0.22982000000000002
222812,0.25318
222813,0.2718083333333333
222814,0.28060500000000005
222815,0.2892775
222816,0.296175
222817,0.29953416666666666
222818,0.30502666666666667
222819,0.306555
222820,0.31542749999999997
222821,0.32635916666666664
222822,0.33395583333333334
222823,0.3404325
222824,0.3538866666666667
222825,0.3582425
222826,0.35788500000000006
222827,0.370455
222828,0.3962075
222829,0.42835
222830,0.46033916666666663
222831,0.48908166666666664
222832,0.5194291666666666
222833,0.5519241666666667
222834,0.5876816666666667
222835,0.6217341666666667
222836,0.6559091666666668
222837,0.68772
222838,0.7184491666666666
222839,0.7449975
222840,0.77589
222841,0.8048466666666666
222842,0.8210883333333334
222843,0.828925
222844,0.833925
222845,0.8377741666666666
222846,0.8447208333333334
222847,0.843475
222848,0.8424441666666667
222849,0.8384591666666666
222850,0.8333266666666667
222851,0.8248225
222852,0.8106375
222853,0.8025741666666666
222854,0.7824491666666666
222855,0.7650816666666668
222856,0.742405
222857,0.7092425
222858,0.68201
222859,0.6545225
222860,0.6264824999999999
222861,0.6075683333333333
222862,0.5943275
222863,0.5790491666666665
222864,0.5689833333333333
222865,0.5658941666666666
222866,0.5565975
222867,0.5543008333333332
222868,0.5513425
222869,0.5599408333333333
222870,0.5686575
222871,0.5822041666666666
222872,0.6042741666666667
222873,0.6219566666666666
222874,0.6467883333333333
222875,0.6744308333333334
222876,0.6931275
222877,0.7120166666666666
222878,0.7347075000000001
222879,0.7563183333333333
222880,0.7724533333333333
222881,0.7972816666666667
222882,0.8212333333333334
222883,0.8402908333333333
222884,0.857375
222885,0.870775
222886,0.8836016666666667
222887,0.89537
222888,0.9064533333333333
222889,0.9095875000000001
222890,0.8894541666666667
222891,0.8656466666666667
222892,0.8342933333333333
222893,0.7951216666666666
222894,0.7477266666666667
222895,0.6973375
222896,0.6520225000000001
222897,0.620185
222898,0.5856141666666667
222899,0.539195
222900,0.49030999999999997
222901,0.4374591666666667
222902,0.3863275
222903,0.3320941666666667
222904,0.28067166666666665
222905,0.2504191666666667
222906,0.22560833333333333
222907,0.20749333333333334
222908,0.1913975
222909,0.18294749999999999
222910,0.17537666666666668
222911,0.16108916666666667
222912,0.135485
222913,0.11508083333333333
222914,0.10735583333333333
222915,0.11187333333333332
222916,0.1155675
222917,0.11894666666666667
222918,0.12543416666666665
222919,0.13204416666666668
222920,0.14057833333333333
222921,0.14892833333333336
222922,0.157395
222923,0.1682075
222924,0.16940416666666666
222925,0.17473916666666664
222926,0.17913416666666668
222927,0.19266333333333335
222928,0.20299666666666666
222929,0.21742999999999998
222930,0.22064666666666666
222931,0.22672166666666668
222932,0.22759999999999997
222933,0.22839749999999998
222934,0.22983499999999998
222935,0.2310725
222936,0.22888750000000002
222937,0.229425
222938,0.23427916666666665
222939,0.24521416666666668
222940,0.25559916666666666
222941,0.2750758333333333
222942,0.28475666666666666
222943,0.2895875
222944,0.29081083333333335
222945,0.2937916666666667
222946,0.29587
222947,0.3033
222948,0.30945249999999996
222949,0.31491250000000004
222950,0.3179666666666667
222951,0.32320666666666664
222952,0.3293641666666666
222953,0.33299666666666666
222954,0.34139833333333336
222955,0.3470675
222956,0.34027250000000003
222957,0.3227508333333333
222958,0.3152925
222959,0.3146316666666667
222960,0.3192141666666667
222961,0.33033666666666667
222962,0.33333833333333335
222963,0.3371483333333333
222964,0.3363658333333333
222965,0.34096666666666664
222966,0.34404666666666667
222967,0.3459733333333333
222968,0.3441175
222969,0.34932250000000004
222970,0.3564883333333333
222971,0.36780749999999995
222972,0.3904333333333333
222973,0.40807000000000004
222974,0.42436666666666667
222975,0.42122750000000003
222976,0.4120783333333333
222977,0.41080083333333334
222978,0.4216516666666667
222979,0.43037833333333336
222980,0.43894500000000003
222981,0.44754666666666665
222982,0.4550116666666667
222983,0.45839416666666666
222984,0.4530341666666667
222985,0.44934250000000003
222986,0.44441500000000006
222987,0.4363208333333334
222988,0.428885
222989,0.418945
222990,0.4128933333333334
222991,0.4076075
222992,0.4025516666666667
222993,0.3912725000000001
222994,0.3836525
222995,0.3723058333333334
222996,0.36198
222997,0.35051916666666666
222998,0.34541916666666667
222999,0.3497991666666666
223000,0.3546325
223001,0.3572066666666666
223002,0.3621991666666666
223003,0.36818666666666666
223004,0.3720858333333333
223005,0.387795
223006,0.3981275
223007,0.4083
223008,0.40960916666666664
223009,0.41344083333333337
223010,0.43012416666666664
223011,0.43988416666666663
223012,0.4479533333333333
223013,0.45968666666666663
223014,0.4584975
223015,0.4556091666666667
223016,0.4636658333333334
223017,0.4650416666666667
223018,0.46723166666666666
223019,0.47463833333333333
223020,0.48405
223021,0.4967958333333333
223022,0.5120058333333334
223023,0.5243866666666667
223024,0.5294508333333333
223025,0.52851
223026,0.5320133333333333
223027,0.5385141666666667
223028,0.53796
223029,0.5399425
223030,0.5288316666666667
223031,0.511035
223032,0.50513
223033,0.5000325
223034,0.4894416666666667
223035,0.47780083333333334
223036,0.46541166666666667
223037,0.449765
223038,0.4463491666666667
223039,0.4516108333333333
223040,0.45220083333333333
223041,0.4688725
223042,0.4838033333333333
223043,0.5007591666666668
223044,0.5189616666666667
223045,0.5480491666666667
223046,0.5767358333333333
223047,0.6060833333333332
223048,0.6338783333333334
223049,0.6584066666666666
223050,0.6789691666666667
223051,0.7011133333333334
223052,0.7290733333333334
223053,0.7526033333333333
223054,0.7698466666666667
223055,0.7814525
223056,0.7873600000000001
223057,0.7847025000000001
223058,0.7876766666666666
223059,0.7881966666666667
223060,0.7941758333333334
223061,0.7944700000000001
223062,0.7937216666666667
223063,0.7980808333333334
223064,0.8053341666666667
223065,0.8148225
223066,0.8179424999999999
223067,0.8126533333333333
223068,0.7972241666666666
223069,0.7845825000000001
223070,0.7755041666666667
223071,0.7506866666666666
223072,0.7312041666666667
223073,0.7067733333333334
223074,0.68074
223075,0.6499808333333333
223076,0.6314925
223077,0.59667
223078,0.5500791666666666
223079,0.5023458333333334
223080,0.4510466666666667
223081,0.4069808333333333
223082,0.36728999999999995
223083,0.3312466666666667
223084,0.29538500000000006
223085,0.2586566666666667
223086,0.23032916666666667
223087,0.21672
223088,0.20733916666666666
223089,0.20205250000000002
223090,0.1955208333333333
223091,0.19259916666666665
223092,0.19870333333333334
223093,0.21281833333333333
223094,0.2293758333333333
223095,0.24698
223096,0.2763958333333333
223097,0.29972166666666666
223098,0.334735
223099,0.367535
223100,0.39968333333333333
223101,0.43486583333333334
223102,0.47140000000000004
223103,0.499735
223104,0.53143
223105,0.5689208333333333
223106,0.5982191666666666
223107,0.6302449999999999
223108,0.6611841666666666
223109,0.6912941666666668
223110,0.7256091666666667
223111,0.7490883333333332
223112,0.7763733333333334
223113,0.7961066666666666
223114,0.8180641666666667
223115,0.8406716666666667
223116,0.8603375
223117,0.8641608333333334
223118,0.8750924999999999
223119,0.8831975000000001
223120,0.8863108333333334
223121,0.88889
223122,0.8891158333333334
223123,0.8887075000000001
223124,0.8909233333333333
223125,0.8867833333333334
223126,0.8835858333333334
223127,0.8764183333333334
223128,0.869385
223129,0.8629408333333333
223130,0.8556825
223131,0.8487891666666667
223132,0.849625
223133,0.8444433333333333
223134,0.8254233333333333
223135,0.8047991666666666
223136,0.7852366666666667
223137,0.7731641666666665
223138,0.7606508333333333
223139,0.7405641666666667
223140,0.7234391666666666
223141,0.7002033333333332
223142,0.6786749999999999
223143,0.6510425000000001
223144,0.6249708333333334
223145,0.5999116666666667
223146,0.58652
223147,0.5693266666666666
223148,0.5536608333333334
223149,0.5523
223150,0.5584941666666666
223151,0.5605308333333333
223152,0.5483833333333333
223153,0.5401524999999999
223154,0.5368441666666667
223155,0.5314166666666666
223156,0.5285583333333334
223157,0.5302275
223158,0.5419066666666666
223159,0.5490025000000001
223160,0.5590016666666667
223161,0.5688466666666667
223162,0.5764708333333334
223163,0.5886216666666667
223164,0.6000025
223165,0.6112808333333333
223166,0.6232916666666667
223167,0.6377083333333334
223168,0.64705
223169,0.6539241666666666
223170,0.6691024999999999
223171,0.6754708333333334
223172,0.6897533333333333
223173,0.7085233333333334
223174,0.7279816666666667
223175,0.7468808333333333
223176,0.7467541666666667
223177,0.74733
223178,0.7522175
223179,0.7540775
223180,0.7533925000000001
223181,0.7528658333333333
223182,0.7574275
223183,0.7639433333333334
223184,0.7740141666666667
223185,0.7746641666666666
223186,0.7853958333333334
223187,0.7903733333333334
223188,0.7886500000000001
223189,0.7890216666666666
223190,0.7862641666666668
223191,0.7884724999999999
223192,0.7920608333333334
223193,0.7885091666666667
223194,0.7811141666666667
223195,0.7749016666666666
223196,0.7711975
223197,0.7681991666666667
223198,0.7695416666666667
223199,0.770095
223200,0.7761158333333334
223201,0.7804166666666666
223202,0.7827149999999999
223203,0.7841124999999999
223204,0.7858225
223205,0.7854366666666667
223206,0.7857516666666666
223207,0.7882275
223208,0.7875008333333333
223209,0.7903208333333335
223210,0.7933175
223211,0.795175
223212,0.7993766666666667
223213,0.7988775
223214,0.7898108333333334
223215,0.7841308333333333
223216,0.7879708333333333
223217,0.7886166666666666
223218,0.7858300000000001
223219,0.7706091666666667
223220,0.7559983333333334
223221,0.7455391666666668
223222,0.7399766666666666
223223,0.7405050000000001
223224,0.7414866666666667
223225,0.7411916666666668
223226,0.7422775
223227,0.7451399999999999
223228,0.7433316666666666
223229,0.7553191666666667
223230,0.7590066666666666
223231,0.7617441666666667
223232,0.7647008333333333
223233,0.7745266666666666
223234,0.7967875000000001
223235,0.82061
223236,0.841885
223237,0.8511958333333334
223238,0.8588775
223239,0.8691774999999999
223240,0.8768558333333333
223241,0.8819608333333334
223242,0.8846891666666666
223243,0.8912275
223244,0.89242
223245,0.8971616666666667
223246,0.8945583333333335
223247,0.8951441666666666
223248,0.8867483333333334
223249,0.880235
223250,0.867555
223251,0.8541441666666666
223252,0.8408408333333334
223253,0.8289383333333333
223254,0.8188666666666666
223255,0.807695
223256,0.794895
223257,0.7818966666666667
223258,0.7666441666666667
223259,0.7495366666666666
223260,0.7425483333333334
223261,0.7350933333333333
223262,0.7104108333333333
223263,0.687075
223264,0.6664800000000001
223265,0.6532608333333333
223266,0.6430683333333334
223267,0.6401258333333334
223268,0.6343708333333334
223269,0.6231691666666668
223270,0.6150116666666666
223271,0.6063858333333333
223272,0.5977341666666667
223273,0.5942125
223274,0.5919141666666666
223275,0.581835
223276,0.5687308333333334
223277,0.5662233333333333
223278,0.569145
223279,0.56823
223280,0.5715033333333334
223281,0.5728541666666668
223282,0.5732275
223283,0.57704
223284,0.5828183333333333
223285,0.5855916666666666
223286,0.5916141666666666
223287,0.5951783333333334
223288,0.5984025000000001
223289,0.6004974999999999
223290,0.6014116666666667
223291,0.6103691666666666
223292,0.6211149999999999
223293,0.6331675
223294,0.644725
223295,0.6541625
223296,0.6617383333333334
223297,0.6675325
223298,0.6694625
223299,0.6680183333333335
223300,0.6692691666666666
223301,0.6671675
223302,0.6665574999999999
223303,0.6605658333333333
223304,0.6574891666666667
223305,0.6484675
223306,0.6352958333333334
223307,0.6276775000000001
223308,0.6216766666666668
223309,0.6140808333333332
223310,0.5937791666666666
223311,0.5703999999999999
223312,0.5475041666666667
223313,0.5259825
223314,0.5092333333333333
223315,0.48969
223316,0.47013
223317,0.44792916666666666
223318,0.4283033333333333
223319,0.404335
223320,0.38564250000000005
223321,0.3637658333333333
223322,0.33993416666666665
223323,0.3045883333333333
223324,0.26977999999999996
223325,0.24415666666666666
223326,0.22187583333333333
223327,0.19887666666666667
223328,0.17537916666666664
223329,0.15016416666666668
223330,0.1261575
223331,0.10608833333333333
223332,0.08992583333333333
223333,0.07354333333333334
223334,0.06071166666666667
223335,0.048050833333333334
223336,0.039740833333333336
223337,0.031600833333333335
223338,0.030545
223339,0.03161166666666667
223340,0.03440833333333333
223341,0.035975
223342,0.03890666666666667
223343,0.04206916666666667
223344,0.04587583333333333
223345,0.05320916666666667
223346,0.058306666666666666
223347,0.06390583333333334
223348,0.06890666666666667
223349,0.07661416666666666
223350,0.08969999999999999
223351,0.10927333333333333
223352,0.13359833333333335
223353,0.15878833333333334
223354,0.18686083333333334
223355,0.21428916666666667
223356,0.24398833333333333
223357,0.2736966666666667
223358,0.30710916666666666
223359,0.33750583333333334
223360,0.36921916666666665
223361,0.39748333333333336
223362,0.4226316666666667
223363,0.44627083333333334
223364,0.47171416666666666
223365,0.4895375
223366,0.4968491666666666
223367,0.49706
223368,0.49227916666666666
223369,0.48263083333333334
223370,0.47115666666666667
223371,0.4519808333333334
223372,0.43065583333333335
223373,0.40410333333333337
223374,0.39215666666666665
223375,0.3756125
223376,0.36406833333333327
223377,0.35444
223378,0.344615
223379,0.3273925
223380,0.3139091666666667
223381,0.30270583333333334
223382,0.29485333333333336
223383,0.29180083333333334
223384,0.28801333333333334
223385,0.2862124999999999
223386,0.29176583333333334
223387,0.30124333333333336
223388,0.31368999999999997
223389,0.31415
223390,0.3172041666666666
223391,0.32293333333333335
223392,0.33297333333333334
223393,0.3482375
223394,0.3765525
223395,0.40608666666666665
223396,0.438015
223397,0.4637058333333333
223398,0.4836
223399,0.5017791666666667
223400,0.520575
223401,0.5399191666666667
223402,0.5594866666666667
223403,0.5817916666666666
223404,0.6045366666666666
223405,0.6251908333333334
223406,0.6459349999999999
223407,0.6603958333333334
223408,0.6765199999999999
223409,0.6837466666666666
223410,0.6912791666666667
223411,0.7002466666666667
223412,0.7099799999999999
223413,0.7312491666666666
223414,0.7534033333333333
223415,0.7765725
223416,0.8009916666666667
223417,0.8183533333333333
223418,0.8312433333333333
223419,0.8464808333333333
223420,0.86107
223421,0.8715925000000001
223422,0.8833158333333333
223423,0.8902116666666667
223424,0.8959558333333334
223425,0.8997674999999999
223426,0.9027816666666666
223427,0.9103991666666666
223428,0.9070158333333332
223429,0.9064325
223430,0.9031666666666667
223431,0.8949416666666666
223432,0.8889508333333332
223433,0.8826975
223434,0.8662958333333334
223435,0.8501033333333333
223436,0.8340224999999999
223437,0.8211925
223438,0.8124950000000001
223439,0.8034891666666667
223440,0.7935949999999999
223441,0.7727466666666667
223442,0.7601958333333333
223443,0.7519558333333334
223444,0.7433458333333333
223445,0.7377383333333333
223446,0.7312775000000001
223447,0.722965
223448,0.7182191666666665
223449,0.7242883333333333
223450,0.73121
223451,0.7415041666666667
223452,0.7465641666666667
223453,0.7453808333333333
223454,0.7441324999999999
223455,0.7407366666666667
223456,0.7444725
223457,0.73615
223458,0.7282541666666666
223459,0.7140491666666667
223460,0.7000708333333333
223461,0.6920541666666666
223462,0.6874208333333335
223463,0.6832108333333334
223464,0.6782658333333333
223465,0.6779091666666666
223466,0.6794533333333334
223467,0.67861
223468,0.6797916666666667
223469,0.6790116666666666
223470,0.67608
223471,0.6573650000000001
223472,0.6368674999999999
223473,0.6129541666666667
223474,0.5890625
223475,0.5620033333333333
223476,0.534325
223477,0.5003666666666667
223478,0.46548916666666673
223479,0.42618083333333334
223480,0.38081333333333334
223481,0.3306158333333334
223482,0.28602916666666667
223483,0.24265583333333335
223484,0.19957833333333333
223485,0.16279583333333333
223486,0.14346833333333334
223487,0.13010083333333333
223488,0.12153083333333334
223489,0.11991749999999998
223490,0.12194583333333335
223491,0.12354333333333332
223492,0.13508666666666666
223493,0.14813583333333333
223494,0.16551416666666666
223495,0.1859416666666667
223496,0.20557999999999998
223497,0.22593333333333335
223498,0.24719083333333333
223499,0.2650808333333333
223500,0.28115
223501,0.3078283333333333
223502,0.33620583333333337
223503,0.3600083333333333
223504,0.37971083333333333
223505,0.3959283333333333
223506,0.39978833333333336
223507,0.3989258333333333
223508,0.392155
223509,0.38254083333333333
223510,0.38153750000000003
223511,0.3776525
223512,0.3688741666666667
223513,0.361255
223514,0.3635175
223515,0.37168416666666665
223516,0.37411
223517,0.37312
223518,0.3719366666666667
223519,0.37074416666666665
223520,0.36919416666666666
223521,0.37921333333333335
223522,0.39496583333333335
223523,0.4158416666666667
223524,0.41747833333333334
223525,0.40767833333333336
223526,0.4016
223527,0.3999925
223528,0.4024783333333334
223529,0.4004358333333334
223530,0.39138333333333336
223531,0.378655
223532,0.36930583333333333
223533,0.35627333333333333
223534,0.34934666666666664
223535,0.34110666666666667
223536,0.3257958333333333
223537,0.30618666666666666
223538,0.2837091666666666
223539,0.28231666666666666
223540,0.2787525
223541,0.2759766666666667
223542,0.27697416666666663
223543,0.2688041666666667
223544,0.2537816666666667
223545,0.23558416666666668
223546,0.21713666666666667
223547,0.1992825
223548,0.18775250000000002
223549,0.17091083333333332
223550,0.15665416666666665
223551,0.14947
223552,0.14315333333333333
223553,0.13628
223554,0.12754583333333333
223555,0.12288166666666668
223556,0.11916416666666668
223557,0.10901916666666667
223558,0.10288166666666668
223559,0.10743416666666666
223560,0.11559416666666666
223561,0.12044
223562,0.129
223563,0.134005
223564,0.1431475
223565,0.1568575
223566,0.17741750000000003
223567,0.1994483333333333
223568,0.2204025
223569,0.2466866666666667
223570,0.27161833333333335
223571,0.3002841666666667
223572,0.32888833333333334
223573,0.36241083333333335
223574,0.39529749999999997
223575,0.4304133333333333
223576,0.46441416666666663
223577,0.48853916666666664
223578,0.5137925
223579,0.5346708333333333
223580,0.5504649999999999
223581,0.5647075
223582,0.5760541666666668
223583,0.5916841666666667
223584,0.6042358333333334
223585,0.6182308333333334
223586,0.6268808333333333
223587,0.6401950000000001
223588,0.6437916666666668
223589,0.6371808333333334
223590,0.6200816666666668
223591,0.6026941666666666
223592,0.5884616666666668
223593,0.5793966666666667
223594,0.56916
223595,0.5601524999999999
223596,0.5499275
223597,0.5380608333333333
223598,0.5257891666666666
223599,0.5132966666666667
223600,0.516425
223601,0.51829
223602,0.5186175
223603,0.5237966666666666
223604,0.5278208333333334
223605,0.5437558333333333
223606,0.5625408333333333
223607,0.587025
223608,0.6100241666666667
223609,0.6282499999999999
223610,0.6413325000000001
223611,0.6548575
223612,0.6720816666666667
223613,0.6862499999999999
223614,0.7007616666666666
223615,0.6876683333333333
223616,0.6741375000000001
223617,0.657835
223618,0.6405583333333332
223619,0.6372016666666667
223620,0.6288391666666667
223621,0.6242233333333334
223622,0.6094658333333334
223623,0.5979775
223624,0.5983675
223625,0.5900808333333334
223626,0.5802716666666667
223627,0.5670791666666666
223628,0.5512358333333333
223629,0.526905
223630,0.5104866666666666
223631,0.49779
223632,0.47716
223633,0.45415750000000005
223634,0.426145
223635,0.4013333333333334
223636,0.37799
223637,0.3624291666666667
223638,0.349185
223639,0.33595166666666665
223640,0.3368391666666667
223641,0.3313716666666667
223642,0.32671916666666667
223643,0.3173066666666667
223644,0.3109908333333333
223645,0.3106525
223646,0.3091941666666667
223647,0.3172366666666667
223648,0.3312425
223649,0.3473391666666667
223650,0.3423408333333333
223651,0.331835
223652,0.31755750000000005
223653,0.29749499999999995
223654,0.2736841666666667
223655,0.24904500000000002
223656,0.22730083333333334
223657,0.2069825
223658,0.19577916666666667
223659,0.18861416666666667
223660,0.18122833333333332
223661,0.16899666666666666
223662,0.15651666666666667
223663,0.14134333333333335
223664,0.1220025
223665,0.11992416666666665
223666,0.11749
223667,0.11587416666666665
223668,0.11414416666666666
223669,0.11301
223670,0.11503416666666665
223671,0.1151
223672,0.11419333333333333
223673,0.11396416666666666
223674,0.11247333333333334
223675,0.106395
223676,0.10358583333333332
223677,0.10171333333333332
223678,0.09981333333333334
223679,0.09726583333333333
223680,0.09515833333333332
223681,0.09487833333333334
223682,0.10313666666666665
223683,0.10794416666666667
223684,0.11203499999999998
223685,0.11002666666666668
223686,0.10819583333333332
223687,0.10341083333333333
223688,0.09680749999999999
223689,0.09200083333333334
223690,0.08754833333333333
223691,0.08542583333333334
223692,0.08249
223693,0.0838425
223694,0.0842625
223695,0.08636666666666667
223696,0.09372
223697,0.09378916666666667
223698,0.10153916666666667
223699,0.11598250000000002
223700,0.13460333333333332
223701,0.15792333333333333
223702,0.1838566666666667
223703,0.21733666666666668
223704,0.2516391666666667
223705,0.28903
223706,0.31941583333333334
223707,0.34893583333333333
223708,0.36293666666666663
223709,0.37729
223710,0.3911441666666667
223711,0.3986325
223712,0.39295916666666664
223713,0.3886516666666667
223714,0.37674749999999996
223715,0.36143916666666664
223716,0.33878499999999995
223717,0.31797916666666665
223718,0.29156
223719,0.267525
223720,0.24283416666666663
223721,0.2293408333333333
223722,0.21494999999999997
223723,0.2132575
223724,0.21414499999999997
223725,0.2191625
223726,0.2280225
223727,0.24725666666666665
223728,0.267125
223729,0.3021358333333334
223730,0.34232999999999997
223731,0.3857083333333334
223732,0.4291091666666667
223733,0.46808083333333333
223734,0.5022658333333333
223735,0.53467
223736,0.5662033333333334
223737,0.5993916666666668
223738,0.6288208333333334
223739,0.6555491666666667
223740,0.6814566666666667
223741,0.703835
223742,0.7225725
223743,0.7346908333333334
223744,0.7334191666666666
223745,0.7240891666666667
223746,0.7156041666666667
223747,0.7043566666666667
223748,0.6981508333333333
223749,0.6934333333333333
223750,0.6877941666666667
223751,0.6795833333333333
223752,0.6727483333333333
223753,0.6514516666666667
223754,0.63999
223755,0.6241191666666667
223756,0.6092791666666667
223757,0.5956475
223758,0.5756149999999999
223759,0.5501375000000001
223760,0.5325833333333334
223761,0.5122825
223762,0.49085083333333335
223763,0.464555
223764,0.4368
223765,0.4053425
223766,0.36715916666666665
223767,0.32909583333333337
223768,0.30831500000000006
223769,0.27985666666666664
223770,0.24752583333333333
223771,0.21581416666666667
223772,0.195785
223773,0.18106250000000002
223774,0.17017416666666665
223775,0.15448166666666668
223776,0.14526500000000003
223777,0.14375833333333332
223778,0.14442083333333333
223779,0.14776999999999998
223780,0.16005333333333335
223781,0.17935916666666665
223782,0.1925725
223783,0.19866083333333331
223784,0.20584666666666665
223785,0.22341333333333332
223786,0.24352416666666665
223787,0.24788083333333333
223788,0.254245
223789,0.26272750000000006
223790,0.2714441666666667
223791,0.274165
223792,0.2779583333333333
223793,0.27687
223794,0.27656749999999997
223795,0.27164916666666666
223796,0.2623875
223797,0.2593358333333333
223798,0.26051083333333336
223799,0.26205666666666666
223800,0.2587525
223801,0.2537875
223802,0.25206249999999997
223803,0.2562933333333334
223804,0.2594475
223805,0.2650258333333333
223806,0.2812525
223807,0.30136
223808,0.3312491666666667
223809,0.35553
223810,0.3772341666666667
223811,0.39745749999999996
223812,0.41329083333333333
223813,0.43558750000000007
223814,0.4487141666666667
223815,0.46137500000000004
223816,0.47406916666666665
223817,0.49958749999999996
223818,0.5009250000000001
223819,0.5099275000000001
223820,0.5177741666666666
223821,0.5247816666666666
223822,0.5120166666666667
223823,0.5028808333333333
223824,0.4921741666666667
223825,0.489565
223826,0.48534166666666667
223827,0.4691291666666667
223828,0.44937083333333333
223829,0.43577333333333335
223830,0.4226725
223831,0.4175375
223832,0.402455
223833,0.4080816666666667
223834,0.40563083333333333
223835,0.4056683333333334
223836,0.39644083333333335
223837,0.39646916666666665
223838,0.38717166666666664
223839,0.38583083333333335
223840,0.3807391666666667
223841,0.3862258333333333
223842,0.40718333333333334
223843,0.4248033333333333
223844,0.45333083333333335
223845,0.4825825
223846,0.5047716666666667
223847,0.531845
223848,0.5617133333333334
223849,0.592885
223850,0.623285
223851,0.6555316666666666
223852,0.689155
223853,0.7225483333333333
223854,0.7481233333333334
223855,0.773005
223856,0.7957633333333333
223857,0.8138299999999999
223858,0.8321375000000001
223859,0.8393541666666667
223860,0.8462425
223861,0.8434258333333333
223862,0.8359383333333333
223863,0.8196308333333333
223864,0.8071825
223865,0.7937483333333334
223866,0.76896
223867,0.7372133333333333
223868,0.7098675
223869,0.6844741666666666
223870,0.6512674999999999
223871,0.6157966666666667
223872,0.5910383333333334
223873,0.5644791666666666
223874,0.5474441666666667
223875,0.5265825000000001
223876,0.5186966666666667
223877,0.5181125000000001
223878,0.5199583333333334
223879,0.5080716666666667
223880,0.4975266666666667
223881,0.4995108333333333
223882,0.5040783333333334
223883,0.5042433333333334
223884,0.5146658333333334
223885,0.5249425
223886,0.534145
223887,0.5321491666666667
223888,0.5321983333333333
223889,0.5293716666666667
223890,0.5288216666666667
223891,0.5155433333333332
223892,0.49533583333333336
223893,0.4776883333333333
223894,0.46858000000000005
223895,0.45888666666666666
223896,0.4488791666666667
223897,0.44592000000000004
223898,0.44521499999999997
223899,0.4370333333333333
223900,0.42944666666666664
223901,0.423075
223902,0.42371166666666665
223903,0.4279733333333333
223904,0.42388666666666663
223905,0.42725583333333333
223906,0.42719833333333335
223907,0.42854666666666663
223908,0.4261833333333333
223909,0.4232883333333333
223910,0.41738249999999993
223911,0.41094916666666664
223912,0.39612083333333337
223913,0.380495
223914,0.36964083333333336
223915,0.3685075
223916,0.3674766666666667
223917,0.36607833333333334
223918,0.3666475
223919,0.36913749999999995
223920,0.3613891666666667
223921,0.3592875
223922,0.35582583333333334
223923,0.34949916666666664
223924,0.344005
223925,0.33173166666666665
223926,0.31705916666666667
223927,0.3069716666666667
223928,0.2975033333333333
223929,0.29062083333333333
223930,0.2818858333333333
223931,0.2722633333333333
223932,0.2578941666666667
223933,0.24047333333333334
223934,0.22373083333333332
223935,0.20771750000000003
223936,0.19865000000000002
223937,0.18854166666666666
223938,0.17899333333333337
223939,0.1690825
223940,0.1668808333333333
223941,0.16611666666666666
223942,0.16386250000000002
223943,0.1597325
223944,0.14830666666666667
223945,0.13459416666666665
223946,0.12204250000000001
223947,0.11078083333333334
223948,0.0991675
223949,0.08691
223950,0.07784916666666666
223951,0.06809
223952,0.059324166666666664
223953,0.054011666666666666
223954,0.04949833333333333
223955,0.045344999999999996
223956,0.041349166666666666
223957,0.04059
223958,0.042271666666666666
223959,0.0432675
223960,0.0449125
223961,0.047771666666666664
223962,0.0498125
223963,0.05744333333333333
223964,0.07266083333333334
223965,0.08683833333333334
223966,0.0990125
223967,0.11289416666666667
223968,0.12546333333333334
223969,0.14025333333333334
223970,0.1564525
223971,0.17276166666666667
223972,0.186955
223973,0.20027999999999999
223974,0.21474833333333335
223975,0.22797
223976,0.23838583333333335
223977,0.2502691666666667
223978,0.2525091666666667
223979,0.24821583333333336
223980,0.24441333333333332
223981,0.24121333333333334
223982,0.23462583333333334
223983,0.22877166666666668
223984,0.22249416666666663
223985,0.21379666666666666
223986,0.2037858333333333
223987,0.1933575
223988,0.18269
223989,0.1687025
223990,0.15430416666666663
223991,0.14134083333333333
223992,0.12819250000000001
223993,0.11875083333333333
223994,0.11794083333333333
223995,0.11703166666666667
223996,0.1163125
223997,0.12426416666666666
223998,0.14432083333333334
223999,0.15672333333333335
224000,0.17298249999999998
224001,0.192505
224002,0.21348833333333334
224003,0.23604833333333333
224004,0.25915583333333336
224005,0.28615999999999997
224006,0.31392166666666665
224007,0.34129499999999996
224008,0.3729308333333333
224009,0.4007283333333333
224010,0.4353316666666666
224011,0.4745875
224012,0.5072883333333333
224013,0.526645
224014,0.5549158333333334
224015,0.5793075
224016,0.6054433333333333
224017,0.6333858333333333
224018,0.6617075
224019,0.6894291666666666
224020,0.7154633333333333
224021,0.7412966666666666
224022,0.7646341666666666
224023,0.785655
224024,0.8031425
224025,0.8123591666666667
224026,0.8184933333333333
224027,0.8235750000000001
224028,0.8299616666666666
224029,0.8342225
224030,0.8256591666666667
224031,0.8125283333333333
224032,0.7988866666666666
224033,0.7782
224034,0.760255
224035,0.7355716666666666
224036,0.7265966666666667
224037,0.7189508333333333
224038,0.7069716666666666
224039,0.6900966666666667
224040,0.6795416666666666
224041,0.6689725000000001
224042,0.656895
224043,0.6469066666666666
224044,0.6327208333333333
224045,0.6349366666666666
224046,0.6368949999999999
224047,0.6414808333333333
224048,0.6508158333333333
224049,0.6566033333333333
224050,0.6709658333333334
224051,0.6731408333333334
224052,0.6792283333333333
224053,0.6889666666666667
224054,0.7031541666666665
224055,0.7119975000000001
224056,0.7099825
224057,0.7044691666666666
224058,0.7006149999999999
224059,0.6958841666666667
224060,0.68792
224061,0.6871741666666666
224062,0.6933675000000001
224063,0.6914158333333335
224064,0.6909716666666667
224065,0.6885991666666667
224066,0.6946808333333333
224067,0.6986725
224068,0.7025425
224069,0.7054658333333333
224070,0.710895
224071,0.7237825000000001
224072,0.7418750000000001
224073,0.7556008333333334
224074,0.7763091666666667
224075,0.7980825
224076,0.8078516666666666
224077,0.801325
224078,0.8040966666666666
224079,0.8085216666666667
224080,0.8193208333333334
224081,0.8178191666666665
224082,0.8144566666666666
224083,0.8070983333333334
224084,0.7965883333333333
224085,0.7820750000000001
224086,0.7689266666666666
224087,0.7611875
224088,0.7578516666666667
224089,0.7584850000000001
224090,0.75601
224091,0.7590558333333334
224092,0.7681758333333334
224093,0.7773933333333333
224094,0.78276
224095,0.7819208333333333
224096,0.7804475
224097,0.7842416666666666
224098,0.7929433333333333
224099,0.8038641666666666
224100,0.8203849999999999
224101,0.8365983333333333
224102,0.8498716666666666
224103,0.8596941666666668
224104,0.8619991666666666
224105,0.8675833333333334
224106,0.8751166666666667
224107,0.88411
224108,0.8890416666666667
224109,0.8934049999999999
224110,0.8930308333333332
224111,0.89472
224112,0.89031
224113,0.8848575000000001
224114,0.8844958333333334
224115,0.879445
224116,0.8762791666666666
224117,0.8657258333333334
224118,0.8539016666666667
224119,0.842185
224120,0.8301741666666668
224121,0.808875
224122,0.7863399999999999
224123,0.7639075000000001
224124,0.7442258333333334
224125,0.7322175000000001
224126,0.7189775
224127,0.7097258333333333
224128,0.7049416666666667
224129,0.6944733333333334
224130,0.6779341666666667
224131,0.6617833333333334
224132,0.6498958333333333
224133,0.6429083333333333
224134,0.6342341666666667
224135,0.6260333333333333
224136,0.6320641666666666
224137,0.6421575
224138,0.6539625
224139,0.6693483333333333
224140,0.6819783333333334
224141,0.6955158333333333
224142,0.7099583333333334
224143,0.7180683333333333
224144,0.7308691666666666
224145,0.7530941666666666
224146,0.7739208333333334
224147,0.7954133333333334
224148,0.8128391666666667
224149,0.833375
224150,0.8536033333333334
224151,0.8687183333333334
224152,0.8783091666666666
224153,0.8878266666666667
224154,0.889215
224155,0.89471
224156,0.8962958333333333
224157,0.8935533333333333
224158,0.8915291666666666
224159,0.8849791666666668
224160,0.87899
224161,0.8728091666666666
224162,0.86742
224163,0.8616383333333333
224164,0.853585
224165,0.8390574999999999
224166,0.818515
224167,0.7954741666666667
224168,0.7652816666666666
224169,0.7368275000000001
224170,0.7018466666666666
224171,0.6657375
224172,0.63069
224173,0.5865416666666666
224174,0.5438116666666667
224175,0.5005533333333333
224176,0.4651816666666667
224177,0.43627499999999997
224178,0.4113925
224179,0.38425166666666666
224180,0.3686925
224181,0.3642625
224182,0.3639408333333333
224183,0.37286416666666666
224184,0.3898708333333333
224185,0.4070316666666667
224186,0.41749499999999995
224187,0.428155
224188,0.4523991666666667
224189,0.47768166666666667
224190,0.507205
224191,0.5338325
224192,0.5580016666666666
224193,0.5810675
224194,0.6110316666666668
224195,0.6377299999999999
224196,0.6605899999999999
224197,0.6792958333333333
224198,0.7019483333333333
224199,0.7212999999999999
224200,0.7408950000000001
224201,0.7712549999999999
224202,0.8019558333333333
224203,0.8260675000000001
224204,0.8495675000000001
224205,0.8666491666666667
224206,0.8767025
224207,0.8776891666666666
224208,0.8622608333333334
224209,0.8479908333333334
224210,0.8353216666666667
224211,0.8278233333333334
224212,0.8145358333333335
224213,0.7957983333333334
224214,0.7734924999999999
224215,0.7499416666666666
224216,0.7161950000000001
224217,0.6816925
224218,0.6374783333333334
224219,0.5928975
224220,0.5601916666666666
224221,0.5326316666666667
224222,0.5127833333333334
224223,0.5110775
224224,0.5021641666666666
224225,0.4916925
224226,0.4737475
224227,0.4693
224228,0.4603191666666666
224229,0.45695916666666664
224230,0.45576999999999995
224231,0.46963416666666663
224232,0.48258833333333334
224233,0.5026808333333334
224234,0.523
224235,0.5397533333333333
224236,0.558205
224237,0.5787925
224238,0.5976433333333333
224239,0.6237883333333334
224240,0.6505541666666667
224241,0.6769983333333333
224242,0.6974675
224243,0.7217233333333333
224244,0.7448833333333333
224245,0.7484058333333333
224246,0.7450858333333333
224247,0.7432866666666667
224248,0.7460241666666666
224249,0.7499258333333333
224250,0.7368408333333334
224251,0.7192775
224252,0.7020991666666666
224253,0.670035
224254,0.6319075
224255,0.5949366666666667
224256,0.5552150000000001
224257,0.5166833333333334
224258,0.47668583333333336
224259,0.43750833333333333
224260,0.4299041666666667
224261,0.4273441666666667
224262,0.4193841666666667
224263,0.40902916666666667
224264,0.3990208333333333
224265,0.39552166666666666
224266,0.3936866666666667
224267,0.393165
224268,0.405825
224269,0.42145916666666666
224270,0.4549291666666667
224271,0.4918925
224272,0.5277691666666667
224273,0.5604441666666666
224274,0.5875383333333333
224275,0.6119633333333334
224276,0.6355666666666667
224277,0.66175
224278,0.6912375000000001
224279,0.7237708333333334
224280,0.7613475000000001
224281,0.795985
224282,0.8248575
224283,0.8533016666666667
224284,0.8819483333333333
224285,0.8901633333333334
224286,0.8973650000000001
224287,0.9057733333333334
224288,0.9198083333333334
224289,0.93615
224290,0.9365266666666667
224291,0.9298108333333333
224292,0.9218591666666668
224293,0.9069775
224294,0.8898491666666666
224295,0.8606316666666666
224296,0.8335608333333333
224297,0.8114558333333334
224298,0.7913133333333333
224299,0.773525
224300,0.7532666666666666
224301,0.7360858333333333
224302,0.7250458333333334
224303,0.7178
224304,0.7132891666666666
224305,0.7170375
224306,0.7263341666666666
224307,0.7414491666666667
224308,0.7621608333333333
224309,0.77907
224310,0.8066691666666668
224311,0.83273
224312,0.8535908333333334
224313,0.8700116666666666
224314,0.8832933333333333
224315,0.8980583333333333
224316,0.9041166666666667
224317,0.9065433333333333
224318,0.9056891666666667
224319,0.90379
224320,0.89742
224321,0.8914008333333334
224322,0.8778225000000001
224323,0.8659741666666666
224324,0.85263
224325,0.8395575
224326,0.8338375
224327,0.8263216666666667
224328,0.8190624999999999
224329,0.81352
224330,0.8108916666666666
224331,0.8105891666666666
224332,0.8062416666666667
224333,0.8016533333333334
224334,0.7927366666666666
224335,0.7859858333333334
224336,0.7731333333333333
224337,0.7659241666666666
224338,0.7641183333333333
224339,0.7665558333333333
224340,0.76882
224341,0.7642616666666666
224342,0.7613125000000001
224343,0.7372358333333333
224344,0.7074258333333333
224345,0.6763725
224346,0.6636708333333333
224347,0.6591325
224348,0.6395516666666666
224349,0.6262325000000001
224350,0.6163749999999999
224351,0.6076366666666666
224352,0.5992966666666667
224353,0.5932466666666667
224354,0.5859808333333334
224355,0.5751966666666667
224356,0.5679708333333333
224357,0.5614574999999999
224358,0.57396
224359,0.5926808333333333
224360,0.6091241666666666
224361,0.6116808333333333
224362,0.6061049999999999
224363,0.5903341666666666
224364,0.5870808333333333
224365,0.5692125000000001
224366,0.5458250000000001
224367,0.524735
224368,0.48851666666666665
224369,0.45343249999999996
224370,0.4184925
224371,0.37917083333333335
224372,0.33904083333333335
224373,0.30184083333333334
224374,0.26188249999999996
224375,0.22168166666666664
224376,0.18047916666666666
224377,0.1422941666666667
224378,0.12794583333333334
224379,0.09838583333333334
224380,0.08025083333333334
224381,0.06950583333333334
224382,0.05668083333333333
224383,0.05017166666666666
224384,0.04286333333333333
224385,0.038135833333333334
224386,0.0348975
224387,0.03348416666666666
224388,0.03519833333333334
224389,0.04356583333333333
224390,0.052638333333333336
224391,0.06171666666666667
224392,0.07070083333333334
224393,0.07890166666666666
224394,0.09224750000000001
224395,0.10785166666666667
224396,0.12491666666666666
224397,0.1425825
224398,0.1602775
224399,0.1778925
224400,0.19632333333333332
224401,0.2129116666666667
224402,0.22835
224403,0.24112166666666665
224404,0.24779916666666668
224405,0.2528475
224406,0.26274749999999997
224407,0.2708608333333333
224408,0.29719500000000004
224409,0.32572500000000004
224410,0.3543308333333333
224411,0.3768708333333333
224412,0.38829416666666666
224413,0.3917375
224414,0.3946733333333334
224415,0.39514583333333336
224416,0.39917166666666665
224417,0.40811583333333334
224418,0.42432000000000003
224419,0.443855
224420,0.45918749999999997
224421,0.47741666666666666
224422,0.49511750000000004
224423,0.5055508333333333
224424,0.5102633333333333
224425,0.5192533333333333
224426,0.5382891666666667
224427,0.5701824999999999
224428,0.60931
224429,0.6490675
224430,0.6926408333333334
224431,0.7347341666666668
224432,0.7722483333333333
224433,0.80437
224434,0.8326558333333334
224435,0.8669308333333333
224436,0.8936358333333333
224437,0.9211175
224438,0.9399858333333333
224439,0.9572024999999998
224440,0.9689075
224441,0.9759233333333334
224442,0.9810075
224443,0.9861566666666666
224444,0.9913291666666666
224445,0.9939541666666667
224446,0.9957266666666666
224447,0.9968975
224448,0.9974000000000001
224449,0.9976566666666666
224450,0.9978016666666666
224451,0.9978925000000001
224452,0.9979399999999999
224453,0.9979724999999999
224454,0.9979675
224455,0.9979150000000001
224456,0.9978750000000001
224457,0.9977891666666667
224458,0.9977383333333333
224459,0.9976591666666667
224460,0.9975608333333333
224461,0.9974733333333333
224462,0.9974299999999999
224463,0.997375
224464,0.9972833333333333
224465,0.9971266666666666
224466,0.9958975
224467,0.9943041666666667
224468,0.9890625
224469,0.9826750000000001
224470,0.9747
224471,0.9677066666666666
224472,0.9638541666666666
224473,0.9555666666666667
224474,0.9492208333333334
224475,0.9401325
224476,0.9280925
224477,0.9181950000000001
224478,0.9053508333333333
224479,0.8918525
224480,0.8791358333333333
224481,0.8645533333333333
224482,0.8480775
224483,0.8358716666666667
224484,0.8260500000000001
224485,0.8162433333333332
224486,0.8018783333333332
224487,0.7912075000000001
224488,0.7822983333333333
224489,0.7709733333333334
224490,0.7634791666666666
224491,0.7553108333333333
224492,0.7435333333333333
224493,0.7356125
224494,0.7259216666666667
224495,0.7181416666666666
224496,0.7146158333333333
224497,0.7068075
224498,0.6972083333333333
224499,0.6826841666666665
224500,0.6683100000000001
224501,0.652405
224502,0.6302683333333333
224503,0.6121558333333332
224504,0.5920766666666667
224505,0.5694391666666667
224506,0.54812
224507,0.5256833333333333
224508,0.5008225000000001
224509,0.49162999999999996
224510,0.47353166666666663
224511,0.4645858333333333
224512,0.46367416666666667
224513,0.4626624999999999
224514,0.46225
224515,0.45452333333333333
224516,0.4514708333333333
224517,0.4585416666666667
224518,0.4520891666666667
224519,0.4487116666666667
224520,0.44405750000000005
224521,0.43953916666666665
224522,0.44565750000000004
224523,0.4517508333333334
224524,0.4552675
224525,0.46764500000000003
224526,0.4731975
224527,0.4783975
224528,0.48194249999999994
224529,0.48698499999999995
224530,0.5039841666666667
224531,0.5212241666666667
224532,0.5271816666666667
224533,0.5443266666666666
224534,0.5698675000000001
224535,0.6001308333333333
224536,0.6326508333333333
224537,0.657905
224538,0.6821841666666667
224539,0.6946533333333332
224540,0.7113816666666666
224541,0.7191691666666666
224542,0.7262166666666666
224543,0.7378433333333333
224544,0.7546091666666667
224545,0.7678333333333334
224546,0.7822366666666666
224547,0.7987033333333334
224548,0.8166816666666666
224549,0.8260441666666666
224550,0.8320516666666667
224551,0.8391433333333332
224552,0.8470358333333333
224553,0.8577583333333333
224554,0.8705916666666667
224555,0.8768741666666667
224556,0.8886891666666668
224557,0.89917
224558,0.9086633333333334
224559,0.9146841666666667
224560,0.9190566666666666
224561,0.9222950000000001
224562,0.9241491666666666
224563,0.9255341666666667
224564,0.9271433333333333
224565,0.9295991666666665
224566,0.9325916666666667
224567,0.93394
224568,0.9339816666666666
224569,0.9341308333333334
224570,0.9284241666666666
224571,0.9257766666666666
224572,0.9250841666666666
224573,0.9224691666666666
224574,0.91848
224575,0.9169916666666666
224576,0.9162766666666666
224577,0.9151591666666667
224578,0.9113008333333333
224579,0.9070175
224580,0.9020533333333334
224581,0.8884091666666668
224582,0.8705875
224583,0.8497375
224584,0.8328991666666667
224585,0.8272433333333333
224586,0.8189875000000001
224587,0.8079783333333334
224588,0.7944016666666668
224589,0.7791575000000001
224590,0.7650849999999999
224591,0.7498466666666667
224592,0.7362850000000001
224593,0.7225908333333334
224594,0.7132475
224595,0.7046941666666666
224596,0.6998766666666666
224597,0.6967008333333333
224598,0.6850633333333334
224599,0.6801033333333333
224600,0.6796458333333334
224601,0.670795
224602,0.6651883333333333
224603,0.6588533333333333
224604,0.6547383333333333
224605,0.6447283333333333
224606,0.6322758333333334
224607,0.6179033333333332
224608,0.5981166666666666
224609,0.5623024999999999
224610,0.5299408333333333
224611,0.49964083333333337
224612,0.47059416666666665
224613,0.4548858333333333
224614,0.4271483333333333
224615,0.3830466666666667
224616,0.3461933333333333
224617,0.30635083333333335
224618,0.26693083333333334
224619,0.24330625
224620,0.22094038461538462
224621,0.19854791666666669
224622,0.1728284090909091
224623,0.15424625
224624,0.1506847222222222
224625,0.140578125
224626,0.00478125
224627,0.004618055555555556
224628,0.0042775
224629,0.0041863636363636365
224630,0.004128125
224631,0.004164423076923078
224632,0.004434821428571429
224633,0.004935833333333334
224634,0.005593333333333334
224635,0.006055
224636,0.0068183333333333325
224637,0.007780833333333333
224638,0.0090025
224639,0.01724666666666667
224640,0.025575833333333332
224641,0.035473333333333336
224642,0.06563166666666667
224643,0.09935583333333334
224644,0.13638583333333335
224645,0.17557833333333334
224646,0.21497666666666668
224647,0.2519175
224648,0.284455
224649,0.321015
224650,0.35664833333333334
224651,0.3922458333333333
224652,0.43077
224653,0.47150083333333337
224654,0.5090600000000001
224655,0.5415183333333332
224656,0.5747758333333334
224657,0.5932366666666666
224658,0.611945
224659,0.6298883333333334
224660,0.6484808333333334
224661,0.66323
224662,0.68149
224663,0.7031775
224664,0.7179791666666666
224665,0.7336208333333333
224666,0.747675
224667,0.7569625
224668,0.7636808333333334
224669,0.76305
224670,0.7648033333333334
224671,0.7695233333333333
224672,0.7671566666666667
224673,0.7629750000000001
224674,0.75897
224675,0.7548008333333333
224676,0.7543883333333333
224677,0.7524766666666667
224678,0.7506358333333334
224679,0.7552316666666666
224680,0.7605183333333334
224681,0.7504825
224682,0.7389899999999999
224683,0.7223208333333333
224684,0.7077883333333334
224685,0.6946975
224686,0.6779533333333333
224687,0.6640766666666666
224688,0.6431841666666667
224689,0.6319733333333333
224690,0.6153133333333333
224691,0.6015191666666666
224692,0.5862833333333334
224693,0.5703066666666667
224694,0.5540483333333334
224695,0.5384358333333333
224696,0.5461566666666666
224697,0.5562658333333333
224698,0.5733391666666666
224699,0.5961858333333333
224700,0.6044641666666666
224701,0.6068533333333334
224702,0.6043025
224703,0.6005999999999999
224704,0.5868791666666666
224705,0.5715575
224706,0.5540391666666667
224707,0.5265583333333334
224708,0.4990883333333333
224709,0.4716116666666667
224710,0.4431325
224711,0.4039541666666667
224712,0.3675333333333333
224713,0.3294358333333333
224714,0.28496333333333335
224715,0.25770499999999996
224716,0.23660416666666664
224717,0.219175
224718,0.20481
224719,0.19270666666666666
224720,0.18342583333333332
224721,0.1733075
224722,0.17731666666666665
224723,0.19079583333333336
224724,0.2034733333333333
224725,0.21174
224726,0.22670333333333334
224727,0.24168583333333335
224728,0.2579725
224729,0.27841666666666665
224730,0.27896
224731,0.2774525
224732,0.2719975
224733,0.26972583333333333
224734,0.26485833333333336
224735,0.26398083333333333
224736,0.26040083333333336
224737,0.25172
224738,0.23543333333333333
224739,0.21434083333333334
224740,0.19688833333333333
224741,0.17561416666666668
224742,0.15313166666666664
224743,0.12904333333333334
224744,0.10306916666666667
224745,0.09601583333333334
224746,0.08963833333333333
224747,0.08688749999999999
224748,0.08181000000000001
224749,0.0741325
224750,0.06387083333333334
224751,0.05691833333333333
224752,0.054642500000000004
224753,0.05205083333333334
224754,0.053014166666666675
224755,0.05468
224756,0.05729916666666667
224757,0.06015166666666667
224758,0.06462
224759,0.06982083333333332
224760,0.07483833333333334
224761,0.07799083333333333
224762,0.082305
224763,0.08744416666666667
224764,0.0965225
224765,0.10709583333333333
224766,0.1179325
224767,0.12805999999999998
224768,0.14293583333333335
224769,0.15971583333333333
224770,0.177655
224771,0.20042833333333335
224772,0.22819166666666665
224773,0.25173833333333334
224774,0.28832916666666664
224775,0.3256925
224776,0.3614308333333333
224777,0.3887325
224778,0.4136958333333334
224779,0.42742583333333334
224780,0.438925
224781,0.4458491666666667
224782,0.45024749999999997
224783,0.4503133333333334
224784,0.4502008333333334
224785,0.4469783333333333
224786,0.4399608333333333
224787,0.4261758333333333
224788,0.416475
224789,0.39609916666666667
224790,0.35862166666666667
224791,0.3260908333333334
224792,0.3042616666666667
224793,0.2864766666666666
224794,0.27530249999999995
224795,0.2731825
224796,0.27448666666666666
224797,0.27363
224798,0.27353083333333333
224799,0.271235
224800,0.28174
224801,0.2925591666666667
224802,0.3177716666666666
224803,0.3445941666666667
224804,0.3684266666666666
224805,0.40796166666666667
224806,0.4458933333333333
224807,0.4779075
224808,0.5109308333333333
224809,0.5433933333333333
224810,0.5723066666666666
224811,0.6006266666666666
224812,0.64169
224813,0.6810916666666667
224814,0.7205866666666666
224815,0.7438658333333332
224816,0.7669941666666666
224817,0.7786833333333333
224818,0.7891975
224819,0.7977583333333332
224820,0.80919
224821,0.8199616666666666
224822,0.8359008333333333
224823,0.8501883333333333
224824,0.8665383333333333
224825,0.8791541666666666
224826,0.8919708333333334
224827,0.8961758333333333
224828,0.8990616666666666
224829,0.9016108333333334
224830,0.9099524999999999
224831,0.9180316666666667
224832,0.9239591666666667
224833,0.9277091666666667
224834,0.9311349999999999
224835,0.9298308333333334
224836,0.9302166666666667
224837,0.9079058333333333
224838,0.884965
224839,0.8578575
224840,0.8291708333333333
224841,0.79345
224842,0.7534575
224843,0.7120041666666667
224844,0.6625525
224845,0.6095108333333333
224846,0.5581533333333333
224847,0.5154583333333334
224848,0.4772516666666667
224849,0.44324500000000006
224850,0.4131141666666666
224851,0.3849625
224852,0.38336
224853,0.3877333333333334
224854,0.40279833333333337
224855,0.4232825
224856,0.45366666666666666
224857,0.4883633333333333
224858,0.5284574999999999
224859,0.5783441666666665
224860,0.6322408333333333
224861,0.6831875000000001
224862,0.7273291666666667
224863,0.76744
224864,0.8047175
224865,0.8411141666666666
224866,0.8737241666666667
224867,0.900225
224868,0.9216716666666667
224869,0.9347291666666667
224870,0.9412616666666668
224871,0.9444508333333334
224872,0.9452774999999999
224873,0.9397083333333334
224874,0.9255091666666666
224875,0.9027391666666666
224876,0.8732758333333333
224877,0.8361891666666667
224878,0.8003341666666667
224879,0.7704416666666667
224880,0.7363875
224881,0.6957308333333333
224882,0.6533758333333334
224883,0.6091325
224884,0.5683766666666668
224885,0.52479
224886,0.49369
224887,0.45714416666666663
224888,0.4221816666666667
224889,0.3963358333333334
224890,0.390445
224891,0.38541916666666665
224892,0.3824866666666667
224893,0.38445666666666667
224894,0.38547
224895,0.3945666666666667
224896,0.4169233333333333
224897,0.45055666666666666
224898,0.4872191666666667
224899,0.5221875
224900,0.5623841666666666
224901,0.5918191666666667
224902,0.6299733333333334
224903,0.6712483333333333
224904,0.7079258333333333
224905,0.7313233333333334
224906,0.7519658333333333
224907,0.7753266666666666
224908,0.7939225
224909,0.8073508333333334
224910,0.8209891666666668
224911,0.8299858333333333
224912,0.8332908333333333
224913,0.8301383333333334
224914,0.8296483333333333
224915,0.8288224999999999
224916,0.8296216666666666
224917,0.8228025
224918,0.8142216666666667
224919,0.8049858333333334
224920,0.7915416666666667
224921,0.7872825
224922,0.7800116666666667
224923,0.7687116666666667
224924,0.7557941666666665
224925,0.73357
224926,0.7104266666666667
224927,0.6844300000000001
224928,0.6648091666666666
224929,0.6348900000000001
224930,0.5976766666666666
224931,0.5547583333333334
224932,0.5325408333333334
224933,0.5096108333333333
224934,0.48704166666666665
224935,0.4738441666666667
224936,0.46343166666666663
224937,0.4569066666666666
224938,0.4556075
224939,0.45046166666666665
224940,0.4489683333333333
224941,0.44817
224942,0.44335083333333336
224943,0.4366466666666666
224944,0.43323
224945,0.4339275
224946,0.438385
224947,0.4317683333333333
224948,0.4336591666666667
224949,0.43648833333333337
224950,0.4392783333333333
224951,0.44194083333333334
224952,0.4479425
224953,0.4538841666666667
224954,0.4654358333333333
224955,0.4748083333333334
224956,0.4883883333333333
224957,0.5048966666666667
224958,0.5259175
224959,0.5520991666666667
224960,0.5881575
224961,0.6241858333333333
224962,0.6587391666666667
224963,0.6868116666666667
224964,0.7082283333333333
224965,0.7232
224966,0.7331325
224967,0.7364008333333333
224968,0.7334324999999999
224969,0.7231508333333333
224970,0.7195591666666666
224971,0.708085
224972,0.6937283333333333
224973,0.6828008333333333
224974,0.6697766666666667
224975,0.6456025000000001
224976,0.62441
224977,0.6085433333333333
224978,0.5917250000000001
224979,0.5811983333333333
224980,0.569205
224981,0.5589491666666666
224982,0.5430191666666667
224983,0.5494533333333333
224984,0.5611316666666666
224985,0.5678075
224986,0.5708358333333334
224987,0.5801200000000001
224988,0.5809991666666666
224989,0.582635
224990,0.5902583333333332
224991,0.5972325
224992,0.5986941666666666
224993,0.6016766666666665
224994,0.5960099999999999
224995,0.5978308333333333
224996,0.6031925
224997,0.6213591666666667
224998,0.6190508333333333
224999,0.6244116666666667
225000,0.6286758333333334
225001,0.6436916666666667
225002,0.6563133333333333
225003,0.6696125
225004,0.6818841666666666
225005,0.6952575000000001
225006,0.704675
225007,0.7107541666666667
225008,0.7198275
225009,0.7380141666666665
225010,0.7552424999999999
225011,0.7675516666666666
225012,0.7757016666666666
225013,0.7874058333333332
225014,0.79328
225015,0.8007616666666666
225016,0.8027933333333334
225017,0.7982166666666667
225018,0.7927741666666666
225019,0.7897741666666666
225020,0.7817941666666666
225021,0.7763708333333332
225022,0.77175
225023,0.76574
225024,0.7577433333333334
225025,0.7438116666666666
225026,0.734595
225027,0.7315075
225028,0.7267191666666667
225029,0.7255658333333334
225030,0.7257358333333334
225031,0.7238216666666666
225032,0.7244550000000001
225033,0.7268558333333334
225034,0.7181000000000001
225035,0.7118258333333334
225036,0.7065625000000001
225037,0.7052316666666666
225038,0.7013733333333333
225039,0.701295
225040,0.705705
225041,0.7098758333333334
225042,0.7082041666666666
225043,0.7068575
225044,0.7006841666666667
225045,0.6912225000000001
225046,0.6854491666666667
225047,0.6838566666666667
225048,0.6876650000000001
225049,0.7043658333333334
225050,0.7175858333333333
225051,0.7220549999999999
225052,0.7190933333333334
225053,0.7155758333333334
225054,0.7111566666666665
225055,0.7179199999999999
225056,0.7220558333333333
225057,0.726215
225058,0.7329341666666667
225059,0.7374141666666667
225060,0.7412508333333333
225061,0.7431708333333333
225062,0.7442875000000001
225063,0.7436466666666667
225064,0.7373091666666666
225065,0.7323191666666666
225066,0.7312483333333334
225067,0.73335
225068,0.7397291666666667
225069,0.7526358333333333
225070,0.7518783333333334
225071,0.7494741666666667
225072,0.7468683333333332
225073,0.7423758333333333
225074,0.7356391666666666
225075,0.73262
225076,0.7262525
225077,0.7218191666666666
225078,0.7115841666666666
225079,0.7053866666666667
225080,0.7030866666666665
225081,0.7061799999999999
225082,0.7110825000000001
225083,0.7149075
225084,0.7132733333333334
225085,0.6997924999999999
225086,0.687435
225087,0.6814300000000001
225088,0.6729958333333333
225089,0.6745316666666668
225090,0.679465
225091,0.6852708333333334
225092,0.6874358333333334
225093,0.690835
225094,0.6956541666666667
225095,0.6981333333333334
225096,0.6981941666666667
225097,0.6935516666666666
225098,0.6866599999999999
225099,0.6798058333333332
225100,0.6852858333333333
225101,0.6933525
225102,0.6945391666666667
225103,0.7004374999999999
225104,0.6960025000000001
225105,0.6868308333333334
225106,0.6814416666666666
225107,0.67562
225108,0.66903
225109,0.6599641666666667
225110,0.6426858333333333
225111,0.62159
225112,0.6033916666666667
225113,0.58606
225114,0.5693308333333333
225115,0.5631333333333333
225116,0.5589091666666667
225117,0.5539299999999999
225118,0.5466325
225119,0.5503716666666667
225120,0.5549808333333334
225121,0.5598691666666668
225122,0.5585658333333333
225123,0.5608716666666668
225124,0.5633941666666666
225125,0.5750708333333333
225126,0.5775975
225127,0.5686433333333334
225128,0.55772
225129,0.5451841666666667
225130,0.5178016666666667
225131,0.4881058333333333
225132,0.46002916666666666
225133,0.4291358333333334
225134,0.40037416666666664
225135,0.37343
225136,0.3429091666666667
225137,0.31582250000000006
225138,0.2872450000000001
225139,0.2572508333333333
225140,0.22688166666666668
225141,0.21206
225142,0.2130766666666667
225143,0.22193500000000002
225144,0.22785416666666666
225145,0.2455566666666667
225146,0.25907833333333335
225147,0.2736808333333334
225148,0.2898091666666666
225149,0.29721416666666667
225150,0.30488249999999995
225151,0.31768583333333333
225152,0.3306616666666667
225153,0.34613416666666663
225154,0.3666891666666667
225155,0.3812325
225156,0.39148499999999997
225157,0.4111208333333333
225158,0.42262500000000003
225159,0.43783083333333334
225160,0.43829583333333333
225161,0.44056833333333334
225162,0.43275833333333336
225163,0.42197
225164,0.4163466666666667
225165,0.40434583333333335
225166,0.3912116666666667
225167,0.38432333333333335
225168,0.3815366666666667
225169,0.37270583333333335
225170,0.3712341666666667
225171,0.36891416666666665
225172,0.35464833333333334
225173,0.3368941666666666
225174,0.31784166666666663
225175,0.30112666666666665
225176,0.28653833333333334
225177,0.28339333333333333
225178,0.28569666666666665
225179,0.2853016666666666
225180,0.2873658333333333
225181,0.284455
225182,0.2809875
225183,0.2697083333333333
225184,0.2595166666666667
225185,0.24677583333333336
225186,0.2396225
225187,0.23907333333333333
225188,0.23829333333333336
225189,0.24211749999999999
225190,0.252625
225191,0.2640825
225192,0.28453666666666666
225193,0.30755
225194,0.33353666666666665
225195,0.3701491666666667
225196,0.410035
225197,0.43741583333333334
225198,0.45726583333333337
225199,0.4639708333333334
225200,0.4716375
225201,0.4800375
225202,0.47805666666666663
225203,0.48144000000000003
225204,0.4841183333333333
225205,0.49630416666666666
225206,0.5046016666666666
225207,0.49314416666666666
225208,0.47429
225209,0.45298499999999997
225210,0.4192008333333333
225211,0.3873141666666667
225212,0.36487916666666664
225213,0.3534083333333333
225214,0.3578691666666666
225215,0.3692041666666667
225216,0.3750216666666667
225217,0.37984083333333335
225218,0.3867983333333333
225219,0.39303083333333333
225220,0.3974258333333333
225221,0.40155166666666664
225222,0.4190683333333334
225223,0.43930666666666673
225224,0.45610083333333334
225225,0.47454583333333333
225226,0.4912416666666667
225227,0.5113066666666667
225228,0.5285341666666666
225229,0.5439758333333333
225230,0.5466533333333333
225231,0.5493450000000001
225232,0.5571775
225233,0.5590050000000001
225234,0.55946
225235,0.5516425
225236,0.5418758333333333
225237,0.5277350000000001
225238,0.5192991666666666
225239,0.512155
225240,0.5104133333333334
225241,0.4904233333333333
225242,0.47565583333333333
225243,0.45479333333333327
225244,0.4274066666666666
225245,0.4029491666666667
225246,0.379475
225247,0.35401333333333335
225248,0.328515
225249,0.30093416666666667
225250,0.2758041666666667
225251,0.25495666666666666
225252,0.23229666666666665
225253,0.204575
225254,0.17841166666666666
225255,0.15683999999999998
225256,0.15363583333333333
225257,0.14795166666666668
225258,0.149325
225259,0.15527833333333332
225260,0.15925166666666665
225261,0.16484833333333335
225262,0.17568583333333335
225263,0.19855250000000002
225264,0.23290666666666668
225265,0.26875499999999997
225266,0.311085
225267,0.35979500000000003
225268,0.4123233333333333
225269,0.46708916666666667
225270,0.5140216666666667
225271,0.5631783333333333
225272,0.6093716666666666
225273,0.6547908333333333
225274,0.7018741666666667
225275,0.7537175
225276,0.8045558333333334
225277,0.8502791666666667
225278,0.8875858333333333
225279,0.9143208333333334
225280,0.9365975
225281,0.9515825000000001
225282,0.9613058333333334
225283,0.9658350000000001
225284,0.9666291666666667
225285,0.9682741666666667
225286,0.9681225
225287,0.9667066666666667
225288,0.9643158333333334
225289,0.9545966666666666
225290,0.9459566666666667
225291,0.9360025000000001
225292,0.92663
225293,0.9075399999999999
225294,0.8876733333333333
225295,0.8666941666666667
225296,0.8459141666666666
225297,0.82069
225298,0.7992033333333333
225299,0.7742216666666667
225300,0.7436808333333335
225301,0.7140133333333334
225302,0.6901916666666666
225303,0.6643508333333333
225304,0.6383933333333334
225305,0.6095491666666668
225306,0.5827399999999999
225307,0.5522333333333334
225308,0.5311075
225309,0.5146166666666667
225310,0.49586500000000006
225311,0.47189333333333333
225312,0.45353666666666664
225313,0.4328458333333333
225314,0.41524
225315,0.3986816666666667
225316,0.3808383333333333
225317,0.3559333333333333
225318,0.33080833333333337
225319,0.31086749999999996
225320,0.2918116666666667
225321,0.27224916666666665
225322,0.25423083333333335
225323,0.23671416666666667
225324,0.21814666666666666
225325,0.21074916666666668
225326,0.20827500000000002
225327,0.20501666666666665
225328,0.20549333333333333
225329,0.20968
225330,0.21515
225331,0.22112666666666667
225332,0.23520916666666666
225333,0.25499666666666665
225334,0.2700208333333333
225335,0.28569
225336,0.3107958333333333
225337,0.3440433333333333
225338,0.3752975
225339,0.4158058333333334
225340,0.4494241666666667
225341,0.48266333333333333
225342,0.5135108333333334
225343,0.5470574999999999
225344,0.5776616666666666
225345,0.6091574999999999
225346,0.64242
225347,0.6722941666666667
225348,0.70093
225349,0.7359908333333334
225350,0.7735666666666667
225351,0.8009433333333332
225352,0.8220916666666667
225353,0.8457208333333334
225354,0.8587466666666667
225355,0.8706983333333334
225356,0.8831233333333334
225357,0.8975616666666666
225358,0.9057350000000001
225359,0.9149341666666666
225360,0.9260091666666668
225361,0.9347133333333333
225362,0.9396533333333333
225363,0.9426083333333334
225364,0.9438
225365,0.9385666666666667
225366,0.931825
225367,0.9195749999999999
225368,0.9037058333333333
225369,0.8940841666666668
225370,0.8833558333333333
225371,0.8684566666666667
225372,0.8436825
225373,0.8244866666666667
225374,0.7969166666666667
225375,0.7634691666666666
225376,0.7344716666666666
225377,0.7014441666666666
225378,0.6703399999999999
225379,0.6204616666666667
225380,0.5804958333333333
225381,0.5412358333333334
225382,0.5059775
225383,0.4748291666666667
225384,0.4349241666666667
225385,0.39740416666666667
225386,0.36520499999999995
225387,0.34061583333333334
225388,0.3160158333333333
225389,0.29731250000000004
225390,0.28436
225391,0.2671408333333333
225392,0.2561583333333333
225393,0.24242416666666664
225394,0.25465750000000004
225395,0.25971249999999996
225396,0.2612158333333333
225397,0.25991333333333333
225398,0.25645
225399,0.25278666666666666
225400,0.24649
225401,0.24119249999999998
225402,0.23892166666666667
225403,0.22703416666666668
225404,0.22100166666666665
225405,0.21524833333333332
225406,0.20951583333333332
225407,0.201385
225408,0.19635666666666665
225409,0.18200333333333332
225410,0.168855
225411,0.16589749999999998
225412,0.16615416666666666
225413,0.16925666666666667
225414,0.17488833333333337
225415,0.18961
225416,0.1922541666666667
225417,0.20074166666666665
225418,0.20605666666666667
225419,0.211065
225420,0.21646666666666667
225421,0.23558916666666666
225422,0.24616749999999998
225423,0.25819833333333336
225424,0.272485
225425,0.298565
225426,0.3207808333333333
225427,0.33866999999999997
225428,0.3567683333333333
225429,0.3778166666666667
225430,0.39374916666666665
225431,0.42164
225432,0.43853333333333333
225433,0.46556583333333335
225434,0.49162333333333336
225435,0.5112766666666667
225436,0.5137325
225437,0.5214166666666668
225438,0.5290008333333334
225439,0.5362158333333333
225440,0.5313708333333333
225441,0.525155
225442,0.5253208333333333
225443,0.52208
225444,0.5115625
225445,0.5000600000000001
225446,0.48654583333333334
225447,0.47946000000000005
225448,0.45670750000000004
225449,0.4325491666666667
225450,0.41063
225451,0.3907633333333333
225452,0.3779583333333333
225453,0.3646758333333333
225454,0.3584108333333333
225455,0.3578716666666667
225456,0.36080000000000007
225457,0.35736833333333334
225458,0.3697933333333333
225459,0.3873083333333333
225460,0.4073775
225461,0.4301608333333334
225462,0.4521233333333333
225463,0.48516166666666666
225464,0.5174383333333333
225465,0.5578333333333333
225466,0.5990991666666667
225467,0.6280683333333332
225468,0.6508433333333332
225469,0.6712766666666667
225470,0.6832791666666667
225471,0.6825916666666667
225472,0.6828466666666666
225473,0.6667616666666666
225474,0.6424241666666667
225475,0.6124708333333333
225476,0.5771
225477,0.5444441666666667
225478,0.5083808333333333
225479,0.470715
225480,0.4279308333333333
225481,0.38871916666666667
225482,0.35982
225483,0.3350691666666667
225484,0.3056033333333333
225485,0.2779625
225486,0.259
225487,0.24184416666666667
225488,0.22400333333333336
225489,0.20980000000000001
225490,0.19766583333333332
225491,0.18877416666666666
225492,0.17751333333333333
225493,0.17169083333333335
225494,0.17110916666666665
225495,0.17181416666666666
225496,0.17741750000000003
225497,0.18310333333333334
225498,0.19045416666666667
225499,0.20138666666666666
225500,0.21756583333333335
225501,0.22883583333333332
225502,0.2422775
225503,0.25932
225504,0.27945333333333333
225505,0.300705
225506,0.32524
225507,0.337785
225508,0.3468733333333333
225509,0.3560641666666667
225510,0.3725983333333333
225511,0.38332333333333335
225512,0.39155166666666663
225513,0.39614083333333333
225514,0.40191583333333336
225515,0.40059999999999996
225516,0.4083058333333333
225517,0.4207741666666667
225518,0.43416083333333333
225519,0.4359941666666666
225520,0.4311791666666666
225521,0.45438666666666666
225522,0.48806083333333333
225523,0.5269891666666666
225524,0.5612933333333333
225525,0.5852783333333333
225526,0.6100241666666667
225527,0.6340608333333333
225528,0.6535124999999999
225529,0.6716016666666665
225530,0.6926066666666667
225531,0.7175733333333334
225532,0.7375941666666666
225533,0.7547499999999999
225534,0.7828625
225535,0.81451
225536,0.8177116666666666
225537,0.8181541666666666
225538,0.8169633333333334
225539,0.8209708333333334
225540,0.8263041666666666
225541,0.82689
225542,0.82866
225543,0.836065
225544,0.8416283333333333
225545,0.8455591666666666
225546,0.8419475000000001
225547,0.8366858333333335
225548,0.8302616666666668
225549,0.8217325
225550,0.8162325
225551,0.8083683333333335
225552,0.8032283333333333
225553,0.7906983333333333
225554,0.7773208333333332
225555,0.7647691666666667
225556,0.7578091666666666
225557,0.7530008333333333
225558,0.7474425
225559,0.7439891666666667
225560,0.7464908333333332
225561,0.7521941666666666
225562,0.7579141666666666
225563,0.7667991666666666
225564,0.7760783333333332
225565,0.7837858333333333
225566,0.7895516666666665
225567,0.7966316666666666
225568,0.8079166666666667
225569,0.81645
225570,0.8250908333333334
225571,0.8320225000000001
225572,0.8380499999999999
225573,0.8457691666666667
225574,0.8512266666666667
225575,0.8524266666666667
225576,0.8499766666666666
225577,0.8516316666666667
225578,0.8529800000000001
225579,0.8515083333333334
225580,0.8506666666666667
225581,0.8503608333333333
225582,0.8477391666666667
225583,0.847955
225584,0.84888
225585,0.8490774999999999
225586,0.8483275
225587,0.8471091666666667
225588,0.847025
225589,0.8496716666666667
225590,0.8534191666666667
225591,0.85769
225592,0.8611633333333333
225593,0.8639291666666666
225594,0.8715574999999999
225595,0.8772225
225596,0.8822533333333333
225597,0.88976
225598,0.8980008333333332
225599,0.9051408333333334
225600,0.9125091666666667
225601,0.9184016666666666
225602,0.9233508333333333
225603,0.92657
225604,0.9274533333333334
225605,0.9275333333333333
225606,0.9274749999999999
225607,0.9267791666666667
225608,0.9256533333333333
225609,0.9250791666666666
225610,0.9252008333333334
225611,0.9277783333333333
225612,0.9299766666666667
225613,0.9306966666666667
225614,0.91577
225615,0.8983091666666667
225616,0.8795333333333334
225617,0.8544758333333333
225618,0.8298116666666666
225619,0.8038716666666667
225620,0.776105
225621,0.7471416666666667
225622,0.7200749999999999
225623,0.6993083333333333
225624,0.6838441666666667
225625,0.6656608333333334
225626,0.6489816666666667
225627,0.6344433333333334
225628,0.6231108333333333
225629,0.6293508333333333
225630,0.6441666666666667
225631,0.6628658333333333
225632,0.6906683333333333
225633,0.7190216666666667
225634,0.7498383333333333
225635,0.7825591666666667
225636,0.8163116666666667
225637,0.8478225
225638,0.8729216666666667
225639,0.8911758333333334
225640,0.9131708333333334
225641,0.9325866666666667
225642,0.948655
225643,0.9609216666666666
225644,0.9712208333333333
225645,0.9756808333333333
225646,0.9776775
225647,0.9779416666666667
225648,0.9776191666666667
225649,0.977115
225650,0.9768041666666666
225651,0.97642
225652,0.975955
225653,0.9747258333333334
225654,0.969245
225655,0.9629583333333332
225656,0.9509383333333333
225657,0.9275800000000001
225658,0.8970841666666666
225659,0.863535
225660,0.8235491666666667
225661,0.7823325000000001
225662,0.7382500000000001
225663,0.6900533333333333
225664,0.6432683333333333
225665,0.59792
225666,0.5506783333333334
225667,0.4971116666666667
225668,0.44471333333333335
225669,0.394005
225670,0.3441475
225671,0.29739166666666667
225672,0.26128999999999997
225673,0.23417166666666667
225674,0.21092999999999998
225675,0.19588333333333333
225676,0.1835575
225677,0.17528
225678,0.17357666666666666
225679,0.17488249999999997
225680,0.17072916666666668
225681,0.16775666666666667
225682,0.17567083333333333
225683,0.19086999999999998
225684,0.20708500000000002
225685,0.22901166666666667
225686,0.25538
225687,0.28942750000000006
225688,0.3222141666666667
225689,0.3607833333333333
225690,0.39081499999999997
225691,0.41890666666666665
225692,0.45334583333333334
225693,0.4844366666666667
225694,0.5110933333333334
225695,0.5474458333333333
225696,0.5903666666666667
225697,0.628255
225698,0.6515908333333333
225699,0.6782783333333333
225700,0.6965558333333333
225701,0.7128399999999999
225702,0.72247
225703,0.7372583333333333
225704,0.7389391666666666
225705,0.7559716666666667
225706,0.7699975
225707,0.7784100000000002
225708,0.7859058333333333
225709,0.7939891666666666
225710,0.7935083333333333
225711,0.78914
225712,0.7843908333333333
225713,0.7886475
225714,0.7902225
225715,0.8011441666666668
225716,0.8105541666666667
225717,0.8169141666666667
225718,0.8215441666666667
225719,0.8317158333333334
225720,0.836725
225721,0.8326183333333333
225722,0.8289558333333333
225723,0.8222991666666667
225724,0.8103091666666666
225725,0.7989208333333334
225726,0.7836683333333333
225727,0.7722
225728,0.75096
225729,0.7311283333333333
225730,0.6993475
225731,0.67033
225732,0.6416974999999999
225733,0.6090966666666666
225734,0.5743558333333333
225735,0.5365883333333332
225736,0.5134283333333334
225737,0.48077916666666665
225738,0.45537249999999996
225739,0.43163
225740,0.40646
225741,0.3820366666666667
225742,0.3532016666666667
225743,0.33059249999999996
225744,0.30761083333333333
225745,0.2936375
225746,0.2880783333333333
225747,0.28430583333333337
225748,0.2823158333333333
225749,0.2913633333333333
225750,0.29952833333333334
225751,0.30306333333333335
225752,0.3143666666666666
225753,0.32484749999999996
225754,0.33216
225755,0.3500541666666666
225756,0.35911166666666666
225757,0.36956333333333335
225758,0.38040749999999995
225759,0.3976558333333333
225760,0.4189475
225761,0.4300133333333333
225762,0.44207
225763,0.45702166666666666
225764,0.466265
225765,0.48174666666666666
225766,0.5022808333333333
225767,0.52429
225768,0.5472341666666666
225769,0.5785941666666666
225770,0.6049
225771,0.6441341666666668
225772,0.6845541666666667
225773,0.7239516666666667
225774,0.7566275
225775,0.7836408333333333
225776,0.8118441666666666
225777,0.8381741666666667
225778,0.8604133333333334
225779,0.8819216666666667
225780,0.8907441666666667
225781,0.8882591666666666
225782,0.8913783333333333
225783,0.8918900000000001
225784,0.8881183333333333
225785,0.8772475
225786,0.8529341666666667
225787,0.8165883333333332
225788,0.7799266666666667
225789,0.7387233333333333
225790,0.6911741666666666
225791,0.6409758333333334
225792,0.5941366666666666
225793,0.5467416666666666
225794,0.497125
225795,0.45710500000000004
225796,0.4669216666666667
225797,0.466945
225798,0.46371666666666667
225799,0.463385
225800,0.46695916666666665
225801,0.4807625
225802,0.4660925
225803,0.45641583333333335
225804,0.4503333333333333
225805,0.44656833333333334
225806,0.44619166666666665
225807,0.4490108333333333
225808,0.44926333333333335
225809,0.44671916666666667
225810,0.43926666666666664
225811,0.3920283333333333
225812,0.352965
225813,0.325665
225814,0.29064083333333335
225815,0.2522675
225816,0.21095583333333331
225817,0.20368
225818,0.1949025
225819,0.18518083333333332
225820,0.17797000000000002
225821,0.1758525
225822,0.17038916666666667
225823,0.16566583333333332
225824,0.16248333333333334
225825,0.15922583333333332
225826,0.15394916666666666
225827,0.16526333333333335
225828,0.16154916666666666
225829,0.16773916666666666
225830,0.17640916666666667
225831,0.18409
225832,0.19363833333333333
225833,0.20082999999999998
225834,0.20724916666666668
225835,0.21205333333333334
225836,0.21167999999999998
225837,0.21096916666666665
225838,0.20957166666666666
225839,0.20763666666666666
225840,0.20744666666666667
225841,0.20852166666666666
225842,0.1889825
225843,0.17499916666666668
225844,0.15663583333333336
225845,0.1387658333333333
225846,0.12375
225847,0.11201833333333333
225848,0.10156666666666667
225849,0.09343416666666668
225850,0.08626833333333334
225851,0.07927166666666667
225852,0.06881333333333334
225853,0.0611575
225854,0.05641583333333333
225855,0.05230749999999999
225856,0.0485375
225857,0.04340583333333334
225858,0.0392625
225859,0.037670833333333334
225860,0.0390825
225861,0.04410333333333334
225862,0.056212500000000006
225863,0.09707333333333334
225864,0.14943
225865,0.20292666666666667
225866,0.2529008333333333
225867,0.30112
225868,0.3526375
225869,0.4013183333333333
225870,0.4517433333333333
225871,0.5024166666666666
225872,0.5501625
225873,0.5965183333333334
225874,0.6444150000000001
225875,0.6917933333333333
225876,0.7333516666666667
225877,0.767715
225878,0.770875
225879,0.7670516666666667
225880,0.7633074999999999
225881,0.7599716666666667
225882,0.7589858333333334
225883,0.7585233333333332
225884,0.7445149999999999
225885,0.7302166666666667
225886,0.7151458333333333
225887,0.6959525000000001
225888,0.6772341666666667
225889,0.64891
225890,0.6176166666666667
225891,0.58648
225892,0.5591983333333334
225893,0.5324075
225894,0.5072308333333333
225895,0.47696749999999993
225896,0.45041
225897,0.4345275
225898,0.41142166666666663
225899,0.4055
225900,0.40016416666666665
225901,0.3863091666666667
225902,0.3783775
225903,0.36344583333333336
225904,0.3477658333333333
225905,0.33446916666666665
225906,0.3212225
225907,0.3046291666666666
225908,0.28880666666666666
225909,0.26983666666666667
225910,0.25311416666666664
225911,0.236115
225912,0.20824249999999997
225913,0.1840416666666667
225914,0.16534249999999998
225915,0.14253583333333333
225916,0.12688833333333333
225917,0.1108825
225918,0.09623833333333333
225919,0.08894583333333332
225920,0.08077416666666666
225921,0.0757825
225922,0.07075333333333332
225923,0.06696666666666666
225924,0.06111916666666666
225925,0.05667
225926,0.05072416666666666
225927,0.046406666666666666
225928,0.04180083333333333
225929,0.03038916666666667
225930,0.0208925
225931,0.012925
225932,0.005430833333333333
225933,0.004200833333333333
225934,0.003273333333333334
225935,0.0028074999999999997
225936,0.002679166666666667
225937,0.0026041666666666665
225938,0.0028175
225939,0.0031975000000000003
225940,0.0035958333333333333
225941,0.004010833333333333
225942,0.0044199999999999995
225943,0.005382499999999999
225944,0.005874166666666666
225945,0.006804166666666667
225946,0.008093333333333334
225947,0.00946
225948,0.0109725
225949,0.01209
225950,0.0191075
225951,0.029968333333333333
225952,0.03911666666666667
225953,0.0489825
225954,0.060082500000000004
225955,0.07648
225956,0.09185083333333334
225957,0.10224666666666667
225958,0.11556833333333333
225959,0.16978083333333333
225960,0.22549166666666667
225961,0.2812883333333333
225962,0.33878833333333336
225963,0.400525
225964,0.46316666666666667
225965,0.5200941666666666
225966,0.5737833333333333
225967,0.628935
225968,0.6842066666666666
225969,0.7383400000000001
225970,0.7870950000000001
225971,0.8368041666666667
225972,0.8915541666666666
225973,0.9426333333333333
225974,0.9533191666666666
225975,0.9619308333333333
225976,0.9700641666666667
225977,0.9765750000000001
225978,0.9786066666666666
225979,0.9792008333333334
225980,0.9792883333333333
225981,0.9790491666666666
225982,0.9785441666666667
225983,0.9766333333333334
225984,0.9657783333333333
225985,0.9507716666666667
225986,0.935945
225987,0.91246
225988,0.8913708333333333
225989,0.8664558333333333
225990,0.8435475
225991,0.8092633333333333
225992,0.7709558333333334
225993,0.7304216666666666
225994,0.6814758333333333
225995,0.6313774999999999
225996,0.580945
225997,0.5312341666666667
225998,0.500435
225999,0.4849175
226000,0.4659816666666667
226001,0.4450541666666667
226002,0.44501833333333335
226003,0.4416783333333333
226004,0.4404225
226005,0.4435283333333333
226006,0.46316250000000003
226007,0.4879833333333334
226008,0.49929
226009,0.5166608333333333
226010,0.5425616666666666
226011,0.5708391666666668
226012,0.5955366666666666
226013,0.6107716666666666
226014,0.6255133333333335
226015,0.6488225
226016,0.6727749999999999
226017,0.6849700000000001
226018,0.701115
226019,0.7187899999999999
226020,0.7345758333333332
226021,0.743
226022,0.7511291666666666
226023,0.7746941666666667
226024,0.7897908333333332
226025,0.7987483333333334
226026,0.8143425
226027,0.8368366666666667
226028,0.851545
226029,0.860605
226030,0.8681725
226031,0.873905
226032,0.8795183333333333
226033,0.8818641666666666
226034,0.8833125000000001
226035,0.879995
226036,0.8782125000000001
226037,0.874725
226038,0.8719183333333334
226039,0.8828041666666667
226040,0.8907225000000001
226041,0.8916133333333334
226042,0.8889633333333333
226043,0.8851525
226044,0.8799724999999999
226045,0.8733533333333334
226046,0.8716366666666667
226047,0.8707675
226048,0.8725766666666668
226049,0.8719591666666667
226050,0.872635
226051,0.8758258333333333
226052,0.864505
226053,0.85195
226054,0.8481141666666666
226055,0.8476049999999999
226056,0.841905
226057,0.8352391666666666
226058,0.8219175
226059,0.8042400000000001
226060,0.7878391666666666
226061,0.7736266666666667
226062,0.7585425
226063,0.7391558333333333
226064,0.7127266666666666
226065,0.6889425
226066,0.6621233333333334
226067,0.6497483333333334
226068,0.6368925
226069,0.6119100000000001
226070,0.5818883333333333
226071,0.5522733333333334
226072,0.5263416666666666
226073,0.5021008333333333
226074,0.4764708333333333
226075,0.4477716666666666
226076,0.41803
226077,0.38673833333333335
226078,0.3564908333333333
226079,0.33995000000000003
226080,0.3212725
226081,0.3032708333333333
226082,0.29064083333333335
226083,0.2877591666666667
226084,0.28605
226085,0.28750250000000005
226086,0.2864316666666667
226087,0.2796341666666667
226088,0.2734933333333333
226089,0.2827908333333333
226090,0.2948691666666666
226091,0.30363
226092,0.3123166666666667
226093,0.33874333333333334
226094,0.370985
226095,0.4059075
226096,0.44304499999999997
226097,0.47852333333333336
226098,0.5107
226099,0.5461591666666668
226100,0.582735
226101,0.6259458333333333
226102,0.6725774999999999
226103,0.7235091666666666
226104,0.7657241666666667
226105,0.8089908333333333
226106,0.8525608333333333
226107,0.8972358333333333
226108,0.9250783333333333
226109,0.9434341666666667
226110,0.9577141666666668
226111,0.9701141666666667
226112,0.9789875000000001
226113,0.9830066666666666
226114,0.9830591666666667
226115,0.9812308333333333
226116,0.9772508333333333
226117,0.973805
226118,0.9712283333333335
226119,0.968475
226120,0.9652533333333333
226121,0.9622725
226122,0.9572808333333334
226123,0.95069
226124,0.9427525
226125,0.9303691666666667
226126,0.9123783333333333
226127,0.8943525
226128,0.8803925
226129,0.8614416666666667
226130,0.8395433333333333
226131,0.8245091666666667
226132,0.8123991666666667
226133,0.7965416666666666
226134,0.7859649999999999
226135,0.775395
226136,0.7586683333333333
226137,0.7424891666666668
226138,0.7279366666666666
226139,0.7146666666666666
226140,0.7074025
226141,0.7081999999999999
226142,0.7063241666666666
226143,0.6975566666666666
226144,0.6957325
226145,0.6938975000000001
226146,0.6844608333333332
226147,0.6448750000000001
226148,0.6066208333333333
226149,0.5620666666666667
226150,0.5239925
226151,0.49102583333333333
226152,0.45929000000000003
226153,0.4303008333333333
226154,0.39887666666666666
226155,0.36126083333333336
226156,0.3213666666666667
226157,0.28501666666666664
226158,0.2485966666666667
226159,0.20984500000000003
226160,0.17436416666666668
226161,0.13961583333333333
226162,0.130575
226163,0.12575
226164,0.12127333333333333
226165,0.11040833333333334
226166,0.09975916666666668
226167,0.088515
226168,0.075085
226169,0.0644975
226170,0.05826166666666667
226171,0.05255
226172,0.045125
226173,0.04036666666666667
226174,0.036920833333333326
226175,0.03596333333333333
226176,0.03494333333333333
226177,0.03531416666666667
226178,0.037055
226179,0.04104
226180,0.04556416666666666
226181,0.05026416666666667
226182,0.06419166666666667
226183,0.07744
226184,0.09107166666666666
226185,0.10558916666666666
226186,0.12045
226187,0.13402416666666667
226188,0.14466416666666668
226189,0.15524499999999997
226190,0.16566999999999998
226191,0.1766333333333333
226192,0.18818166666666664
226193,0.19852333333333333
226194,0.20497416666666665
226195,0.2118733333333333
226196,0.2156816666666667
226197,0.2169925
226198,0.21870416666666667
226199,0.22076833333333334
226200,0.22444750000000002
226201,0.23249250000000002
226202,0.24153750000000002
226203,0.25104333333333334
226204,0.26261833333333334
226205,0.26525166666666666
226206,0.27277
226207,0.28030750000000004
226208,0.2902733333333333
226209,0.31184833333333334
226210,0.3309183333333333
226211,0.35605416666666667
226212,0.3765791666666667
226213,0.37429166666666663
226214,0.3855666666666666
226215,0.39244833333333334
226216,0.39645416666666666
226217,0.40394083333333336
226218,0.41636500000000004
226219,0.4278533333333333
226220,0.44354666666666664
226221,0.4564808333333333
226222,0.4673483333333333
226223,0.47206583333333335
226224,0.46060083333333335
226225,0.44993249999999996
226226,0.436555
226227,0.4224616666666667
226228,0.4326275
226229,0.4423341666666667
226230,0.45731916666666667
226231,0.4702775
226232,0.4779408333333333
226233,0.4787208333333333
226234,0.47725833333333334
226235,0.47851666666666665
226236,0.48200416666666673
226237,0.48551916666666667
226238,0.49340500000000004
226239,0.5011816666666666
226240,0.512315
226241,0.5255091666666666
226242,0.534865
226243,0.5423358333333332
226244,0.5385183333333334
226245,0.5380958333333333
226246,0.5403533333333334
226247,0.5481358333333334
226248,0.562875
226249,0.5776841666666667
226250,0.5907916666666666
226251,0.6009525
226252,0.6129616666666667
226253,0.6247575
226254,0.6481066666666667
226255,0.6729616666666666
226256,0.6980958333333334
226257,0.72592
226258,0.7541691666666667
226259,0.7808241666666668
226260,0.7973408333333333
226261,0.8098899999999999
226262,0.8194491666666667
226263,0.8222766666666667
226264,0.8264349999999999
226265,0.8341933333333333
226266,0.838885
226267,0.8389491666666665
226268,0.8389708333333333
226269,0.8379175
226270,0.8337350000000001
226271,0.8264541666666666
226272,0.8140066666666665
226273,0.7929158333333334
226274,0.7703
226275,0.7551675000000001
226276,0.7403541666666666
226277,0.7355250000000001
226278,0.7293333333333333
226279,0.7121425000000001
226280,0.6920433333333332
226281,0.6761566666666666
226282,0.658425
226283,0.6359966666666667
226284,0.6045083333333333
226285,0.5761058333333333
226286,0.5485216666666666
226287,0.528125
226288,0.5132158333333333
226289,0.4971166666666667
226290,0.4698291666666667
226291,0.444545
226292,0.41308833333333334
226293,0.3852475
226294,0.3636391666666667
226295,0.33873499999999995
226296,0.3106191666666666
226297,0.28630333333333335
226298,0.2648525
226299,0.24595666666666666
226300,0.22578666666666666
226301,0.2040566666666667
226302,0.17941416666666665
226303,0.15808
226304,0.13944833333333334
226305,0.13023583333333336
226306,0.12002416666666665
226307,0.1134925
226308,0.12455166666666667
226309,0.14629166666666665
226310,0.1742425
226311,0.20436500000000002
226312,0.23512583333333334
226313,0.2639575
226314,0.29559416666666666
226315,0.32980583333333335
226316,0.3624775
226317,0.39558666666666664
226318,0.42937
226319,0.4647375
226320,0.4989941666666667
226321,0.528035
226322,0.5481658333333334
226323,0.5577875
226324,0.5635408333333333
226325,0.5720033333333333
226326,0.5756883333333334
226327,0.5791916666666667
226328,0.5879208333333333
226329,0.5994733333333334
226330,0.6082108333333333
226331,0.6225041666666667
226332,0.6373724999999999
226333,0.6405358333333333
226334,0.642705
226335,0.654615
226336,0.6703016666666667
226337,0.6882625000000001
226338,0.6981816666666667
226339,0.7067675
226340,0.7090708333333333
226341,0.7133800000000001
226342,0.7190483333333333
226343,0.7216725
226344,0.7245791666666667
226345,0.7230241666666667
226346,0.718255
226347,0.7125316666666668
226348,0.7176775000000001
226349,0.7167641666666668
226350,0.7017183333333334
226351,0.6855458333333334
226352,0.670275
226353,0.65028
226354,0.6307458333333334
226355,0.6095483333333334
226356,0.5895891666666666
226357,0.5621558333333333
226358,0.53029
226359,0.49673000000000006
226360,0.4641008333333333
226361,0.4304458333333333
226362,0.39828166666666664
226363,0.37087583333333335
226364,0.34506916666666665
226365,0.31337916666666665
226366,0.28696583333333336
226367,0.26630333333333334
226368,0.25500416666666664
226369,0.24605416666666666
226370,0.2462325
226371,0.24800999999999998
226372,0.2576625
226373,0.27170916666666667
226374,0.27652
226375,0.27870416666666664
226376,0.28935083333333333
226377,0.29785083333333334
226378,0.30428499999999997
226379,0.30976916666666665
226380,0.3318583333333333
226381,0.35574666666666666
226382,0.3654966666666667
226383,0.37992750000000003
226384,0.3936866666666667
226385,0.402565
226386,0.4150008333333333
226387,0.42580666666666667
226388,0.43785666666666667
226389,0.4592625
226390,0.48759583333333334
226391,0.50986
226392,0.5288333333333333
226393,0.5475433333333334
226394,0.5688875
226395,0.5820225
226396,0.583475
226397,0.5895008333333334
226398,0.588025
226399,0.5870208333333333
226400,0.5764925000000001
226401,0.5559216666666666
226402,0.5402825
226403,0.5209508333333334
226404,0.48910583333333335
226405,0.4520266666666667
226406,0.41446916666666667
226407,0.3767158333333333
226408,0.33603416666666663
226409,0.2990908333333333
226410,0.2659416666666667
226411,0.24014749999999999
226412,0.21844083333333333
226413,0.19807083333333336
226414,0.17747083333333336
226415,0.164935
226416,0.16281666666666667
226417,0.167465
226418,0.17337666666666665
226419,0.19161250000000002
226420,0.212055
226421,0.23467666666666664
226422,0.26321999999999995
226423,0.29270666666666667
226424,0.3179608333333333
226425,0.3379333333333333
226426,0.35893416666666667
226427,0.3799766666666667
226428,0.4011691666666667
226429,0.42752416666666665
226430,0.4597466666666667
226431,0.4881475
226432,0.5043983333333333
226433,0.5193666666666666
226434,0.5351241666666666
226435,0.5539541666666667
226436,0.574175
226437,0.5964216666666666
226438,0.6195466666666667
226439,0.645195
226440,0.6755633333333333
226441,0.704805
226442,0.7226491666666667
226443,0.74523
226444,0.7615716666666666
226445,0.7813208333333334
226446,0.799755
226447,0.8197224999999999
226448,0.840975
226449,0.8562716666666667
226450,0.8666741666666666
226451,0.8729325
226452,0.8774258333333333
226453,0.8754883333333333
226454,0.8679816666666667
226455,0.8535875
226456,0.8413074999999999
226457,0.8422441666666667
226458,0.8426991666666667
226459,0.8431033333333334
226460,0.8349466666666667
226461,0.8268458333333333
226462,0.8213199999999999
226463,0.8149666666666667
226464,0.81657
226465,0.8166208333333334
226466,0.8166641666666666
226467,0.8115624999999999
226468,0.8082983333333332
226469,0.8105925
226470,0.8083766666666666
226471,0.8034841666666668
226472,0.7936575
226473,0.7837791666666667
226474,0.7672658333333333
226475,0.7430666666666667
226476,0.7166783333333334
226477,0.6874391666666668
226478,0.6607316666666667
226479,0.6287441666666668
226480,0.604615
226481,0.5816875
226482,0.5587708333333333
226483,0.5352091666666666
226484,0.511775
226485,0.49828833333333333
226486,0.4951775
226487,0.4984591666666667
226488,0.5009533333333333
226489,0.5092541666666667
226490,0.5275825
226491,0.5419441666666667
226492,0.5511091666666666
226493,0.5569974999999999
226494,0.5645308333333333
226495,0.5746458333333333
226496,0.58407
226497,0.5996108333333333
226498,0.6201841666666666
226499,0.6389866666666666
226500,0.6563383333333334
226501,0.6631733333333334
226502,0.6659608333333333
226503,0.6640966666666667
226504,0.66061
226505,0.6556583333333333
226506,0.6563966666666666
226507,0.6580916666666667
226508,0.6557624999999999
226509,0.6588333333333334
226510,0.6561716666666667
226511,0.652095
226512,0.6414908333333333
226513,0.6262358333333334
226514,0.6125641666666667
226515,0.6037791666666668
226516,0.5948283333333333
226517,0.584635
226518,0.57367
226519,0.565405
226520,0.5522158333333334
226521,0.5395625000000001
226522,0.5307266666666667
226523,0.5250325
226524,0.5101508333333333
226525,0.4982941666666667
226526,0.48429916666666667
226527,0.4748041666666667
226528,0.4651308333333333
226529,0.45675916666666666
226530,0.44356249999999997
226531,0.4363816666666666
226532,0.4285258333333334
226533,0.42223499999999997
226534,0.4041375
226535,0.38920499999999997
226536,0.36681916666666664
226537,0.3431858333333333
226538,0.3211
226539,0.30444
226540,0.2836833333333333
226541,0.26804583333333337
226542,0.25365666666666664
226543,0.24045750000000002
226544,0.22777083333333334
226545,0.23357166666666668
226546,0.23861333333333332
226547,0.2465333333333333
226548,0.2721375
226549,0.31105416666666663
226550,0.35009333333333337
226551,0.39239666666666667
226552,0.43490833333333334
226553,0.47455416666666667
226554,0.5102141666666666
226555,0.5456325
226556,0.5785083333333334
226557,0.6098566666666667
226558,0.6430158333333333
226559,0.6775016666666667
226560,0.693865
226561,0.6976608333333333
226562,0.6975808333333333
226563,0.6830358333333334
226564,0.6584183333333333
226565,0.63152
226566,0.6108716666666667
226567,0.5989591666666667
226568,0.5941591666666668
226569,0.5877983333333333
226570,0.5871791666666667
226571,0.5838
226572,0.5801958333333332
226573,0.5677183333333333
226574,0.5469341666666667
226575,0.5340216666666666
226576,0.5279316666666667
226577,0.5194391666666667
226578,0.5132325000000001
226579,0.5094891666666667
226580,0.5130116666666666
226581,0.513535
226582,0.5108325
226583,0.5048466666666667
226584,0.4973675
226585,0.4857633333333334
226586,0.47558249999999996
226587,0.46657000000000004
226588,0.46886
226589,0.4809975
226590,0.48747833333333335
226591,0.4973916666666666
226592,0.507035
226593,0.5110708333333334
226594,0.52388
226595,0.5331158333333333
226596,0.54477
226597,0.5569216666666666
226598,0.5597433333333334
226599,0.5690033333333333
226600,0.5795100000000001
226601,0.5956841666666667
226602,0.6159591666666667
226603,0.6376291666666667
226604,0.6479441666666668
226605,0.6545008333333333
226606,0.6569266666666667
226607,0.6596108333333334
226608,0.6650733333333334
226609,0.6664333333333334
226610,0.6691066666666666
226611,0.6684599999999999
226612,0.6608825
226613,0.6587466666666667
226614,0.653785
226615,0.6438425
226616,0.6296558333333332
226617,0.6111025
226618,0.589575
226619,0.5703783333333333
226620,0.5562316666666667
226621,0.5438141666666667
226622,0.5350066666666666
226623,0.5269191666666667
226624,0.51875
226625,0.5100233333333333
226626,0.4987341666666667
226627,0.4866233333333333
226628,0.4733491666666667
226629,0.46157833333333337
226630,0.4518241666666667
226631,0.4376383333333333
226632,0.42407
226633,0.4055625
226634,0.39718166666666666
226635,0.388405
226636,0.3811575
226637,0.36911166666666667
226638,0.35435750000000005
226639,0.33728166666666665
226640,0.320195
226641,0.30898416666666667
226642,0.3038716666666667
226643,0.3010175
226644,0.3034125
226645,0.30458250000000003
226646,0.2953325
226647,0.28616
226648,0.28174
226649,0.26993000000000006
226650,0.2544458333333333
226651,0.23797666666666667
226652,0.22556916666666668
226653,0.21281250000000002
226654,0.20128083333333333
226655,0.188265
226656,0.17282166666666668
226657,0.15472416666666666
226658,0.14057333333333333
226659,0.12063499999999999
226660,0.10203583333333333
226661,0.09909833333333333
226662,0.095425
226663,0.0926175
226664,0.0913975
226665,0.09095666666666666
226666,0.09073333333333333
226667,0.0971475
226668,0.10576583333333334
226669,0.110105
226670,0.11332833333333334
226671,0.11875333333333334
226672,0.12352
226673,0.134715
226674,0.14750333333333335
226675,0.16247666666666666
226676,0.17958333333333334
226677,0.19713083333333334
226678,0.21582500000000002
226679,0.23678833333333332
226680,0.2664375
226681,0.304625
226682,0.34156583333333335
226683,0.3788566666666666
226684,0.4208575
226685,0.46234
226686,0.5030608333333333
226687,0.5424666666666667
226688,0.5795375
226689,0.6155875000000001
226690,0.6483983333333333
226691,0.6744275
226692,0.6965166666666666
226693,0.7230391666666666
226694,0.7491816666666667
226695,0.7668991666666667
226696,0.7729641666666667
226697,0.7798383333333334
226698,0.7764641666666667
226699,0.7647658333333333
226700,0.7555508333333333
226701,0.756495
226702,0.7575241666666666
226703,0.7518166666666667
226704,0.7422083333333334
226705,0.7355666666666667
226706,0.7314966666666667
226707,0.7296549999999999
226708,0.7225983333333333
226709,0.7117341666666667
226710,0.6955675
226711,0.6800925000000001
226712,0.6629249999999999
226713,0.651875
226714,0.6476000000000001
226715,0.6439925
226716,0.6358883333333334
226717,0.6306591666666667
226718,0.6282958333333333
226719,0.6307075
226720,0.6350766666666666
226721,0.6450616666666668
226722,0.6579516666666667
226723,0.6711591666666668
226724,0.6866291666666666
226725,0.7065974999999999
226726,0.6847074999999999
226727,0.6587933333333333
226728,0.6330041666666666
226729,0.6107375
226730,0.5866791666666666
226731,0.5538733333333333
226732,0.5193983333333334
226733,0.4861291666666666
226734,0.45370916666666666
226735,0.41789083333333327
226736,0.37428750000000005
226737,0.3279458333333334
226738,0.28244166666666665
226739,0.23753666666666667
226740,0.19278916666666668
226741,0.1895683333333333
226742,0.18628999999999998
226743,0.19258166666666668
226744,0.1957283333333333
226745,0.19889333333333334
226746,0.207645
226747,0.2194825
226748,0.226495
226749,0.22970166666666667
226750,0.22886166666666666
226751,0.23999416666666668
226752,0.2555908333333333
226753,0.279565
226754,0.3033458333333333
226755,0.3237841666666667
226756,0.34120249999999996
226757,0.35543
226758,0.36214083333333336
226759,0.3695133333333333
226760,0.39112
226761,0.4157816666666667
226762,0.4406933333333333
226763,0.46530333333333335
226764,0.49894999999999995
226765,0.5448358333333334
226766,0.5826258333333333
226767,0.6173083333333333
226768,0.6411691666666667
226769,0.6639341666666667
226770,0.6909083333333333
226771,0.7222058333333333
226772,0.75849
226773,0.7937399999999999
226774,0.8276733333333333
226775,0.8440191666666667
226776,0.8537391666666667
226777,0.8593775
226778,0.867495
226779,0.8618633333333334
226780,0.8600391666666667
226781,0.8536141666666667
226782,0.8485508333333333
226783,0.8430633333333333
226784,0.8405625000000001
226785,0.8347649999999999
226786,0.830095
226787,0.823775
226788,0.8156541666666667
226789,0.8118274999999999
226790,0.813115
226791,0.81005
226792,0.8068208333333333
226793,0.8027374999999999
226794,0.8021558333333333
226795,0.7880833333333332
226796,0.7741183333333334
226797,0.7497216666666666
226798,0.7241783333333333
226799,0.6977933333333333
226800,0.6755075
226801,0.6432675
226802,0.6126516666666666
226803,0.5788566666666667
226804,0.5379983333333332
226805,0.49408583333333334
226806,0.4583391666666667
226807,0.4303683333333333
226808,0.3934475
226809,0.35759833333333335
226810,0.32692833333333327
226811,0.30813749999999995
226812,0.28550000000000003
226813,0.2746741666666666
226814,0.25025416666666667
226815,0.22749083333333334
226816,0.21636249999999999
226817,0.21191166666666666
226818,0.21741333333333332
226819,0.2234525
226820,0.23573333333333332
226821,0.24586916666666667
226822,0.2531408333333333
226823,0.2681575
226824,0.2872075
226825,0.3023775
226826,0.32216500000000003
226827,0.35397666666666666
226828,0.37162500000000004
226829,0.3983433333333333
226830,0.41580333333333336
226831,0.4343116666666667
226832,0.4443958333333333
226833,0.4515066666666667
226834,0.45578833333333335
226835,0.45221083333333334
226836,0.45175250000000006
226837,0.4415116666666667
226838,0.4328516666666667
226839,0.42118833333333333
226840,0.4056941666666667
226841,0.3785208333333333
226842,0.35687083333333336
226843,0.34136249999999996
226844,0.3280808333333333
226845,0.3250808333333334
226846,0.32653999999999994
226847,0.3257666666666667
226848,0.3237391666666667
226849,0.32341583333333335
226850,0.33851083333333337
226851,0.36120583333333334
226852,0.38586416666666673
226853,0.4122858333333334
226854,0.4420825
226855,0.4741808333333334
226856,0.5077091666666667
226857,0.5350858333333334
226858,0.5646975
226859,0.5972691666666667
226860,0.6264291666666667
226861,0.651885
226862,0.6817183333333333
226863,0.7125866666666667
226864,0.7482916666666667
226865,0.7726799999999999
226866,0.78161
226867,0.7953083333333333
226868,0.8066916666666667
226869,0.8185699999999999
226870,0.8273841666666666
226871,0.8325224999999999
226872,0.8378683333333333
226873,0.8406641666666667
226874,0.8420599999999999
226875,0.8227541666666666
226876,0.8007124999999999
226877,0.7721533333333334
226878,0.7385249999999999
226879,0.7025033333333333
226880,0.6936016666666667
226881,0.6813049999999999
226882,0.6633333333333333
226883,0.6227325
226884,0.584785
226885,0.551655
226886,0.5161125
226887,0.476945
226888,0.45253583333333336
226889,0.43939083333333334
226890,0.4402375
226891,0.444845
226892,0.4532333333333333
226893,0.4574475
226894,0.47111749999999997
226895,0.46262416666666667
226896,0.46568083333333327
226897,0.47315833333333335
226898,0.5091166666666667
226899,0.5437974999999999
226900,0.5723175
226901,0.6070191666666667
226902,0.6451025
226903,0.6706566666666666
226904,0.6877008333333333
226905,0.7122891666666668
226906,0.7317475000000001
226907,0.7484325
226908,0.7696416666666667
226909,0.7775366666666667
226910,0.7803341666666667
226911,0.7818541666666667
226912,0.7830191666666667
226913,0.7796925
226914,0.7712058333333334
226915,0.7730308333333333
226916,0.7714625
226917,0.7766058333333333
226918,0.7752325
226919,0.7715175
226920,0.7610733333333333
226921,0.7494983333333334
226922,0.7453433333333334
226923,0.7429066666666666
226924,0.7409325
226925,0.7366191666666667
226926,0.731185
226927,0.7223158333333333
226928,0.7073216666666666
226929,0.6876899999999999
226930,0.6644175
226931,0.646495
226932,0.6089841666666665
226933,0.5736433333333333
226934,0.5426941666666667
226935,0.5180366666666667
226936,0.502735
226937,0.49063999999999997
226938,0.47917249999999995
226939,0.4746183333333333
226940,0.47466416666666666
226941,0.4753466666666667
226942,0.48806166666666667
226943,0.5038275
226944,0.5230066666666666
226945,0.5417649999999999
226946,0.5541733333333333
226947,0.5786625
226948,0.5990033333333333
226949,0.6115700000000001
226950,0.6272433333333333
226951,0.6341633333333333
226952,0.6345016666666667
226953,0.6361158333333333
226954,0.6289783333333333
226955,0.6156033333333333
226956,0.5999083333333334
226957,0.5709108333333333
226958,0.5471216666666667
226959,0.5373133333333333
226960,0.5286858333333333
226961,0.5182016666666667
226962,0.5127508333333333
226963,0.5154291666666666
226964,0.5136441666666667
226965,0.51037
226966,0.5047358333333334
226967,0.4967783333333333
226968,0.4833816666666666
226969,0.4783075
226970,0.4805991666666667
226971,0.4737291666666667
226972,0.47549166666666665
226973,0.47490499999999997
226974,0.46337999999999996
226975,0.45511416666666665
226976,0.4584375
226977,0.4667808333333333
226978,0.47613750000000005
226979,0.491265
226980,0.5075475
226981,0.52628
226982,0.5447516666666666
226983,0.5747966666666666
226984,0.6050233333333334
226985,0.6327475
226986,0.6697716666666668
226987,0.702465
226988,0.7329933333333333
226989,0.76225
226990,0.7849808333333333
226991,0.7980258333333334
226992,0.8025424999999999
226993,0.8002825
226994,0.7954408333333334
226995,0.7858625
226996,0.7757725
226997,0.7748933333333333
226998,0.7570516666666667
226999,0.7409608333333334
227000,0.7152291666666667
227001,0.6833041666666667
227002,0.6525733333333333
227003,0.61365
227004,0.567315
227005,0.5247091666666667
227006,0.4842458333333334
227007,0.44975916666666665
227008,0.4171958333333333
227009,0.3936925
227010,0.37255
227011,0.35230666666666666
227012,0.3348433333333334
227013,0.32740916666666664
227014,0.3194983333333334
227015,0.32145666666666667
227016,0.32942499999999997
227017,0.33880166666666667
227018,0.3626125
227019,0.3962408333333334
227020,0.42188166666666665
227021,0.4533008333333333
227022,0.4871333333333333
227023,0.5199491666666667
227024,0.5437008333333334
227025,0.5629966666666667
227026,0.5827783333333334
227027,0.5933325
227028,0.6041316666666666
227029,0.6096633333333333
227030,0.6103791666666667
227031,0.6063791666666666
227032,0.5988349999999999
227033,0.5918783333333333
227034,0.5839991666666667
227035,0.5791925
227036,0.5645666666666667
227037,0.5235808333333334
227038,0.48026
227039,0.4403216666666667
227040,0.4064633333333333
227041,0.37816666666666665
227042,0.3537875
227043,0.33309083333333334
227044,0.31774916666666664
227045,0.31235416666666665
227046,0.3087816666666667
227047,0.3144416666666667
227048,0.31493750000000004
227049,0.3141025
227050,0.3191808333333333
227051,0.332305
227052,0.3635475
227053,0.4044658333333333
227054,0.4396325
227055,0.47439916666666665
227056,0.5083191666666667
227057,0.5348275000000001
227058,0.5595033333333334
227059,0.5815116666666668
227060,0.5998458333333334
227061,0.6216375000000001
227062,0.6364191666666666
227063,0.6496025000000001
227064,0.6687408333333333
227065,0.680785
227066,0.6879608333333334
227067,0.6896333333333333
227068,0.6808283333333333
227069,0.6737291666666666
227070,0.6633525
227071,0.64954
227072,0.6387008333333334
227073,0.6206916666666668
227074,0.6014275
227075,0.5780074999999999
227076,0.5544566666666667
227077,0.5326433333333334
227078,0.5137708333333333
227079,0.4827825
227080,0.4677516666666667
227081,0.4627641666666667
227082,0.464645
227083,0.47002249999999995
227084,0.47935916666666667
227085,0.48687583333333334
227086,0.49844166666666667
227087,0.5080158333333333
227088,0.5265366666666667
227089,0.5429875000000001
227090,0.5620866666666667
227091,0.5734691666666667
227092,0.5832758333333333
227093,0.5934066666666666
227094,0.5930783333333334
227095,0.5792341666666668
227096,0.5510491666666667
227097,0.5271066666666667
227098,0.5118016666666667
227099,0.4959808333333333
227100,0.48506499999999997
227101,0.4813966666666667
227102,0.4797866666666667
227103,0.47523916666666666
227104,0.4771991666666667
227105,0.47026416666666665
227106,0.46389833333333336
227107,0.4640341666666667
227108,0.4673933333333334
227109,0.48594916666666665
227110,0.5097016666666667
227111,0.538675
227112,0.5628966666666667
227113,0.5793658333333334
227114,0.5950383333333333
227115,0.6107883333333334
227116,0.6161791666666667
227117,0.6234441666666667
227118,0.629355
227119,0.6249958333333333
227120,0.6342291666666667
227121,0.6464808333333333
227122,0.6515275
227123,0.656595
227124,0.65932
227125,0.6546141666666666
227126,0.6412566666666667
227127,0.631465
227128,0.6329258333333333
227129,0.6276833333333334
227130,0.6193358333333332
227131,0.60896
227132,0.59855
227133,0.5889283333333334
227134,0.59008
227135,0.585015
227136,0.5809983333333334
227137,0.5792316666666667
227138,0.5704275
227139,0.5651533333333333
227140,0.55879
227141,0.5668025
227142,0.5685783333333333
227143,0.5608558333333333
227144,0.5581766666666667
227145,0.5615699999999999
227146,0.5626741666666667
227147,0.5640366666666666
227148,0.5606925
227149,0.5528
227150,0.5430308333333332
227151,0.5308575
227152,0.5228258333333333
227153,0.5150283333333333
227154,0.49752
227155,0.4741975
227156,0.44987333333333335
227157,0.4319125
227158,0.4133233333333333
227159,0.404345
227160,0.3878325
227161,0.3712183333333333
227162,0.3488833333333333
227163,0.3288025
227164,0.30606083333333334
227165,0.27964416666666664
227166,0.2571233333333333
227167,0.22970833333333332
227168,0.20554166666666665
227169,0.19147166666666668
227170,0.18785916666666666
227171,0.1824933333333333
227172,0.17362083333333336
227173,0.16863166666666668
227174,0.15874083333333333
227175,0.15633
227176,0.16228083333333332
227177,0.1722175
227178,0.1792325
227179,0.19510499999999997
227180,0.21621999999999997
227181,0.23080916666666665
227182,0.243445
227183,0.2560291666666667
227184,0.26789416666666666
227185,0.27671333333333337
227186,0.28425583333333326
227187,0.2902991666666666
227188,0.2918275
227189,0.289425
227190,0.28111833333333336
227191,0.26418416666666666
227192,0.24620416666666667
227193,0.23481833333333332
227194,0.21825583333333334
227195,0.20162416666666666
227196,0.1917741666666667
227197,0.18160666666666667
227198,0.17037
227199,0.1620491666666667
227200,0.15687416666666668
227201,0.15041
227202,0.1508375
227203,0.15031916666666667
227204,0.15211916666666667
227205,0.15647666666666668
227206,0.1651675
227207,0.1771033333333333
227208,0.18953499999999998
227209,0.20172416666666665
227210,0.2165183333333333
227211,0.23290916666666667
227212,0.25020583333333335
227213,0.26437666666666665
227214,0.27576249999999997
227215,0.28151999999999994
227216,0.29012916666666666
227217,0.2922725
227218,0.2974075
227219,0.3002425
227220,0.3008091666666666
227221,0.2933941666666666
227222,0.2832233333333333
227223,0.2702383333333333
227224,0.25830000000000003
227225,0.24205333333333331
227226,0.22294250000000002
227227,0.20313083333333332
227228,0.18487916666666668
227229,0.16726000000000002
227230,0.1551525
227231,0.140435
227232,0.12742166666666666
227233,0.11198833333333334
227234,0.09854666666666666
227235,0.08861083333333333
227236,0.08430833333333335
227237,0.08133750000000001
227238,0.08071666666666667
227239,0.07968416666666668
227240,0.07980416666666666
227241,0.080335
227242,0.08408083333333334
227243,0.08576750000000001
227244,0.08734833333333333
227245,0.09084249999999999
227246,0.09397916666666667
227247,0.09283333333333334
227248,0.09012333333333333
227249,0.08667416666666666
227250,0.07985416666666666
227251,0.07361749999999999
227252,0.06754416666666667
227253,0.06028
227254,0.053469166666666665
227255,0.04816
227256,0.04443
227257,0.03925083333333333
227258,0.03786166666666667
227259,0.0385575
227260,0.037109166666666665
227261,0.03646083333333334
227262,0.0418825
227263,0.05152666666666666
227264,0.061695833333333346
227265,0.07677166666666667
227266,0.09343083333333334
227267,0.10798833333333334
227268,0.1205725
227269,0.13415833333333332
227270,0.14736249999999998
227271,0.16049083333333333
227272,0.1768666666666667
227273,0.19283750000000002
227274,0.20577916666666668
227275,0.2170475
227276,0.23026833333333335
227277,0.23960583333333338
227278,0.24589500000000003
227279,0.25231750000000003
227280,0.25193
227281,0.24683583333333334
227282,0.24487583333333335
227283,0.24893916666666668
227284,0.25723250000000003
227285,0.2651891666666667
227286,0.274495
227287,0.28201333333333334
227288,0.29020583333333333
227289,0.29361250000000005
227290,0.2961858333333333
227291,0.30065416666666667
227292,0.29642583333333333
227293,0.29376416666666666
227294,0.2915475
227295,0.2903941666666667
227296,0.29485083333333334
227297,0.29889499999999997
227298,0.29957416666666664
227299,0.30001083333333334
227300,0.29649916666666665
227301,0.290415
227302,0.2808991666666667
227303,0.270565
227304,0.2710175
227305,0.27551416666666667
227306,0.2752158333333333
227307,0.28701166666666666
227308,0.3028266666666667
227309,0.3177758333333333
227310,0.3353191666666666
227311,0.3504541666666666
227312,0.36133
227313,0.3683633333333333
227314,0.3741066666666667
227315,0.38072333333333336
227316,0.3890275
227317,0.403725
227318,0.42284916666666666
227319,0.4417766666666667
227320,0.46064333333333335
227321,0.4824025
227322,0.50117
227323,0.5125633333333333
227324,0.5217041666666666
227325,0.5250391666666666
227326,0.5289691666666667
227327,0.5363941666666666
227328,0.5415841666666666
227329,0.5368008333333333
227330,0.517335
227331,0.49827166666666667
227332,0.47341416666666664
227333,0.4444675
227334,0.4087233333333333
227335,0.37116
227336,0.33047916666666666
227337,0.288645
227338,0.2484666666666667
227339,0.21260416666666668
227340,0.18993303571428571
227341,0.16255384615384616
227342,0.13078750000000003
227343,0.10056818181818183
227344,0.07302125000000001
227345,0.06972916666666669
227346,0.06341875000000002
227347,0.09793750000000001
227348,0.14029444444444444
227349,0.16418625
227350,0.192975
227351,0.21573333333333333
227352,0.23092884615384615
227353,0.2419544642857143
227354,0.261285
227355,0.2940891666666667
227356,0.3346583333333334
227357,0.37653583333333335
227358,0.4230925
227359,0.4684925
227360,0.5032866666666667
227361,0.5391983333333333
227362,0.5629558333333333
227363,0.5662016666666666
227364,0.5769791666666666
227365,0.5808983333333333
227366,0.5836041666666667
227367,0.5844733333333333
227368,0.5874675
227369,0.5804483333333333
227370,0.5732283333333333
227371,0.557255
227372,0.5386825
227373,0.5230283333333333
227374,0.5099250000000001
227375,0.49807749999999995
227376,0.4796108333333333
227377,0.4707341666666666
227378,0.4708925
227379,0.47013916666666666
227380,0.4714433333333333
227381,0.47473083333333327
227382,0.4848183333333333
227383,0.4950625
227384,0.5089941666666667
227385,0.5287641666666667
227386,0.5521116666666667
227387,0.5769041666666667
227388,0.5934758333333333
227389,0.6102933333333334
227390,0.6281825
227391,0.6516474999999999
227392,0.6789766666666667
227393,0.70167
227394,0.7244708333333334
227395,0.74656
227396,0.7710758333333333
227397,0.794945
227398,0.8191166666666666
227399,0.8390216666666667
227400,0.8526275000000001
227401,0.8653616666666667
227402,0.8783075
227403,0.891945
227404,0.902055
227405,0.9141766666666666
227406,0.923835
227407,0.9276758333333334
227408,0.92926
227409,0.9323791666666666
227410,0.932105
227411,0.9262966666666667
227412,0.9173033333333334
227413,0.9089508333333334
227414,0.9006125
227415,0.889515
227416,0.8743908333333333
227417,0.8611349999999999
227418,0.849035
227419,0.8406591666666666
227420,0.8308741666666666
227421,0.8200358333333334
227422,0.8127533333333333
227423,0.8064266666666666
227424,0.7975008333333334
227425,0.7926091666666667
227426,0.7877416666666668
227427,0.7855533333333332
227428,0.7800466666666667
227429,0.7726241666666667
227430,0.7672641666666667
227431,0.7693116666666666
227432,0.7659474999999999
227433,0.7614050000000001
227434,0.7549933333333334
227435,0.7504641666666667
227436,0.7482591666666667
227437,0.7461208333333332
227438,0.7400358333333334
227439,0.7387866666666666
227440,0.7405366666666667
227441,0.7463874999999999
227442,0.7487308333333333
227443,0.7550283333333334
227444,0.7623374999999999
227445,0.7690016666666666
227446,0.7674091666666667
227447,0.7655933333333333
227448,0.7613333333333333
227449,0.754725
227450,0.74812
227451,0.7399825
227452,0.7318083333333334
227453,0.73049
227454,0.7258925
227455,0.7236658333333333
227456,0.7216058333333334
227457,0.7226958333333333
227458,0.7208491666666668
227459,0.718465
227460,0.7123666666666667
227461,0.7116025
227462,0.71292
227463,0.7137399999999999
227464,0.7194758333333334
227465,0.7300525
227466,0.7446400000000001
227467,0.757415
227468,0.7695124999999999
227469,0.7766891666666668
227470,0.7760691666666666
227471,0.7743166666666667
227472,0.7723691666666668
227473,0.7624175
227474,0.752575
227475,0.7454099999999999
227476,0.7432116666666667
227477,0.7401683333333333
227478,0.7437158333333334
227479,0.7442933333333334
227480,0.7391758333333333
227481,0.7301841666666667
227482,0.7139133333333334
227483,0.6950625
227484,0.685195
227485,0.6774225000000001
227486,0.6722725
227487,0.6649841666666666
227488,0.6673574999999999
227489,0.6736083333333334
227490,0.6806725
227491,0.6807675
227492,0.6642491666666667
227493,0.6488075
227494,0.6358024999999999
227495,0.6222908333333332
227496,0.6077358333333333
227497,0.5987066666666667
227498,0.5932575
227499,0.5813416666666666
227500,0.5719191666666666
227501,0.5548483333333334
227502,0.5440058333333333
227503,0.5217425
227504,0.49974833333333335
227505,0.4761575
227506,0.45948666666666665
227507,0.45952000000000004
227508,0.450285
227509,0.4484533333333333
227510,0.43980583333333334
227511,0.4337208333333333
227512,0.4288433333333333
227513,0.42219833333333334
227514,0.41752249999999996
227515,0.4105641666666667
227516,0.40853
227517,0.3937916666666667
227518,0.3891791666666667
227519,0.3863683333333333
227520,0.38664583333333336
227521,0.38329
227522,0.380535
227523,0.38414333333333334
227524,0.3803275
227525,0.37432499999999996
227526,0.3676041666666667
227527,0.36013833333333334
227528,0.3423191666666667
227529,0.3214941666666667
227530,0.2957516666666667
227531,0.27057749999999997
227532,0.25462666666666667
227533,0.24170833333333333
227534,0.2266075
227535,0.21298916666666667
227536,0.2012275
227537,0.19490166666666667
227538,0.17720416666666666
227539,0.15884666666666666
227540,0.15097499999999997
227541,0.14249
227542,0.132955
227543,0.13170166666666666
227544,0.13310666666666665
227545,0.13882166666666668
227546,0.1425641666666667
227547,0.14515166666666665
227548,0.16096416666666666
227549,0.1721491666666667
227550,0.18305333333333335
227551,0.1889158333333333
227552,0.18957333333333332
227553,0.2004425
227554,0.2037375
227555,0.20296666666666668
227556,0.20325749999999998
227557,0.20378666666666667
227558,0.2044925
227559,0.2083658333333333
227560,0.21444416666666666
227561,0.21935416666666666
227562,0.22584166666666666
227563,0.2175325
227564,0.21338333333333334
227565,0.20682583333333332
227566,0.20542666666666667
227567,0.2100525
227568,0.2187975
227569,0.23323583333333334
227570,0.2592925
227571,0.28150250000000004
227572,0.3085591666666667
227573,0.3397066666666666
227574,0.3667658333333333
227575,0.38643
227576,0.4080833333333333
227577,0.4273316666666666
227578,0.4458566666666666
227579,0.45522416666666665
227580,0.46602416666666674
227581,0.4723475
227582,0.47462
227583,0.474045
227584,0.4687558333333333
227585,0.4556316666666667
227586,0.4509183333333333
227587,0.4443216666666666
227588,0.4335225
227589,0.4263891666666667
227590,0.42517416666666663
227591,0.42625583333333333
227592,0.43420500000000006
227593,0.440665
227594,0.4586866666666667
227595,0.4839
227596,0.5151558333333333
227597,0.543095
227598,0.5727333333333333
227599,0.6062675
227600,0.6361241666666667
227601,0.6611666666666667
227602,0.6859891666666666
227603,0.7063033333333332
227604,0.729715
227605,0.7513608333333333
227606,0.7685541666666666
227607,0.7763733333333334
227608,0.7818033333333333
227609,0.7845025
227610,0.7815566666666667
227611,0.7599291666666667
227612,0.7377241666666666
227613,0.7067441666666667
227614,0.6753933333333334
227615,0.6447441666666667
227616,0.6128933333333334
227617,0.5716591666666667
227618,0.534985
227619,0.49143333333333333
227620,0.45232249999999996
227621,0.42014666666666667
227622,0.3905191666666667
227623,0.36517
227624,0.3367766666666666
227625,0.3034425
227626,0.290955
227627,0.27489
227628,0.26017250000000003
227629,0.24327666666666667
227630,0.22773666666666664
227631,0.21239416666666663
227632,0.20577166666666666
227633,0.19769916666666668
227634,0.19142583333333332
227635,0.17997249999999998
227636,0.16704666666666668
227637,0.15672333333333333
227638,0.14699500000000001
227639,0.14026583333333334
227640,0.1345925
227641,0.11827333333333333
227642,0.110305
227643,0.107585
227644,0.1087275
227645,0.11206333333333333
227646,0.12376583333333334
227647,0.1450725
227648,0.1608
227649,0.17700083333333336
227650,0.21017583333333334
227651,0.23641916666666668
227652,0.2560708333333333
227653,0.2811125
227654,0.30133
227655,0.32358666666666663
227656,0.35495583333333336
227657,0.37874583333333334
227658,0.39939749999999996
227659,0.4237174999999999
227660,0.44324583333333334
227661,0.45265916666666667
227662,0.4485975
227663,0.45102749999999997
227664,0.45236
227665,0.4393883333333333
227666,0.4329758333333334
227667,0.42892583333333334
227668,0.4186425
227669,0.41808833333333334
227670,0.4165266666666667
227671,0.4051558333333333
227672,0.4057266666666666
227673,0.40472583333333334
227674,0.39537583333333337
227675,0.39783833333333335
227676,0.4039683333333333
227677,0.4226533333333334
227678,0.4463725
227679,0.46358000000000005
227680,0.47786833333333334
227681,0.48987416666666667
227682,0.494815
227683,0.5058808333333333
227684,0.5146175000000001
227685,0.5212516666666667
227686,0.528865
227687,0.5264816666666667
227688,0.5244583333333334
227689,0.5206441666666667
227690,0.5081991666666666
227691,0.4912925
227692,0.4759258333333333
227693,0.45539833333333335
227694,0.44131750000000003
227695,0.43579333333333337
227696,0.421875
227697,0.4222066666666667
227698,0.409905
227699,0.398095
227700,0.39287000000000005
227701,0.3878725
227702,0.3879925
227703,0.3951033333333333
227704,0.39879749999999997
227705,0.39680583333333336
227706,0.40309
227707,0.39431666666666665
227708,0.3881583333333333
227709,0.3798433333333333
227710,0.3645258333333334
227711,0.35718833333333333
227712,0.34592083333333334
227713,0.3417516666666666
227714,0.33872416666666666
227715,0.32400666666666667
227716,0.3093916666666667
227717,0.2934075
227718,0.2707591666666667
227719,0.25340416666666665
227720,0.24214666666666668
227721,0.23077
227722,0.23309166666666667
227723,0.2411866666666667
227724,0.25472750000000005
227725,0.2623816666666667
227726,0.2750066666666667
227727,0.2941733333333333
227728,0.32034749999999995
227729,0.3434925
227730,0.37482
227731,0.4105391666666666
227732,0.44727750000000005
227733,0.4850733333333333
227734,0.5253566666666667
227735,0.5556374999999999
227736,0.5880741666666667
227737,0.6212958333333333
227738,0.6464575
227739,0.6706841666666666
227740,0.6955666666666666
227741,0.7204716666666667
227742,0.7307158333333333
227743,0.7329433333333333
227744,0.7204316666666667
227745,0.7035833333333333
227746,0.686
227747,0.6558983333333332
227748,0.6274833333333334
227749,0.596175
227750,0.5699083333333335
227751,0.5326099999999999
227752,0.4846283333333333
227753,0.4404941666666667
227754,0.3922191666666667
227755,0.35004916666666663
227756,0.3036375
227757,0.26744249999999997
227758,0.22748
227759,0.203965
227760,0.18562416666666665
227761,0.16726666666666665
227762,0.15907
227763,0.1552725
227764,0.15149333333333334
227765,0.15461166666666668
227766,0.15453166666666665
227767,0.15734
227768,0.1589658333333333
227769,0.16024999999999998
227770,0.1610925
227771,0.16383333333333333
227772,0.16995166666666667
227773,0.17921583333333332
227774,0.17709833333333333
227775,0.1722233333333333
227776,0.16854333333333335
227777,0.16437333333333332
227778,0.15757000000000002
227779,0.15808833333333333
227780,0.1547525
227781,0.15837333333333334
227782,0.15915833333333335
227783,0.15729583333333336
227784,0.15791000000000002
227785,0.15514583333333334
227786,0.15069916666666666
227787,0.13939666666666667
227788,0.12982416666666668
227789,0.12711666666666666
227790,0.12621583333333333
227791,0.12254000000000001
227792,0.12126833333333333
227793,0.11917916666666667
227794,0.11504
227795,0.11008
227796,0.10537833333333332
227797,0.10214916666666667
227798,0.09866666666666667
227799,0.09371416666666668
227800,0.08990416666666667
227801,0.08483500000000001
227802,0.08051916666666667
227803,0.07534916666666668
227804,0.07131749999999999
227805,0.07074416666666666
227806,0.07324583333333333
227807,0.0719125
227808,0.073995
227809,0.0742625
227810,0.07648
227811,0.07835416666666667
227812,0.08134916666666665
227813,0.09030833333333334
227814,0.10313166666666666
227815,0.13147999999999999
227816,0.15925
227817,0.1894741666666667
227818,0.22545500000000002
227819,0.26638083333333334
227820,0.3052816666666667
227821,0.3447616666666667
227822,0.3860508333333333
227823,0.42460416666666667
227824,0.4659166666666667
227825,0.5112608333333333
227826,0.5565458333333333
227827,0.6023741666666667
227828,0.6403000000000001
227829,0.6742625
227830,0.6879466666666667
227831,0.7021733333333333
227832,0.7179258333333334
227833,0.72971
227834,0.7377175
227835,0.7427941666666666
227836,0.7462916666666666
227837,0.7535808333333333
227838,0.7645775
227839,0.7714766666666667
227840,0.7628766666666668
227841,0.7569866666666667
227842,0.747245
227843,0.7385733333333333
227844,0.730335
227845,0.7277316666666667
227846,0.7229691666666667
227847,0.7096458333333333
227848,0.6877641666666666
227849,0.6559866666666667
227850,0.6306641666666667
227851,0.60482
227852,0.5745716666666667
227853,0.5382983333333333
227854,0.4996366666666667
227855,0.4885725
227856,0.47503666666666666
227857,0.4635491666666666
227858,0.45755333333333337
227859,0.4657716666666667
227860,0.48423916666666666
227861,0.5062266666666667
227862,0.5337258333333333
227863,0.5683475
227864,0.6106583333333334
227865,0.6473
227866,0.6820558333333333
227867,0.7188433333333334
227868,0.7560208333333335
227869,0.7841275000000001
227870,0.7846333333333334
227871,0.7953475
227872,0.7924808333333334
227873,0.7904291666666666
227874,0.7718349999999999
227875,0.7392066666666667
227876,0.7006833333333333
227877,0.6592966666666666
227878,0.6163974999999999
227879,0.5730991666666666
227880,0.5269408333333333
227881,0.486435
227882,0.443475
227883,0.4016083333333333
227884,0.37224083333333335
227885,0.351555
227886,0.32041000000000003
227887,0.29788749999999997
227888,0.27148416666666664
227889,0.24814250000000002
227890,0.2309166666666667
227891,0.21740166666666666
227892,0.2067525
227893,0.1941525
227894,0.1823725
227895,0.17998333333333333
227896,0.173665
227897,0.1714225
227898,0.16754333333333332
227899,0.163975
227900,0.16465083333333333
227901,0.16713083333333334
227902,0.18512416666666667
227903,0.19675916666666668
227904,0.20504
227905,0.20819416666666665
227906,0.20725999999999997
227907,0.2029425
227908,0.20017
227909,0.19671500000000003
227910,0.19338750000000002
227911,0.19115249999999998
227912,0.19329083333333333
227913,0.19658916666666668
227914,0.2011508333333333
227915,0.20028083333333332
227916,0.19918083333333333
227917,0.18979000000000001
227918,0.19314833333333334
227919,0.20090666666666665
227920,0.20783000000000001
227921,0.22549916666666667
227922,0.24516666666666664
227923,0.26134916666666663
227924,0.2757941666666667
227925,0.28564249999999997
227926,0.28832916666666664
227927,0.2827583333333334
227928,0.2751033333333333
227929,0.2652675
227930,0.2589766666666667
227931,0.25655
227932,0.25125
227933,0.23840583333333332
227934,0.22629083333333336
227935,0.22127166666666664
227936,0.21021166666666666
227937,0.19873916666666666
227938,0.18870083333333335
227939,0.18282416666666665
227940,0.17553916666666666
227941,0.17429083333333334
227942,0.17709249999999999
227943,0.18664166666666665
227944,0.19845583333333336
227945,0.20631416666666666
227946,0.21270333333333333
227947,0.21298166666666668
227948,0.2150841666666667
227949,0.21480249999999998
227950,0.20875000000000002
227951,0.20358416666666665
227952,0.20074166666666665
227953,0.20412083333333333
227954,0.211505
227955,0.2234875
227956,0.2286808333333333
227957,0.23381000000000002
227958,0.23841333333333334
227959,0.23941916666666666
227960,0.24430916666666666
227961,0.2433516666666667
227962,0.2504125
227963,0.25559666666666664
227964,0.2521025
227965,0.24961666666666668
227966,0.24669833333333333
227967,0.24321083333333335
227968,0.24096833333333334
227969,0.23602166666666669
227970,0.22533416666666667
227971,0.22099166666666667
227972,0.21814999999999998
227973,0.21259583333333334
227974,0.20633916666666666
227975,0.19709333333333331
227976,0.18719
227977,0.17346750000000002
227978,0.160405
227979,0.15549833333333335
227980,0.1530458333333333
227981,0.15192583333333334
227982,0.15170083333333334
227983,0.14934333333333336
227984,0.14345333333333332
227985,0.14117333333333332
227986,0.13716916666666668
227987,0.13647
227988,0.13007083333333333
227989,0.13511499999999999
227990,0.14039666666666667
227991,0.152765
227992,0.17673
227993,0.20792166666666664
227994,0.2402625
227995,0.27183666666666667
227996,0.31455833333333333
227997,0.35646916666666667
227998,0.40023
227999,0.4423033333333333
228000,0.4749041666666667
228001,0.5145258333333333
228002,0.5563925
228003,0.6078508333333333
228004,0.6532958333333333
228005,0.7019541666666667
228006,0.7468800000000001
228007,0.7830166666666667
228008,0.8124158333333332
228009,0.8415183333333334
228010,0.8699408333333333
228011,0.8865933333333335
228012,0.8881083333333333
228013,0.868525
228014,0.8498958333333334
228015,0.8353208333333334
228016,0.8131716666666667
228017,0.7788858333333334
228018,0.7344616666666667
228019,0.6777725
228020,0.6272033333333333
228021,0.5770541666666666
228022,0.5289116666666667
228023,0.48283833333333337
228024,0.4310966666666667
228025,0.3819091666666667
228026,0.327355
228027,0.28688749999999996
228028,0.26182833333333333
228029,0.23846416666666667
228030,0.21556
228031,0.19098416666666665
228032,0.16919416666666667
228033,0.15189
228034,0.14431
228035,0.13001083333333333
228036,0.11506583333333335
228037,0.0998025
228038,0.08374416666666666
228039,0.07357666666666667
228040,0.06411333333333333
228041,0.06422666666666667
228042,0.065995
228043,0.07118416666666666
228044,0.08134749999999999
228045,0.1009475
228046,0.12766416666666666
228047,0.16138166666666667
228048,0.19185
228049,0.2204275
228050,0.2516275
228051,0.28208333333333335
228052,0.3165175
228053,0.35195583333333336
228054,0.3940075
228055,0.4298625
228056,0.44862916666666663
228057,0.46988750000000007
228058,0.4907975
228059,0.5059
228060,0.5179758333333333
228061,0.5285658333333333
228062,0.53419
228063,0.5384574999999999
228064,0.5483291666666666
228065,0.5436708333333333
228066,0.5305675
228067,0.5095433333333333
228068,0.48298416666666666
228069,0.45137083333333333
228070,0.4277108333333333
228071,0.4235475
228072,0.4201416666666667
228073,0.4137566666666667
228074,0.4139025
228075,0.4116600000000001
228076,0.40970416666666665
228077,0.40097
228078,0.38474583333333334
228079,0.36603083333333336
228080,0.3603808333333334
228081,0.35966583333333335
228082,0.36154083333333337
228083,0.3695958333333333
228084,0.38473083333333336
228085,0.39432666666666666
228086,0.40888166666666664
228087,0.41945416666666674
228088,0.43465166666666666
228089,0.4449783333333333
228090,0.45256833333333335
228091,0.451675
228092,0.46143999999999996
228093,0.47933833333333337
228094,0.5012125
228095,0.52513
228096,0.5405308333333333
228097,0.5507375
228098,0.5507550000000001
228099,0.5344099999999999
228100,0.5184408333333334
228101,0.48918
228102,0.45963499999999996
228103,0.42720833333333336
228104,0.39292000000000005
228105,0.3596458333333334
228106,0.3330725
228107,0.3068208333333333
228108,0.28576916666666663
228109,0.2636941666666667
228110,0.24620416666666667
228111,0.24213666666666664
228112,0.24097666666666664
228113,0.24797
228114,0.26346583333333334
228115,0.28844250000000005
228116,0.31522083333333334
228117,0.33932833333333334
228118,0.36913999999999997
228119,0.40477166666666664
228120,0.4405125
228121,0.47295916666666665
228122,0.5015858333333333
228123,0.5329349999999999
228124,0.5623525
228125,0.5863358333333333
228126,0.6079225
228127,0.6323074999999999
228128,0.6570641666666667
228129,0.6820525
228130,0.6943933333333334
228131,0.7096958333333333
228132,0.7272866666666666
228133,0.74348
228134,0.7520308333333333
228135,0.7498558333333333
228136,0.7539733333333333
228137,0.7559866666666666
228138,0.7542841666666666
228139,0.7464266666666666
228140,0.7402858333333333
228141,0.7368475
228142,0.7302883333333334
228143,0.7280491666666666
228144,0.7282533333333333
228145,0.7320033333333333
228146,0.7281191666666668
228147,0.7268375
228148,0.7220516666666668
228149,0.72333
228150,0.7326033333333334
228151,0.7392516666666666
228152,0.7448733333333334
228153,0.7428849999999999
228154,0.7445191666666667
228155,0.7400083333333334
228156,0.7372425
228157,0.7312333333333333
228158,0.7206758333333333
228159,0.7100650000000001
228160,0.6838258333333334
228161,0.6672366666666666
228162,0.6486983333333334
228163,0.6338258333333333
228164,0.6172991666666667
228165,0.6015141666666667
228166,0.5849675
228167,0.5748791666666667
228168,0.5746841666666668
228169,0.5746008333333333
228170,0.5826425
228171,0.5787566666666667
228172,0.5753441666666668
228173,0.5709466666666666
228174,0.5584166666666667
228175,0.5589241666666667
228176,0.5505208333333333
228177,0.53754
228178,0.5210966666666667
228179,0.5028358333333334
228180,0.4886641666666666
228181,0.4746775
228182,0.457115
228183,0.44551916666666663
228184,0.4329658333333333
228185,0.418475
228186,0.41156750000000003
228187,0.4124175
228188,0.41116583333333334
228189,0.412215
228190,0.41555249999999994
228191,0.43156999999999995
228192,0.44900833333333334
228193,0.4682741666666666
228194,0.4868783333333333
228195,0.49911083333333334
228196,0.5221991666666667
228197,0.5461600000000001
228198,0.5587741666666666
228199,0.5767000000000001
228200,0.5798483333333332
228201,0.5827225000000001
228202,0.5860524999999999
228203,0.5924208333333334
228204,0.5965991666666667
228205,0.5970291666666667
228206,0.5913708333333333
228207,0.58465
228208,0.586715
228209,0.58154
228210,0.5813108333333333
228211,0.56819
228212,0.5478208333333333
228213,0.5339833333333334
228214,0.5131175
228215,0.5037391666666666
228216,0.4935375
228217,0.4746283333333333
228218,0.4554783333333334
228219,0.4424133333333333
228220,0.43236833333333335
228221,0.42353250000000003
228222,0.41742416666666665
228223,0.3973925
228224,0.3821516666666666
228225,0.3751658333333333
228226,0.36562833333333333
228227,0.3631733333333333
228228,0.3579208333333333
228229,0.3535966666666666
228230,0.34907750000000004
228231,0.3565
228232,0.3713266666666667
228233,0.38406666666666667
228234,0.4078925
228235,0.43304833333333337
228236,0.44955500000000004
228237,0.47094833333333336
228238,0.49501833333333334
228239,0.52588
228240,0.5448333333333333
228241,0.5692583333333333
228242,0.5917133333333333
228243,0.6124733333333334
228244,0.6433800000000001
228245,0.6658575
228246,0.6822383333333334
228247,0.6866683333333334
228248,0.6858775
228249,0.6789591666666667
228250,0.6729283333333334
228251,0.6726783333333334
228252,0.6721025
228253,0.6682308333333334
228254,0.660845
228255,0.6552275
228256,0.6494241666666667
228257,0.6406491666666666
228258,0.6248225000000001
228259,0.6034141666666667
228260,0.6006925
228261,0.5909183333333333
228262,0.5924775
228263,0.6040991666666666
228264,0.6204125
228265,0.6332683333333333
228266,0.6473833333333333
228267,0.6590708333333333
228268,0.6764466666666666
228269,0.6900308333333333
228270,0.7054566666666667
228271,0.7234075
228272,0.7294875
228273,0.7414516666666666
228274,0.7573175
228275,0.7606749999999999
228276,0.7687608333333333
228277,0.7778433333333333
228278,0.7829716666666667
228279,0.7742816666666666
228280,0.7653200000000001
228281,0.7512175
228282,0.7347041666666667
228283,0.7265708333333334
228284,0.7226916666666667
228285,0.7206016666666667
228286,0.7171883333333333
228287,0.7288450000000001
228288,0.7428866666666667
228289,0.7486683333333333
228290,0.755135
228291,0.7611141666666666
228292,0.7654825
228293,0.7616441666666667
228294,0.7599575000000001
228295,0.7610675
228296,0.7621641666666666
228297,0.7747658333333333
228298,0.7763408333333334
228299,0.7513783333333333
228300,0.7235416666666666
228301,0.6960358333333333
228302,0.6666825
228303,0.6329208333333334
228304,0.5957808333333333
228305,0.5654441666666667
228306,0.5364599999999999
228307,0.49936083333333336
228308,0.46849
228309,0.44124083333333336
228310,0.4154125
228311,0.38249666666666665
228312,0.33381
228313,0.29054083333333336
228314,0.30237833333333336
228315,0.31168416666666665
228316,0.31526750000000003
228317,0.3162175
228318,0.3268375
228319,0.35460250000000004
228320,0.3660391666666667
228321,0.37319
228322,0.38663083333333337
228323,0.41866416666666667
228324,0.4497741666666667
228325,0.48264833333333335
228326,0.526375
228327,0.5768133333333334
228328,0.6235383333333334
228329,0.6452399999999999
228330,0.6663291666666666
228331,0.6939791666666667
228332,0.7258158333333334
228333,0.7556266666666666
228334,0.7737358333333333
228335,0.8033258333333333
228336,0.8359099999999999
228337,0.8690525
228338,0.8855775
228339,0.8925191666666666
228340,0.89463
228341,0.8869683333333334
228342,0.8781958333333333
228343,0.8653241666666667
228344,0.8475366666666667
228345,0.8295983333333333
228346,0.799885
228347,0.7687649999999999
228348,0.7369133333333334
228349,0.7040933333333333
228350,0.6625583333333334
228351,0.6160075
228352,0.5648733333333333
228353,0.5088375
228354,0.45968333333333333
228355,0.41275666666666666
228356,0.3692216666666666
228357,0.32454333333333335
228358,0.28248416666666665
228359,0.24117333333333335
228360,0.20326416666666666
228361,0.17363416666666667
228362,0.14568666666666666
228363,0.1158725
228364,0.09021833333333333
228365,0.06878833333333333
228366,0.05451916666666666
228367,0.04487083333333333
228368,0.04307916666666667
228369,0.04232916666666667
228370,0.04134333333333333
228371,0.0466525
228372,0.05545833333333334
228373,0.06504499999999999
228374,0.08659333333333334
228375,0.10549333333333334
228376,0.12852
228377,0.15103916666666667
228378,0.17038666666666663
228379,0.1868341666666667
228380,0.2137175
228381,0.2385425
228382,0.27094583333333333
228383,0.30994499999999997
228384,0.35536749999999995
228385,0.3991383333333333
228386,0.44296250000000004
228387,0.48520833333333335
228388,0.5271833333333333
228389,0.5555708333333332
228390,0.5837891666666667
228391,0.61199
228392,0.6364066666666667
228393,0.6621216666666666
228394,0.6880916666666667
228395,0.7077183333333333
228396,0.7291608333333334
228397,0.7456366666666666
228398,0.7376008333333333
228399,0.730115
228400,0.7343541666666666
228401,0.7370083333333334
228402,0.7277916666666667
228403,0.7123058333333333
228404,0.6954508333333335
228405,0.6754125000000001
228406,0.6564274999999999
228407,0.6368858333333333
228408,0.6169366666666666
228409,0.5974383333333334
228410,0.5739516666666666
228411,0.5518016666666666
228412,0.5246825
228413,0.5126341666666666
228414,0.49423416666666664
228415,0.46267083333333336
228416,0.4299991666666667
228417,0.41304500000000005
228418,0.39917166666666665
228419,0.3826483333333333
228420,0.3774575
228421,0.36724
228422,0.36053416666666666
228423,0.35853
228424,0.35704416666666666
228425,0.3620083333333334
228426,0.36049000000000003
228427,0.37280833333333335
228428,0.38143583333333336
228429,0.38844
228430,0.38710666666666665
228431,0.38676666666666665
228432,0.37683833333333333
228433,0.36776250000000005
228434,0.3676216666666667
228435,0.3608258333333333
228436,0.35328
228437,0.3469141666666667
228438,0.33637666666666666
228439,0.3248975
228440,0.31044499999999997
228441,0.2944866666666667
228442,0.26861416666666665
228443,0.24484666666666668
228444,0.22265250000000003
228445,0.21513833333333335
228446,0.20952416666666668
228447,0.214455
228448,0.22421666666666665
228449,0.22930250000000002
228450,0.24814
228451,0.2670358333333333
228452,0.290705
228453,0.31719416666666667
228454,0.3458091666666666
228455,0.3756608333333334
228456,0.41053333333333336
228457,0.44229583333333333
228458,0.47778250000000005
228459,0.5121091666666667
228460,0.5441191666666667
228461,0.5757383333333334
228462,0.6036033333333334
228463,0.6361266666666666
228464,0.670985
228465,0.696315
228466,0.7237308333333333
228467,0.748305
228468,0.7718841666666667
228469,0.7941408333333334
228470,0.8154858333333335
228471,0.8362541666666667
228472,0.8593558333333334
228473,0.8806066666666666
228474,0.9022291666666666
228475,0.9226308333333333
228476,0.942295
228477,0.9603758333333333
228478,0.9706075
228479,0.9800074999999999
228480,0.9865600000000001
228481,0.9916649999999999
228482,0.994515
228483,0.9965550000000001
228484,0.9973341666666666
228485,0.9980766666666666
228486,0.9986858333333333
228487,0.9988849999999999
228488,0.9989883333333334
228489,0.9990833333333333
228490,0.9991683333333333
228491,0.9992533333333333
228492,0.9992800000000001
228493,0.9993091666666667
228494,0.9993275
228495,0.9993283333333333
228496,0.99931
228497,0.9993075
228498,0.9991766666666666
228499,0.9974649999999999
228500,0.9954416666666666
228501,0.9915008333333333
228502,0.9798725
228503,0.9642658333333334
228504,0.9402674999999999
228505,0.9119733333333333
228506,0.8726308333333334
228507,0.8330649999999999
228508,0.7820883333333334
228509,0.7295958333333332
228510,0.6735383333333333
228511,0.6174283333333332
228512,0.560335
228513,0.50542
228514,0.45031916666666666
228515,0.3910166666666667
228516,0.33017083333333336
228517,0.2767516666666667
228518,0.22836583333333332
228519,0.18943999999999997
228520,0.15450250000000001
228521,0.13088916666666667
228522,0.10800416666666666
228523,0.10522166666666667
228524,0.11006333333333333
228525,0.11294583333333333
228526,0.11328666666666667
228527,0.11354333333333333
228528,0.11587166666666665
228529,0.11769083333333333
228530,0.1273
228531,0.14561833333333332
228532,0.17022666666666667
228533,0.18576499999999999
228534,0.20126750000000002
228535,0.21554916666666665
228536,0.22551333333333334
228537,0.23953166666666667
228538,0.24537083333333334
228539,0.24602666666666667
228540,0.2547933333333333
228541,0.25906083333333335
228542,0.26017
228543,0.2617583333333333
228544,0.27420916666666667
228545,0.28967333333333334
228546,0.3019941666666667
228547,0.31574916666666664
228548,0.33853500000000003
228549,0.3612783333333333
228550,0.39239499999999994
228551,0.427695
228552,0.4522583333333333
228553,0.476
228554,0.4950141666666667
228555,0.5144316666666666
228556,0.5445883333333333
228557,0.5740991666666666
228558,0.5948475
228559,0.6084183333333333
228560,0.6104974999999999
228561,0.60643
228562,0.6108891666666666
228563,0.6185108333333333
228564,0.6163091666666667
228565,0.5916308333333333
228566,0.5662758333333334
228567,0.545835
228568,0.5291166666666667
228569,0.525325
228570,0.51319
228571,0.49444999999999995
228572,0.47646249999999996
228573,0.46199666666666667
228574,0.44929
228575,0.44110583333333336
228576,0.439275
228577,0.4239049999999999
228578,0.4054391666666667
228579,0.39709416666666664
228580,0.40224583333333336
228581,0.40758916666666667
228582,0.41410166666666665
228583,0.41652249999999996
228584,0.40822833333333336
228585,0.4114233333333333
228586,0.4195083333333333
228587,0.43324833333333335
228588,0.4451866666666666
228589,0.45869916666666666
228590,0.4744325
228591,0.48707833333333334
228592,0.48648250000000004
228593,0.48552
228594,0.48641999999999996
228595,0.48910166666666666
228596,0.4902658333333333
228597,0.49449
228598,0.49476749999999997
228599,0.4979616666666667
228600,0.48603500000000005
228601,0.46886333333333335
228602,0.44882500000000003
228603,0.4291241666666667
228604,0.40426249999999997
228605,0.3758825
228606,0.34956333333333334
228607,0.3338975
228608,0.3178516666666667
228609,0.30400000000000005
228610,0.2940466666666667
228611,0.2843158333333333
228612,0.2640958333333333
228613,0.2491691666666667
228614,0.23457000000000003
228615,0.2321
228616,0.2309333333333333
228617,0.23318916666666664
228618,0.22966083333333331
228619,0.22996083333333334
228620,0.23108083333333335
228621,0.22982833333333333
228622,0.2314925
228623,0.23745916666666667
228624,0.2394725
228625,0.23618166666666665
228626,0.23541916666666665
228627,0.24146166666666666
228628,0.2482125
228629,0.26546583333333335
228630,0.2828175
228631,0.30377000000000004
228632,0.3252858333333333
228633,0.3427733333333334
228634,0.36139916666666666
228635,0.38517999999999997
228636,0.4055391666666666
228637,0.42234499999999997
228638,0.44069166666666665
228639,0.45660416666666664
228640,0.46827416666666666
228641,0.4854016666666666
228642,0.5063591666666667
228643,0.5254133333333333
228644,0.5319758333333333
228645,0.5327866666666667
228646,0.5352366666666666
228647,0.539615
228648,0.5534691666666666
228649,0.5638641666666667
228650,0.5744375
228651,0.5876583333333334
228652,0.6005833333333332
228653,0.60943
228654,0.6216666666666666
228655,0.6316241666666667
228656,0.6393466666666666
228657,0.6421333333333334
228658,0.6444975
228659,0.6532733333333333
228660,0.6603283333333334
228661,0.6622916666666667
228662,0.6674016666666667
228663,0.6751400000000001
228664,0.6787125
228665,0.6706583333333334
228666,0.6662791666666666
228667,0.6658583333333333
228668,0.6619558333333333
228669,0.6607358333333333
228670,0.6678825
228671,0.6704141666666668
228672,0.67831
228673,0.6854825000000001
228674,0.6812950000000001
228675,0.6825666666666667
228676,0.6815549999999999
228677,0.6679575
228678,0.6482466666666666
228679,0.6423924999999999
228680,0.6439541666666667
228681,0.6414833333333334
228682,0.6375158333333334
228683,0.6291341666666667
228684,0.6167875000000002
228685,0.6126474999999999
228686,0.5872775
228687,0.5594433333333334
228688,0.5179125
228689,0.4909408333333333
228690,0.4632116666666667
228691,0.4452516666666667
228692,0.4339191666666667
228693,0.4312075
228694,0.4194333333333333
228695,0.4122383333333333
228696,0.4103175
228697,0.41030583333333337
228698,0.4214533333333333
228699,0.4306758333333333
228700,0.4365375
228701,0.46315083333333334
228702,0.4880216666666667
228703,0.5243816666666666
228704,0.5475183333333333
228705,0.5590666666666667
228706,0.5590875000000001
228707,0.5596125000000001
228708,0.5690075
228709,0.5812450000000001
228710,0.5928291666666666
228711,0.5936858333333334
228712,0.5927516666666667
228713,0.5841866666666665
228714,0.5834375
228715,0.5738391666666668
228716,0.5636583333333334
228717,0.5634825
228718,0.56771
228719,0.5679633333333333
228720,0.5772808333333332
228721,0.5965266666666668
228722,0.6157691666666667
228723,0.6217366666666667
228724,0.6214016666666667
228725,0.6163683333333334
228726,0.6100616666666666
228727,0.605565
228728,0.6097958333333333
228729,0.6118891666666666
228730,0.6244283333333333
228731,0.6342016666666667
228732,0.6302908333333334
228733,0.6208899999999999
228734,0.6196050000000001
228735,0.63018
228736,0.6372716666666667
228737,0.6436408333333332
228738,0.6513491666666666
228739,0.6639700000000001
228740,0.6753233333333334
228741,0.6951041666666667
228742,0.7146925
228743,0.7299083333333333
228744,0.7368308333333334
228745,0.7315375
228746,0.7270983333333334
228747,0.7308316666666667
228748,0.7399725
228749,0.7474175
228750,0.7421833333333334
228751,0.7351883333333333
228752,0.7276825
228753,0.71845
228754,0.7055658333333333
228755,0.6882691666666666
228756,0.6636116666666666
228757,0.633595
228758,0.5947516666666667
228759,0.5694450000000001
228760,0.5585483333333333
228761,0.5555633333333333
228762,0.5507483333333333
228763,0.5466466666666666
228764,0.5441491666666667
228765,0.54558
228766,0.5486408333333334
228767,0.5491908333333334
228768,0.5560191666666666
228769,0.5600166666666666
228770,0.5748475000000001
228771,0.5999391666666667
228772,0.6213416666666666
228773,0.6512291666666666
228774,0.6631516666666666
228775,0.6646491666666667
228776,0.6661900000000001
228777,0.6671774999999999
228778,0.670935
228779,0.6743558333333333
228780,0.6859616666666668
228781,0.6969175
228782,0.7087958333333333
228783,0.7143274999999999
228784,0.7227566666666667
228785,0.7279599999999999
228786,0.7326116666666668
228787,0.7440025000000001
228788,0.7527466666666667
228789,0.7656225
228790,0.77731
228791,0.7912125
228792,0.798695
228793,0.8025575
228794,0.8101558333333334
228795,0.8106616666666666
228796,0.8070358333333334
228797,0.7984791666666667
228798,0.7902633333333334
228799,0.7691558333333333
228800,0.7521141666666666
228801,0.7352833333333333
228802,0.7198733333333334
228803,0.7054925000000001
228804,0.6927583333333334
228805,0.6758225000000001
228806,0.6440366666666667
228807,0.6072216666666667
228808,0.5673308333333333
228809,0.5251458333333334
228810,0.483705
228811,0.4556675
228812,0.43344
228813,0.4115533333333333
228814,0.4144958333333334
228815,0.41036416666666664
228816,0.40503999999999996
228817,0.4025241666666666
228818,0.4018283333333333
228819,0.41028666666666663
228820,0.4305558333333333
228821,0.4639125
228822,0.5063358333333333
228823,0.5517016666666666
228824,0.59222
228825,0.631795
228826,0.6624433333333334
228827,0.690915
228828,0.7215941666666666
228829,0.7439183333333332
228830,0.7719024999999999
228831,0.8003800000000001
228832,0.8254591666666666
228833,0.8496458333333333
228834,0.86739
228835,0.8799775000000001
228836,0.886355
228837,0.8936866666666667
228838,0.9004658333333333
228839,0.9098725
228840,0.9188325
228841,0.9291333333333333
228842,0.9412966666666667
228843,0.9522433333333333
228844,0.9596108333333333
228845,0.963485
228846,0.9650216666666667
228847,0.964165
228848,0.9623775000000001
228849,0.9586625000000001
228850,0.954695
228851,0.9506625
228852,0.9463974999999999
228853,0.9402550000000001
228854,0.9349216666666667
228855,0.9274233333333334
228856,0.9176058333333333
228857,0.9079225
228858,0.8804133333333333
228859,0.8545983333333333
228860,0.8271208333333334
228861,0.7966933333333334
228862,0.7662333333333333
228863,0.738905
228864,0.7128758333333334
228865,0.686875
228866,0.6638175000000001
228867,0.639045
228868,0.61707
228869,0.5965008333333334
228870,0.57939
228871,0.5634475
228872,0.5523858333333334
228873,0.56337
228874,0.5717233333333333
228875,0.5823325
228876,0.5976658333333333
228877,0.6121508333333333
228878,0.6230483333333334
228879,0.6336324999999999
228880,0.6443041666666667
228881,0.6526958333333333
228882,0.6556441666666667
228883,0.6684791666666666
228884,0.6798383333333333
228885,0.6753733333333333
228886,0.6688183333333334
228887,0.666705
228888,0.6608458333333334
228889,0.6574925
228890,0.6519058333333333
228891,0.6442966666666667
228892,0.6395275
228893,0.6378758333333333
228894,0.6398308333333333
228895,0.641785
228896,0.6478125
228897,0.659615
228898,0.6646291666666667
228899,0.6692175
228900,0.6857233333333334
228901,0.7055291666666667
228902,0.7073341666666667
228903,0.7042516666666666
228904,0.7006208333333334
228905,0.698045
228906,0.6970641666666667
228907,0.6933683333333334
228908,0.6904950000000001
228909,0.6869999999999999
228910,0.6894100000000001
228911,0.6879716666666666
228912,0.6831766666666667
228913,0.675795
228914,0.6702708333333334
228915,0.6707791666666666
228916,0.6635516666666668
228917,0.6613808333333334
228918,0.6625825
228919,0.67297
228920,0.6846675
228921,0.6947675
228922,0.7060233333333333
228923,0.7175816666666666
228924,0.7305325
228925,0.7399749999999999
228926,0.7495
228927,0.764935
228928,0.7772891666666666
228929,0.7855333333333333
228930,0.7879358333333334
228931,0.7980708333333334
228932,0.8125891666666667
228933,0.8299908333333333
228934,0.8362925000000001
228935,0.8422466666666666
228936,0.8483933333333333
228937,0.8577591666666666
228938,0.8620258333333334
228939,0.8583475
228940,0.8352191666666666
228941,0.813145
228942,0.7898125
228943,0.7641833333333333
228944,0.7417683333333334
228945,0.7158333333333334
228946,0.694025
228947,0.6748616666666667
228948,0.6556258333333334
228949,0.6403825
228950,0.6241783333333333
228951,0.6112933333333334
228952,0.5905608333333333
228953,0.5675708333333334
228954,0.5501908333333333
228955,0.5413641666666666
228956,0.53525
228957,0.5236541666666666
228958,0.5150866666666667
228959,0.5156808333333334
228960,0.5174633333333334
228961,0.5137391666666667
228962,0.5103675
228963,0.5056808333333334
228964,0.5005933333333333
228965,0.502085
228966,0.5110583333333334
228967,0.5246825
228968,0.5414266666666666
228969,0.5602175
228970,0.5926233333333334
228971,0.6224683333333333
228972,0.655105
228973,0.6869683333333333
228974,0.7012466666666666
228975,0.7089791666666667
228976,0.7105733333333333
228977,0.7079558333333333
228978,0.7050025000000001
228979,0.6941583333333334
228980,0.6769783333333332
228981,0.6507225
228982,0.6322633333333333
228983,0.6118349999999999
228984,0.5871733333333332
228985,0.5564016666666666
228986,0.5256208333333333
228987,0.4996458333333333
228988,0.4819691666666666
228989,0.4763283333333333
228990,0.4764758333333333
228991,0.48006083333333327
228992,0.48336250000000003
228993,0.48806583333333337
228994,0.503775
228995,0.5151049999999999
228996,0.5145708333333333
228997,0.5056133333333332
228998,0.5056241666666667
228999,0.5046016666666666
229000,0.5096133333333334
229001,0.5208925
229002,0.5245733333333333
229003,0.5251233333333334
229004,0.5201116666666666
229005,0.5232441666666666
229006,0.5087958333333333
229007,0.5011866666666667
229008,0.48939
229009,0.47340333333333334
229010,0.46470416666666664
229011,0.4680333333333333
229012,0.472855
229013,0.46340583333333335
229014,0.45867916666666664
229015,0.45601583333333334
229016,0.43737333333333334
229017,0.41840916666666667
229018,0.39809249999999996
229019,0.3837408333333333
229020,0.37440666666666667
229021,0.3856775
229022,0.39103166666666667
229023,0.38379083333333336
229024,0.39188416666666664
229025,0.39015500000000003
229026,0.38017833333333334
229027,0.36863416666666665
229028,0.36341833333333334
229029,0.36484416666666664
229030,0.39338500000000004
229031,0.42994
229032,0.47357166666666667
229033,0.5158916666666667
229034,0.55169
229035,0.5810341666666666
229036,0.6107416666666666
229037,0.6414333333333333
229038,0.6877475000000001
229039,0.718245
229040,0.7556458333333332
229041,0.800235
229042,0.8465141666666667
229043,0.8943283333333334
229044,0.9320900000000001
229045,0.9366166666666668
229046,0.9421033333333334
229047,0.9467975000000001
229048,0.9506808333333333
229049,0.9567516666666668
229050,0.9583258333333333
229051,0.9594175
229052,0.9598158333333333
229053,0.9602933333333332
229054,0.9596374999999999
229055,0.9527483333333334
229056,0.9468425
229057,0.9385975
229058,0.9299858333333333
229059,0.9201975
229060,0.9084883333333332
229061,0.9001108333333333
229062,0.8884658333333333
229063,0.8663416666666667
229064,0.8464958333333333
229065,0.82776
229066,0.8028
229067,0.7696000000000001
229068,0.7322908333333334
229069,0.6923016666666667
229070,0.6583883333333332
229071,0.6261008333333334
229072,0.5931083333333333
229073,0.5568083333333333
229074,0.5208008333333333
229075,0.4855958333333333
229076,0.44277000000000005
229077,0.40111749999999996
229078,0.3690758333333333
229079,0.33351333333333333
229080,0.3107175
229081,0.2910116666666667
229082,0.28584333333333334
229083,0.286695
229084,0.2935475
229085,0.30217083333333333
229086,0.3032125
229087,0.304085
229088,0.3114458333333333
229089,0.34503416666666664
229090,0.37874583333333334
229091,0.41843916666666664
229092,0.46374666666666664
229093,0.5125708333333334
229094,0.563835
229095,0.6038216666666667
229096,0.6457366666666666
229097,0.6776599999999999
229098,0.7053608333333333
229099,0.7248291666666666
229100,0.7428291666666667
229101,0.7672183333333333
229102,0.7915475000000001
229103,0.8133608333333334
229104,0.8148666666666666
229105,0.8158958333333334
229106,0.81616
229107,0.8079308333333334
229108,0.7943275
229109,0.7800491666666666
229110,0.7672566666666666
229111,0.7513641666666666
229112,0.7489016666666667
229113,0.73968
229114,0.7248024999999999
229115,0.6997883333333335
229116,0.6816916666666667
229117,0.6622258333333334
229118,0.6510233333333333
229119,0.6318558333333333
229120,0.6176691666666667
229121,0.6056391666666666
229122,0.5979241666666667
229123,0.58555
229124,0.5836316666666667
229125,0.5801766666666667
229126,0.5808025000000001
229127,0.5662883333333333
229128,0.5596133333333333
229129,0.5645008333333333
229130,0.5750166666666666
229131,0.5790708333333333
229132,0.5850916666666667
229133,0.5817291666666667
229134,0.5818491666666666
229135,0.5822341666666666
229136,0.5798875
229137,0.5774316666666667
229138,0.5851391666666667
229139,0.5909558333333333
229140,0.5957233333333334
229141,0.5960916666666667
229142,0.6049533333333332
229143,0.6195741666666666
229144,0.6347283333333333
229145,0.6570925
229146,0.6759091666666667
229147,0.6986625
229148,0.7233466666666666
229149,0.7493166666666667
229150,0.77285
229151,0.7969291666666667
229152,0.8222725000000001
229153,0.8448875
229154,0.8596800000000001
229155,0.8748641666666667
229156,0.8951666666666667
229157,0.9119233333333334
229158,0.9244025
229159,0.9358299999999999
229160,0.9445408333333333
229161,0.9551875
229162,0.9639000000000001
229163,0.9712633333333334
229164,0.977
229165,0.9809441666666667
229166,0.983905
229167,0.9861775
229168,0.9887983333333333
229169,0.9901391666666667
229170,0.9913658333333334
229171,0.99171
229172,0.9918224999999999
229173,0.9915483333333334
229174,0.9904583333333333
229175,0.9882766666666668
229176,0.98359
229177,0.9794283333333333
229178,0.9743533333333333
229179,0.9678441666666667
229180,0.9610866666666666
229181,0.9521350000000001
229182,0.9419516666666666
229183,0.9294150000000001
229184,0.9168566666666667
229185,0.9041508333333332
229186,0.8930991666666667
229187,0.8813558333333333
229188,0.8610866666666667
229189,0.8448475
229190,0.8285149999999999
229191,0.8082533333333334
229192,0.78127
229193,0.7628516666666666
229194,0.7461266666666667
229195,0.7301741666666666
229196,0.7077775000000001
229197,0.6837175
229198,0.6600008333333333
229199,0.6338825
229200,0.6101291666666667
229201,0.58357
229202,0.5573616666666666
229203,0.5378900000000001
229204,0.519255
229205,0.5036175
229206,0.4915116666666667
229207,0.47937166666666664
229208,0.45999999999999996
229209,0.4424941666666667
229210,0.4118366666666667
229211,0.3897191666666666
229212,0.37644333333333335
229213,0.36599666666666664
229214,0.3595375
229215,0.37415999999999994
229216,0.38780416666666667
229217,0.39895833333333336
229218,0.41131166666666663
229219,0.38921000000000006
229220,0.36450166666666667
229221,0.3433891666666667
229222,0.33042083333333333
229223,0.31904583333333336
229224,0.30362333333333336
229225,0.3022441666666666
229226,0.3055841666666667
229227,0.30173166666666673
229228,0.30064500000000005
229229,0.30016916666666665
229230,0.27739416666666666
229231,0.2551075
229232,0.23254000000000002
229233,0.208525
229234,0.21627833333333335
229235,0.22591250000000002
229236,0.23936333333333334
229237,0.25068083333333335
229238,0.2590233333333333
229239,0.27635583333333336
229240,0.29308083333333335
229241,0.30616583333333336
229242,0.32212583333333333
229243,0.3380791666666667
229244,0.34688583333333334
229245,0.36085249999999996
229246,0.3785266666666667
229247,0.4038575
229248,0.4291391666666666
229249,0.4556241666666666
229250,0.4822925
229251,0.50274
229252,0.5205158333333333
229253,0.5385333333333333
229254,0.5480208333333333
229255,0.5514516666666667
229256,0.5536558333333333
229257,0.5559091666666667
229258,0.549575
229259,0.5458183333333333
229260,0.5321266666666667
229261,0.5187883333333333
229262,0.5011883333333333
229263,0.4868
229264,0.4676541666666667
229265,0.4504633333333333
229266,0.434505
229267,0.4166708333333334
229268,0.40006833333333336
229269,0.38162583333333333
229270,0.37501833333333334
229271,0.370275
229272,0.36684583333333337
229273,0.3617483333333333
229274,0.3685508333333333
229275,0.38922416666666665
229276,0.4042816666666667
229277,0.4205166666666667
229278,0.4288925
229279,0.4393316666666667
229280,0.45330833333333337
229281,0.47958916666666673
229282,0.5159466666666667
229283,0.5492725
229284,0.5821741666666667
229285,0.6151924999999999
229286,0.6477025000000001
229287,0.6769266666666667
229288,0.7131741666666667
229289,0.7363583333333333
229290,0.7482400000000001
229291,0.7625991666666667
229292,0.7767149999999999
229293,0.7944291666666667
229294,0.8128716666666665
229295,0.8253091666666668
229296,0.8273258333333333
229297,0.8239024999999999
229298,0.8234550000000002
229299,0.8256150000000001
229300,0.8207825000000001
229301,0.8149066666666667
229302,0.810935
229303,0.8086800000000001
229304,0.8085716666666667
229305,0.8114433333333333
229306,0.81484
229307,0.8191591666666667
229308,0.82676
229309,0.8337450000000001
229310,0.7960049999999999
229311,0.7511483333333333
229312,0.7037241666666667
229313,0.6539866666666667
229314,0.6040991666666666
229315,0.5537716666666666
229316,0.5056641666666667
229317,0.45621333333333336
229318,0.40457166666666666
229319,0.35428166666666666
229320,0.3033883333333333
229321,0.25165166666666666
229322,0.1993725
229323,0.1456508333333333
229324,0.09044666666666666
229325,0.07879499999999999
229326,0.07662250000000001
229327,0.07475666666666667
229328,0.07399833333333333
229329,0.07523166666666667
229330,0.07706583333333333
229331,0.07721916666666666
229332,0.07566666666666667
229333,0.07399
229334,0.07343833333333333
229335,0.08170000000000001
229336,0.09198916666666665
229337,0.10445416666666667
229338,0.118075
229339,0.13957750000000002
229340,0.1524
229341,0.15888083333333336
229342,0.16091249999999999
229343,0.16369333333333333
229344,0.16682416666666666
229345,0.17307583333333332
229346,0.17907083333333335
229347,0.18824666666666667
229348,0.2017675
229349,0.21466166666666667
229350,0.21705166666666667
229351,0.22007666666666667
229352,0.22689499999999999
229353,0.23432166666666668
229354,0.2387725
229355,0.25690583333333333
229356,0.2926066666666667
229357,0.333655
229358,0.3718325
229359,0.41314249999999997
229360,0.45043833333333333
229361,0.48810000000000003
229362,0.5255941666666667
229363,0.5577916666666667
229364,0.5885583333333333
229365,0.6180941666666666
229366,0.6462158333333333
229367,0.6603083333333334
229368,0.6761366666666666
229369,0.6840025
229370,0.6815133333333333
229371,0.6626416666666668
229372,0.6389733333333333
229373,0.6133433333333332
229374,0.5792933333333334
229375,0.5490016666666667
229376,0.5220308333333333
229377,0.4939675
229378,0.46931166666666674
229379,0.45033416666666665
229380,0.4353125
229381,0.42196083333333334
229382,0.41851000000000005
229383,0.4157175
229384,0.4127175
229385,0.41490000000000005
229386,0.4224166666666667
229387,0.4310466666666667
229388,0.43979583333333333
229389,0.45772833333333335
229390,0.47873166666666667
229391,0.505375
229392,0.534725
229393,0.5606249999999999
229394,0.5862641666666666
229395,0.6076358333333334
229396,0.6298416666666667
229397,0.6469675
229398,0.6653249999999999
229399,0.6898874999999999
229400,0.71573
229401,0.737305
229402,0.7637241666666666
229403,0.7953650000000001
229404,0.8223016666666666
229405,0.8439283333333333
229406,0.8576716666666666
229407,0.8641816666666667
229408,0.8741350000000001
229409,0.8777325
229410,0.880015
229411,0.8784958333333334
229412,0.8780075000000002
229413,0.8589733333333333
229414,0.8374116666666667
229415,0.8132666666666668
229416,0.7870791666666667
229417,0.7551191666666667
229418,0.7189724999999999
229419,0.6818108333333334
229420,0.6460408333333334
229421,0.6084866666666666
229422,0.5637491666666666
229423,0.511185
229424,0.4598383333333333
229425,0.4083966666666667
229426,0.35777166666666665
229427,0.307595
229428,0.271685
229429,0.23674583333333335
229430,0.20352
229431,0.1721925
229432,0.14701333333333333
229433,0.12689916666666667
229434,0.10613166666666667
229435,0.08319750000000001
229436,0.06067833333333334
229437,0.048150000000000005
229438,0.04115583333333333
229439,0.03545083333333333
229440,0.0360075
229441,0.03605916666666666
229442,0.0355075
229443,0.035185
229444,0.034181666666666666
229445,0.032850000000000004
229446,0.031704166666666665
229447,0.030394166666666667
229448,0.03307416666666667
229449,0.0362825
229450,0.0398275
229451,0.04805
229452,0.056102500000000007
229453,0.06623166666666666
229454,0.07989083333333333
229455,0.09360500000000001
229456,0.10666500000000001
229457,0.12014000000000001
229458,0.132565
229459,0.14846583333333332
229460,0.159145
229461,0.1620025
229462,0.16766333333333336
229463,0.16817666666666664
229464,0.16808666666666666
229465,0.16892583333333333
229466,0.16287083333333333
229467,0.15901416666666668
229468,0.15274333333333334
229469,0.14236416666666668
229470,0.12960916666666666
229471,0.11912916666666666
229472,0.11035166666666665
229473,0.10615
229474,0.0990675
229475,0.09660916666666666
229476,0.10202583333333333
229477,0.1036775
229478,0.1023675
229479,0.10029583333333333
229480,0.09786583333333333
229481,0.09784916666666667
229482,0.09665583333333334
229483,0.09584833333333334
229484,0.09477500000000001
229485,0.09292333333333333
229486,0.0905025
229487,0.08931166666666668
229488,0.08584583333333334
229489,0.08129083333333334
229490,0.07710416666666667
229491,0.07291500000000001
229492,0.07020416666666666
229493,0.06886250000000001
229494,0.06985166666666667
229495,0.07054333333333333
229496,0.07946833333333332
229497,0.08940333333333333
229498,0.10155166666666668
229499,0.12582166666666666
229500,0.14798583333333332
229501,0.1731325
229502,0.19565666666666667
229503,0.2137175
229504,0.23463083333333332
229505,0.26026666666666665
229506,0.2807083333333333
229507,0.29889916666666666
229508,0.31240500000000004
229509,0.3242791666666667
229510,0.33428833333333335
229511,0.33861
229512,0.3406983333333333
229513,0.3393591666666667
229514,0.32392416666666674
229515,0.30948583333333335
229516,0.291435
229517,0.2712291666666667
229518,0.2565808333333333
229519,0.23969666666666667
229520,0.2202475
229521,0.2042975
229522,0.18938666666666668
229523,0.18106666666666668
229524,0.17393833333333333
229525,0.16922166666666666
229526,0.16363
229527,0.1606675
229528,0.16201166666666664
229529,0.16197166666666665
229530,0.1653175
229531,0.17795749999999996
229532,0.19751833333333335
229533,0.21085583333333335
229534,0.22743333333333332
229535,0.241295
229536,0.23502416666666667
229537,0.22938416666666667
229538,0.22273083333333332
229539,0.21744416666666666
229540,0.21265083333333334
229541,0.20633416666666668
229542,0.19712583333333333
229543,0.18389166666666668
229544,0.1740741666666667
229545,0.162375
229546,0.1426425
229547,0.11783333333333332
229548,0.09739083333333334
229549,0.07387999999999999
229550,0.05275666666666667
229551,0.05569416666666667
229552,0.06365916666666667
229553,0.07654916666666667
229554,0.08861583333333334
229555,0.10217499999999999
229556,0.11618416666666667
229557,0.1322458333333333
229558,0.1474425
229559,0.16377583333333334
229560,0.18115416666666664
229561,0.19880833333333334
229562,0.2240425
229563,0.25560333333333335
229564,0.28678916666666665
229565,0.30616833333333326
229566,0.3259183333333333
229567,0.3384908333333333
229568,0.3469925
229569,0.35680083333333334
229570,0.3672608333333333
229571,0.3735675
229572,0.3777583333333333
229573,0.38223749999999995
229574,0.3806175
229575,0.37960916666666666
229576,0.3771675
229577,0.37081416666666667
229578,0.35714250000000003
229579,0.33909333333333336
229580,0.3280983333333334
229581,0.3157716666666667
229582,0.30789250000000007
229583,0.2996883333333333
229584,0.2933691666666667
229585,0.2929875
229586,0.2927541666666667
229587,0.30131416666666666
229588,0.31203416666666667
229589,0.33252666666666664
229590,0.3421775
229591,0.3556141666666667
229592,0.3647266666666667
229593,0.3775825
229594,0.39564249999999995
229595,0.41865583333333334
229596,0.43772999999999995
229597,0.4680066666666667
229598,0.49799916666666666
229599,0.521545
229600,0.5393116666666666
229601,0.5591516666666666
229602,0.5737633333333334
229603,0.5892566666666668
229604,0.6000966666666667
229605,0.6194775
229606,0.6402316666666668
229607,0.6625983333333333
229608,0.6853258333333333
229609,0.7072875
229610,0.7304291666666667
229611,0.7554875
229612,0.7615675000000001
229613,0.7686041666666666
229614,0.7783991666666666
229615,0.7849441666666667
229616,0.7919133333333334
229617,0.7951425
229618,0.7918083333333333
229619,0.7855166666666666
229620,0.7809891666666666
229621,0.7698116666666667
229622,0.7603275
229623,0.7465375000000001
229624,0.7365241666666668
229625,0.7164208333333332
229626,0.6933108333333333
229627,0.6684483333333333
229628,0.6454016666666667
229629,0.6208716666666666
229630,0.5953533333333333
229631,0.5713675000000001
229632,0.5469533333333333
229633,0.5307175
229634,0.5162741666666667
229635,0.5043708333333333
229636,0.4988175
229637,0.47996999999999995
229638,0.46838
229639,0.44813833333333336
229640,0.43582666666666664
229641,0.4139216666666667
229642,0.3991325
229643,0.3861508333333334
229644,0.37294
229645,0.3547383333333334
229646,0.3362291666666667
229647,0.3222808333333333
229648,0.3028866666666667
229649,0.28307166666666667
229650,0.26095583333333333
229651,0.23259833333333332
229652,0.21749916666666666
229653,0.1935158333333333
229654,0.17641083333333332
229655,0.16537666666666664
229656,0.16518
229657,0.1664041666666667
229658,0.15996
229659,0.152505
229660,0.14961
229661,0.144885
229662,0.13899333333333333
229663,0.1352025
229664,0.13409833333333332
229665,0.13116916666666667
229666,0.128465
229667,0.12432833333333333
229668,0.12513166666666667
229669,0.12769666666666668
229670,0.12725583333333332
229671,0.12842083333333335
229672,0.12661833333333333
229673,0.12907833333333332
229674,0.13560250000000001
229675,0.14313499999999998
229676,0.15097166666666667
229677,0.16241750000000002
229678,0.17185916666666667
229679,0.18277000000000002
229680,0.19419666666666666
229681,0.21138416666666665
229682,0.22469333333333333
229683,0.24461166666666667
229684,0.26694833333333334
229685,0.28898416666666665
229686,0.31167666666666666
229687,0.33970833333333333
229688,0.36730666666666667
229689,0.3927275
229690,0.41481999999999997
229691,0.429195
229692,0.4397683333333333
229693,0.451605
229694,0.46525749999999994
229695,0.4760783333333333
229696,0.48046249999999996
229697,0.48501583333333337
229698,0.48066166666666665
229699,0.47642666666666666
229700,0.47346333333333335
229701,0.47191333333333335
229702,0.4751108333333333
229703,0.4810708333333334
229704,0.48749416666666673
229705,0.4999708333333333
229706,0.5177475
229707,0.5416791666666666
229708,0.5679783333333333
229709,0.5885400000000001
229710,0.6075116666666667
229711,0.6329633333333333
229712,0.6620366666666667
229713,0.6911875
229714,0.7162083333333334
229715,0.7373474999999999
229716,0.7568308333333333
229717,0.7686575
229718,0.7774375
229719,0.7873325
229720,0.7955158333333333
229721,0.8082058333333333
229722,0.8133400000000001
229723,0.8188533333333333
229724,0.8257016666666667
229725,0.8380941666666667
229726,0.8462933333333333
229727,0.8524558333333333
229728,0.8539391666666667
229729,0.84912
229730,0.8457425
229731,0.8429975
229732,0.8418183333333332
229733,0.837135
229734,0.8273333333333334
229735,0.8040416666666667
229736,0.7736291666666667
229737,0.7471158333333333
229738,0.7224716666666667
229739,0.6966308333333333
229740,0.6661266666666666
229741,0.6335599999999999
229742,0.5989158333333333
229743,0.5679925
229744,0.54203
229745,0.5141025
229746,0.4842075
229747,0.4480441666666667
229748,0.4141525
229749,0.4031458333333333
229750,0.4026925
229751,0.4127958333333333
229752,0.41836083333333335
229753,0.41970166666666664
229754,0.42247583333333333
229755,0.42556499999999997
229756,0.43124333333333337
229757,0.45086500000000007
229758,0.47964749999999995
229759,0.5106658333333334
229760,0.540395
229761,0.5693549999999999
229762,0.5999916666666667
229763,0.6325141666666666
229764,0.6444500000000001
229765,0.6607233333333334
229766,0.6706375
229767,0.679305
229768,0.6895533333333334
229769,0.6984583333333333
229770,0.7094916666666666
229771,0.719705
229772,0.7117583333333334
229773,0.6961925
229774,0.6808591666666667
229775,0.6651033333333334
229776,0.6494233333333334
229777,0.6345258333333333
229778,0.6185783333333333
229779,0.6062416666666667
229780,0.5878158333333333
229781,0.5724575
229782,0.5609908333333333
229783,0.5489158333333334
229784,0.5374
229785,0.5197466666666667
229786,0.5026025
229787,0.48808916666666663
229788,0.4715408333333333
229789,0.44267666666666666
229790,0.4250216666666667
229791,0.4171591666666667
229792,0.40932666666666667
229793,0.40490666666666664
229794,0.39983416666666666
229795,0.39747916666666666
229796,0.39538999999999996
229797,0.38249833333333333
229798,0.36800000000000005
229799,0.3529241666666667
229800,0.34614833333333334
229801,0.33559583333333337
229802,0.3293191666666667
229803,0.3222566666666667
229804,0.3270825
229805,0.32583833333333334
229806,0.3181308333333333
229807,0.31740250000000003
229808,0.3110241666666667
229809,0.305575
229810,0.30372083333333333
229811,0.2949391666666667
229812,0.30285
229813,0.3138458333333333
229814,0.32459916666666666
229815,0.33405333333333337
229816,0.34350083333333337
229817,0.3516475
229818,0.35671916666666664
229819,0.36364
229820,0.3682675
229821,0.37080250000000003
229822,0.37108916666666664
229823,0.36930749999999996
229824,0.3640416666666667
229825,0.35810333333333333
229826,0.3574033333333333
229827,0.3525141666666667
229828,0.3538766666666667
229829,0.36738
229830,0.37012833333333334
229831,0.37468999999999997
229832,0.3805525
229833,0.39359666666666665
229834,0.4035791666666667
229835,0.4120708333333333
229836,0.4296466666666666
229837,0.44412666666666667
229838,0.46348666666666666
229839,0.485575
229840,0.5024283333333334
229841,0.5258825
229842,0.558725
229843,0.5827783333333333
229844,0.5975433333333334
229845,0.621855
229846,0.6489041666666666
229847,0.6786266666666667
229848,0.7040500000000001
229849,0.7292133333333334
229850,0.7535266666666666
229851,0.7704699999999999
229852,0.7779291666666666
229853,0.7857749999999999
229854,0.7937466666666666
229855,0.8024425000000001
229856,0.80546
229857,0.7946150000000001
229858,0.7830158333333334
229859,0.7716158333333333
229860,0.76018
229861,0.7436583333333334
229862,0.7198416666666667
229863,0.6927858333333333
229864,0.6608616666666667
229865,0.6274625
229866,0.5955466666666668
229867,0.5782208333333334
229868,0.5699275
229869,0.5618716666666667
229870,0.5562125000000001
229871,0.5482658333333333
229872,0.5426875
229873,0.5361116666666667
229874,0.5243858333333333
229875,0.5105133333333333
229876,0.49843666666666664
229877,0.47745666666666664
229878,0.4661441666666667
229879,0.465705
229880,0.4756016666666667
229881,0.4882741666666667
229882,0.5109575000000001
229883,0.5275183333333333
229884,0.5399908333333333
229885,0.5550308333333334
229886,0.5734041666666667
229887,0.59214
229888,0.6158391666666667
229889,0.6437375
229890,0.6736133333333333
229891,0.7075633333333333
229892,0.7551341666666666
229893,0.7966808333333333
229894,0.8299025
229895,0.85402
229896,0.8702741666666667
229897,0.8692833333333334
229898,0.85564
229899,0.8318324999999999
229900,0.802895
229901,0.7672291666666666
229902,0.7327775
229903,0.6940491666666666
229904,0.6573791666666667
229905,0.6207025
229906,0.5815225
229907,0.5449058333333333
229908,0.5073375
229909,0.47040666666666664
229910,0.434025
229911,0.3889575
229912,0.3431525000000001
229913,0.3036091666666667
229914,0.27619666666666665
229915,0.25217083333333334
229916,0.23473083333333333
229917,0.21715833333333331
229918,0.2039725
229919,0.19021916666666666
229920,0.18557416666666668
229921,0.1800091666666667
229922,0.17466833333333334
229923,0.1746225
229924,0.17023083333333336
229925,0.16001500000000002
229926,0.16466750000000002
229927,0.1747575
229928,0.18831166666666668
229929,0.20063
229930,0.2113025
229931,0.21872666666666668
229932,0.22740583333333336
229933,0.23245583333333333
229934,0.243735
229935,0.25977750000000005
229936,0.2741
229937,0.2826616666666667
229938,0.3056275
229939,0.334415
229940,0.37312083333333335
229941,0.407315
229942,0.441025
229943,0.4753433333333333
229944,0.5121175
229945,0.5461949999999999
229946,0.5756958333333333
229947,0.6033525
229948,0.6271041666666667
229949,0.6400366666666667
229950,0.6400633333333333
229951,0.6418233333333333
229952,0.6477858333333334
229953,0.6337174999999999
229954,0.6250741666666666
229955,0.6127633333333334
229956,0.5980383333333333
229957,0.5851241666666667
229958,0.5709750000000001
229959,0.55861
229960,0.5497858333333333
229961,0.544545
229962,0.5397708333333333
229963,0.5398475
229964,0.5405541666666667
229965,0.5470841666666666
229966,0.5593191666666667
229967,0.5724325
229968,0.5886
229969,0.5967083333333334
229970,0.6051383333333332
229971,0.6103525
229972,0.6156733333333334
229973,0.6175841666666666
229974,0.6153775
229975,0.6147416666666666
229976,0.6107133333333333
229977,0.6027825
229978,0.5851166666666667
229979,0.57708
229980,0.5605433333333333
229981,0.5417458333333334
229982,0.51769
229983,0.4943225
229984,0.472565
229985,0.45068916666666664
229986,0.43234666666666666
229987,0.40833
229988,0.38354249999999995
229989,0.36275833333333335
229990,0.33971333333333337
229991,0.3253425
229992,0.30711333333333335
229993,0.29566166666666666
229994,0.2803891666666667
229995,0.26930000000000004
229996,0.25585833333333335
229997,0.2544841666666667
229998,0.2511683333333333
229999,0.25227083333333333
230000,0.25229833333333335
230001,0.2500583333333333
230002,0.2496266666666667
230003,0.25190583333333333
230004,0.25118583333333333
230005,0.25089416666666664
230006,0.24547833333333333
230007,0.24665583333333332
230008,0.25086416666666667
230009,0.2518166666666667
230010,0.253465
230011,0.2575291666666667
230012,0.24768500000000002
230013,0.23803666666666665
230014,0.22281
230015,0.2090825
230016,0.21303083333333334
230017,0.21686416666666666
230018,0.22720916666666666
230019,0.23020083333333333
230020,0.24103750000000002
230021,0.2535925
230022,0.26184833333333335
230023,0.2681175
230024,0.2737666666666667
230025,0.2874941666666667
230026,0.3078691666666667
230027,0.3343833333333333
230028,0.36237583333333334
230029,0.3935633333333334
230030,0.426125
230031,0.4484625
230032,0.46833416666666666
230033,0.4793575
230034,0.49907416666666665
230035,0.5130533333333334
230036,0.5284516666666667
230037,0.5433266666666666
230038,0.5634158333333333
230039,0.5821916666666667
230040,0.5879975
230041,0.5794583333333333
230042,0.5639941666666667
230043,0.54869
230044,0.536735
230045,0.5227383333333333
230046,0.5093375
230047,0.49823083333333334
230048,0.49657
230049,0.5007983333333333
230050,0.5141483333333333
230051,0.534685
230052,0.5586475
230053,0.5808758333333334
230054,0.6052233333333333
230055,0.6323158333333333
230056,0.665445
230057,0.70436
230058,0.7446333333333334
230059,0.7798350000000001
230060,0.8154008333333334
230061,0.8485999999999999
230062,0.8827091666666667
230063,0.9089108333333333
230064,0.9244225
230065,0.9265275000000001
230066,0.9169924999999999
230067,0.9061549999999999
230068,0.8847299999999999
230069,0.8666316666666667
230070,0.85038
230071,0.8292733333333333
230072,0.8019233333333333
230073,0.7742666666666665
230074,0.74222
230075,0.7066199999999999
230076,0.6694441666666667
230077,0.632805
230078,0.5986041666666666
230079,0.5658175
230080,0.5350966666666667
230081,0.5100808333333333
230082,0.48797
230083,0.4764766666666667
230084,0.4589516666666667
230085,0.439155
230086,0.4213966666666667
230087,0.41496833333333333
230088,0.4057016666666667
230089,0.40364916666666667
230090,0.4098091666666666
230091,0.4104400000000001
230092,0.4068966666666667
230093,0.3974025
230094,0.39368499999999995
230095,0.3932391666666667
230096,0.3939958333333333
230097,0.39624249999999994
230098,0.39363083333333326
230099,0.3928075
230100,0.3944675
230101,0.39674
230102,0.3908216666666667
230103,0.385275
230104,0.37337750000000003
230105,0.3552308333333334
230106,0.34762083333333327
230107,0.3415816666666667
230108,0.34134833333333336
230109,0.3279533333333333
230110,0.31229833333333334
230111,0.29640000000000005
230112,0.2843466666666667
230113,0.2747658333333333
230114,0.2608816666666667
230115,0.24824166666666667
230116,0.24372749999999999
230117,0.2387425
230118,0.22872750000000003
230119,0.22898833333333332
230120,0.23632666666666668
230121,0.24128416666666666
230122,0.247055
230123,0.26028666666666667
230124,0.28356333333333333
230125,0.31307083333333335
230126,0.33844250000000003
230127,0.3590258333333333
230128,0.3817916666666667
230129,0.4073325
230130,0.4265475
230131,0.43618416666666665
230132,0.448785
230133,0.4768216666666667
230134,0.5006200000000001
230135,0.5209416666666667
230136,0.5557825
230137,0.5922241666666667
230138,0.6235583333333333
230139,0.6560675
230140,0.6819016666666667
230141,0.7085508333333334
230142,0.7328266666666666
230143,0.7544141666666667
230144,0.77846
230145,0.8058625
230146,0.836385
230147,0.8680541666666668
230148,0.88881
230149,0.9072724999999999
230150,0.9244983333333333
230151,0.9265516666666667
230152,0.9273458333333333
230153,0.9252791666666667
230154,0.921255
230155,0.9158799999999999
230156,0.9139108333333332
230157,0.9116183333333333
230158,0.9098858333333334
230159,0.9098591666666667
230160,0.9084458333333334
230161,0.9035241666666667
230162,0.9012499999999999
230163,0.8997033333333333
230164,0.8970708333333334
230165,0.8922341666666667
230166,0.8874466666666667
230167,0.8828058333333334
230168,0.8769025
230169,0.8731308333333333
230170,0.8696341666666666
230171,0.8622516666666667
230172,0.8566175
230173,0.8539724999999999
230174,0.85038
230175,0.849265
230176,0.8521408333333333
230177,0.8518766666666667
230178,0.8530300000000001
230179,0.8547391666666667
230180,0.8589841666666668
230181,0.8661433333333334
230182,0.8729875000000001
230183,0.8816241666666667
230184,0.8899100000000001
230185,0.8994733333333333
230186,0.9100166666666667
230187,0.9051266666666666
230188,0.8996075
230189,0.8933416666666666
230190,0.885505
230191,0.8772758333333334
230192,0.8668033333333334
230193,0.8541983333333333
230194,0.8343633333333333
230195,0.8051816666666667
230196,0.7655133333333333
230197,0.7292725
230198,0.6929041666666667
230199,0.6715291666666665
230200,0.6555025000000001
230201,0.6352341666666667
230202,0.6274908333333333
230203,0.6208241666666666
230204,0.6120966666666666
230205,0.6034475
230206,0.6015891666666666
230207,0.6050883333333333
230208,0.610045
230209,0.6218133333333334
230210,0.6367208333333333
230211,0.6548358333333334
230212,0.6814925
230213,0.7116908333333334
230214,0.7266674999999999
230215,0.7321166666666666
230216,0.7425283333333333
230217,0.7537649999999999
230218,0.7626958333333334
230219,0.7753308333333333
230220,0.7877708333333333
230221,0.79326
230222,0.7968616666666666
230223,0.8011591666666666
230224,0.8056158333333332
230225,0.8193883333333333
230226,0.8381649999999999
230227,0.84309
230228,0.8411500000000001
230229,0.8353391666666667
230230,0.8378966666666666
230231,0.8345374999999999
230232,0.8334758333333333
230233,0.8324233333333333
230234,0.8280216666666667
230235,0.8199825
230236,0.8137
230237,0.8094991666666667
230238,0.8063058333333333
230239,0.8060716666666666
230240,0.8040474999999999
230241,0.8037333333333334
230242,0.8026424999999999
230243,0.8041641666666666
230244,0.8102324999999999
230245,0.8099366666666667
230246,0.814405
230247,0.8170183333333334
230248,0.8203316666666667
230249,0.8255316666666667
230250,0.8051558333333334
230251,0.7834658333333333
230252,0.7618283333333334
230253,0.7417808333333333
230254,0.7260333333333334
230255,0.70679
230256,0.690435
230257,0.6747366666666667
230258,0.6561966666666667
230259,0.6400533333333335
230260,0.6341825
230261,0.6253658333333333
230262,0.6192641666666667
230263,0.6162983333333333
230264,0.6140841666666667
230265,0.6436908333333332
230266,0.6732208333333334
230267,0.7016833333333333
230268,0.72889
230269,0.7500699999999999
230270,0.7737200000000001
230271,0.79215
230272,0.8144083333333333
230273,0.8405683333333334
230274,0.8626083333333333
230275,0.875795
230276,0.8867016666666667
230277,0.895215
230278,0.8970891666666667
230279,0.8733333333333334
230280,0.8431483333333334
230281,0.81214
230282,0.7791283333333333
230283,0.7422866666666667
230284,0.7066758333333334
230285,0.6697825
230286,0.6208166666666666
230287,0.5753733333333333
230288,0.5263541666666667
230289,0.47363666666666665
230290,0.41407
230291,0.35918583333333337
230292,0.30369666666666667
230293,0.2497425
230294,0.21940666666666667
230295,0.19373666666666667
230296,0.1800125
230297,0.16453076923076923
230298,0.14858125000000003
230299,0.1275090909090909
230300,0.10226625000000003
230301,0.09142222222222224
230302,0.06843593750000002
230303,0.36034062499999997
230304,0.39088194444444446
230305,0.41788875000000003
230306,0.4567431818181818
230307,0.490453125
230308,0.5223759615384616
230309,0.5518446428571429
230310,0.5791341666666666
230311,0.6386975
230312,0.6950708333333334
230313,0.7482825
230314,0.7895074999999999
230315,0.8225816666666667
230316,0.8531124999999999
230317,0.884175
230318,0.9058258333333332
230319,0.9265399999999999
230320,0.9417658333333333
230321,0.9443291666666667
230322,0.9418816666666667
230323,0.9392033333333333
230324,0.93229
230325,0.9194458333333333
230326,0.9034116666666666
230327,0.8834308333333333
230328,0.8490741666666667
230329,0.8064425
230330,0.7627925
230331,0.7157425
230332,0.6630908333333333
230333,0.6058549999999999
230334,0.5486241666666667
230335,0.4960441666666667
230336,0.4432866666666666
230337,0.3944316666666667
230338,0.3424675
230339,0.29320083333333335
230340,0.24651166666666668
230341,0.20396333333333333
230342,0.16637583333333333
230343,0.14264333333333334
230344,0.12726333333333334
230345,0.11256333333333333
230346,0.10099333333333334
230347,0.095345
230348,0.09548833333333334
230349,0.09518166666666666
230350,0.09692583333333334
230351,0.10060416666666666
230352,0.10403
230353,0.10743416666666668
230354,0.10855333333333334
230355,0.11287333333333334
230356,0.11471416666666666
230357,0.11589333333333333
230358,0.11824583333333333
230359,0.12084083333333333
230360,0.12434666666666666
230361,0.13094166666666665
230362,0.14033333333333334
230363,0.1494191666666667
230364,0.15929833333333335
230365,0.166345
230366,0.17078333333333334
230367,0.17549666666666666
230368,0.18045750000000002
230369,0.18690833333333334
230370,0.18611333333333333
230371,0.1851325
230372,0.18395666666666666
230373,0.18277416666666665
230374,0.17670333333333332
230375,0.171955
230376,0.16368333333333332
230377,0.15342250000000002
230378,0.1426808333333333
230379,0.13335166666666667
230380,0.12337416666666666
230381,0.1113175
230382,0.09989416666666667
230383,0.08917666666666667
230384,0.07963
230385,0.07610249999999999
230386,0.07328166666666666
230387,0.07267916666666666
230388,0.07802166666666667
230389,0.09230333333333333
230390,0.10668000000000001
230391,0.11924333333333334
230392,0.13059583333333333
230393,0.1418075
230394,0.16824
230395,0.195135
230396,0.22612083333333333
230397,0.26148249999999995
230398,0.29989083333333333
230399,0.33744999999999997
230400,0.3767066666666667
230401,0.41604166666666664
230402,0.45609333333333335
230403,0.4902175
230404,0.5202708333333333
230405,0.547665
230406,0.5767574999999999
230407,0.6052816666666666
230408,0.6374291666666667
230409,0.6568491666666667
230410,0.6803533333333334
230411,0.7006333333333334
230412,0.714485
230413,0.7248941666666666
230414,0.732425
230415,0.7386808333333333
230416,0.7429316666666668
230417,0.7430733333333334
230418,0.7454883333333334
230419,0.7476691666666667
230420,0.7494041666666666
230421,0.747275
230422,0.7388833333333333
230423,0.7206058333333334
230424,0.6981508333333333
230425,0.6693158333333333
230426,0.6427841666666667
230427,0.6170266666666666
230428,0.5937083333333334
230429,0.5723683333333334
230430,0.5471658333333332
230431,0.5232916666666667
230432,0.4997858333333333
230433,0.47007499999999997
230434,0.43995666666666666
230435,0.40916833333333336
230436,0.38317
230437,0.3635941666666667
230438,0.34426833333333334
230439,0.32458000000000004
230440,0.30215000000000003
230441,0.27847916666666667
230442,0.2552433333333333
230443,0.22856083333333332
230444,0.20226083333333333
230445,0.1789333333333333
230446,0.1547825
230447,0.13130999999999998
230448,0.11082666666666667
230449,0.09097333333333334
230450,0.07289666666666667
230451,0.05482583333333334
230452,0.03738333333333333
230453,0.026605833333333332
230454,0.016906666666666667
230455,0.0123725
230456,0.009170833333333333
230457,0.0062675
230458,0.0042775
230459,0.0028
230460,0.0013683333333333332
230461,0.00136
230462,0.00138
230463,0.0015183333333333333
230464,0.0016083333333333334
230465,0.0020841666666666665
230466,0.0024816666666666663
230467,0.0028808333333333333
230468,0.0030408333333333333
230469,0.0033250000000000003
230470,0.0036733333333333336
230471,0.004299166666666667
230472,0.008995833333333335
230473,0.012899166666666665
230474,0.01746666666666667
230475,0.0222525
230476,0.0274275
230477,0.03398916666666667
230478,0.0408325
230479,0.04611
230480,0.05477
230481,0.06440666666666667
230482,0.07439166666666666
230483,0.0855175
230484,0.095935
230485,0.10667916666666667
230486,0.12376333333333335
230487,0.14003249999999998
230488,0.15896416666666666
230489,0.17846916666666665
230490,0.20233833333333334
230491,0.22419083333333337
230492,0.24562833333333334
230493,0.26433666666666666
230494,0.28504250000000003
230495,0.3074308333333333
230496,0.328845
230497,0.33322416666666665
230498,0.33580916666666666
230499,0.33707583333333335
230500,0.33754833333333334
230501,0.33181499999999997
230502,0.3227308333333333
230503,0.3122108333333333
230504,0.3032466666666666
230505,0.2897883333333333
230506,0.2775433333333333
230507,0.26463583333333335
230508,0.25140666666666667
230509,0.23491166666666666
230510,0.21196833333333334
230511,0.18945583333333332
230512,0.1839491666666667
230513,0.17935416666666665
230514,0.17575333333333334
230515,0.16933416666666667
230516,0.16250833333333334
230517,0.15767333333333333
230518,0.15259666666666669
230519,0.14579250000000002
230520,0.14064250000000003
230521,0.13839500000000002
230522,0.13818666666666665
230523,0.14329083333333334
230524,0.15106833333333333
230525,0.15011999999999998
230526,0.14771166666666666
230527,0.1433025
230528,0.14019083333333335
230529,0.13663333333333333
230530,0.1348675
230531,0.13307416666666666
230532,0.12995083333333332
230533,0.12703333333333333
230534,0.12393583333333334
230535,0.12934083333333332
230536,0.13056583333333333
230537,0.12622416666666667
230538,0.11452749999999999
230539,0.10305583333333333
230540,0.10355583333333332
230541,0.10298
230542,0.10296
230543,0.1002125
230544,0.09830916666666666
230545,0.09775416666666666
230546,0.09776
230547,0.09747583333333334
230548,0.09648666666666667
230549,0.09949083333333332
230550,0.09507833333333333
230551,0.08847500000000001
230552,0.0877475
230553,0.10059250000000002
230554,0.11396500000000001
230555,0.12976916666666666
230556,0.147725
230557,0.172605
230558,0.2006575
230559,0.2292575
230560,0.25183833333333333
230561,0.2776841666666667
230562,0.306595
230563,0.335265
230564,0.3613916666666667
230565,0.38917499999999994
230566,0.4228516666666666
230567,0.4529625
230568,0.4752925
230569,0.49814166666666665
230570,0.5169866666666666
230571,0.5377075
230572,0.55351
230573,0.5619533333333333
230574,0.56616
230575,0.5751308333333333
230576,0.5818324999999999
230577,0.5829908333333333
230578,0.58426
230579,0.5829916666666667
230580,0.5799883333333333
230581,0.5768599999999999
230582,0.5742491666666666
230583,0.5730191666666666
230584,0.5713674999999999
230585,0.5616566666666667
230586,0.553975
230587,0.5461133333333333
230588,0.546785
230589,0.5513041666666667
230590,0.5625641666666666
230591,0.5721566666666666
230592,0.5862375
230593,0.6044750000000001
230594,0.6247758333333333
230595,0.6439816666666667
230596,0.6637866666666666
230597,0.68236
230598,0.6970683333333334
230599,0.7121141666666667
230600,0.7329858333333333
230601,0.7466025000000001
230602,0.7589308333333332
230603,0.770855
230604,0.7826691666666666
230605,0.7887766666666667
230606,0.7917058333333333
230607,0.7887900000000001
230608,0.7755825000000001
230609,0.7575741666666665
230610,0.7422491666666666
230611,0.7301266666666667
230612,0.7196458333333332
230613,0.7123058333333333
230614,0.6974791666666665
230615,0.6859116666666666
230616,0.6637458333333333
230617,0.6432708333333333
230618,0.6178524999999999
230619,0.5930141666666667
230620,0.5685991666666667
230621,0.5497733333333333
230622,0.5336108333333333
230623,0.5322025
230624,0.5306608333333334
230625,0.5250991666666667
230626,0.512845
230627,0.49880416666666666
230628,0.48854666666666663
230629,0.48383416666666673
230630,0.47654
230631,0.4753091666666666
230632,0.4692725
230633,0.466245
230634,0.4601983333333333
230635,0.454905
230636,0.4508533333333334
230637,0.44954750000000004
230638,0.44049666666666665
230639,0.43422666666666665
230640,0.4297875
230641,0.43124749999999995
230642,0.4378541666666667
230643,0.44581499999999996
230644,0.45808583333333336
230645,0.4671558333333333
230646,0.4851433333333333
230647,0.5085758333333333
230648,0.5334308333333333
230649,0.5574833333333333
230650,0.5737099999999999
230651,0.5803858333333333
230652,0.5797725
230653,0.5727616666666667
230654,0.5712799999999999
230655,0.5681108333333333
230656,0.5612433333333334
230657,0.5496008333333333
230658,0.5359291666666668
230659,0.5287516666666667
230660,0.528615
230661,0.5322425000000001
230662,0.5396258333333334
230663,0.5503633333333333
230664,0.5625958333333333
230665,0.5814075
230666,0.5975008333333333
230667,0.6163791666666667
230668,0.64197
230669,0.6622883333333333
230670,0.6819091666666667
230671,0.7047025
230672,0.7312141666666666
230673,0.7519716666666666
230674,0.7629066666666666
230675,0.7753691666666668
230676,0.78544
230677,0.788005
230678,0.7862899999999999
230679,0.785455
230680,0.7804125000000001
230681,0.7838333333333334
230682,0.789505
230683,0.7890816666666667
230684,0.7802591666666667
230685,0.7738816666666666
230686,0.7566808333333334
230687,0.7284883333333333
230688,0.7050400000000001
230689,0.6712724999999999
230690,0.6327666666666666
230691,0.5981400000000001
230692,0.5656475000000001
230693,0.5298541666666666
230694,0.49639
230695,0.47041083333333333
230696,0.436945
230697,0.4044908333333333
230698,0.38046583333333334
230699,0.36345083333333333
230700,0.3515658333333333
230701,0.3452758333333333
230702,0.34296166666666666
230703,0.3327658333333333
230704,0.3316858333333333
230705,0.3296441666666666
230706,0.32087916666666666
230707,0.31969583333333335
230708,0.32520333333333334
230709,0.3330125
230710,0.3377425
230711,0.3515083333333333
230712,0.3648175
230713,0.37936833333333336
230714,0.4061283333333333
230715,0.42892916666666664
230716,0.45769333333333334
230717,0.4907066666666667
230718,0.5298608333333333
230719,0.5683725000000001
230720,0.6067783333333332
230721,0.6477241666666667
230722,0.6840366666666667
230723,0.7093425
230724,0.7306600000000001
230725,0.7522391666666667
230726,0.7676016666666666
230727,0.7890283333333333
230728,0.8069500000000001
230729,0.8138483333333333
230730,0.8140491666666667
230731,0.8113625
230732,0.8034641666666665
230733,0.7952
230734,0.7903408333333334
230735,0.7880033333333334
230736,0.7811391666666666
230737,0.7704466666666666
230738,0.7752833333333332
230739,0.7810816666666667
230740,0.7844891666666667
230741,0.7934883333333332
230742,0.7978349999999998
230743,0.8018308333333333
230744,0.8026133333333333
230745,0.808445
230746,0.8119216666666667
230747,0.8201833333333334
230748,0.8227708333333332
230749,0.8219916666666667
230750,0.8187608333333334
230751,0.8189025
230752,0.8159991666666666
230753,0.8052916666666667
230754,0.79206
230755,0.7777408333333333
230756,0.7596933333333333
230757,0.7381258333333334
230758,0.7127291666666667
230759,0.6915458333333333
230760,0.6633875000000001
230761,0.631335
230762,0.5975083333333333
230763,0.5686791666666667
230764,0.5422433333333333
230765,0.5313908333333334
230766,0.5169491666666667
230767,0.507825
230768,0.4953925
230769,0.4765625
230770,0.4649875
230771,0.4542275
230772,0.44131750000000003
230773,0.43248749999999997
230774,0.4150933333333333
230775,0.40244250000000004
230776,0.38737333333333335
230777,0.3785691666666667
230778,0.36754999999999993
230779,0.35967999999999994
230780,0.33529000000000003
230781,0.31375416666666667
230782,0.29065
230783,0.2723775
230784,0.27098
230785,0.2784975
230786,0.2889683333333333
230787,0.3049116666666667
230788,0.3280108333333333
230789,0.3574316666666667
230790,0.3848925
230791,0.42095416666666663
230792,0.45981999999999995
230793,0.5020308333333333
230794,0.5388983333333334
230795,0.579225
230796,0.6194441666666667
230797,0.6565375
230798,0.6783983333333334
230799,0.68591
230800,0.6854258333333333
230801,0.6866266666666667
230802,0.686825
230803,0.6760741666666666
230804,0.6651083333333333
230805,0.6584466666666666
230806,0.6516183333333333
230807,0.6347816666666667
230808,0.620075
230809,0.6096258333333332
230810,0.5954274999999999
230811,0.5820791666666666
230812,0.566635
230813,0.5673016666666667
230814,0.5737133333333334
230815,0.5701333333333334
230816,0.55691
230817,0.5378708333333333
230818,0.52502
230819,0.5117508333333334
230820,0.4984841666666666
230821,0.48376749999999996
230822,0.47262916666666666
230823,0.45781000000000005
230824,0.4395925
230825,0.4271025
230826,0.41104333333333337
230827,0.39425333333333334
230828,0.368175
230829,0.3382516666666667
230830,0.3115625
230831,0.2929216666666667
230832,0.28064999999999996
230833,0.26518
230834,0.2501641666666667
230835,0.23354833333333333
230836,0.21756999999999999
230837,0.202655
230838,0.1913875
230839,0.18544249999999998
230840,0.1785825
230841,0.17594833333333335
230842,0.18053916666666667
230843,0.19565833333333332
230844,0.21668833333333332
230845,0.24187
230846,0.2664933333333333
230847,0.2944191666666667
230848,0.32385749999999996
230849,0.3621816666666666
230850,0.40044583333333333
230851,0.4436966666666667
230852,0.4878341666666667
230853,0.5291916666666666
230854,0.5667458333333334
230855,0.6026516666666666
230856,0.6329008333333335
230857,0.6609233333333333
230858,0.6834341666666667
230859,0.7030158333333333
230860,0.7200025
230861,0.7385566666666666
230862,0.756475
230863,0.7717133333333333
230864,0.7831858333333334
230865,0.7895408333333334
230866,0.7902541666666667
230867,0.7912091666666666
230868,0.7981374999999999
230869,0.8031024999999999
230870,0.8062241666666667
230871,0.8170683333333333
230872,0.8290624999999999
230873,0.8401708333333333
230874,0.8525075
230875,0.8661975000000001
230876,0.8785558333333333
230877,0.88797
230878,0.8975016666666668
230879,0.9045541666666667
230880,0.9108091666666667
230881,0.9125533333333333
230882,0.9145133333333334
230883,0.9108583333333334
230884,0.9074216666666667
230885,0.9005375000000001
230886,0.88313
230887,0.8618291666666666
230888,0.839855
230889,0.8190500000000001
230890,0.7916858333333333
230891,0.7540108333333334
230892,0.7233191666666666
230893,0.7235941666666666
230894,0.7231124999999999
230895,0.7281258333333334
230896,0.7240008333333333
230897,0.7136766666666666
230898,0.7022783333333333
230899,0.6920775
230900,0.6886316666666666
230901,0.6821800000000001
230902,0.6757150000000001
230903,0.6694824999999999
230904,0.6629108333333333
230905,0.6608766666666667
230906,0.6705325
230907,0.6763633333333333
230908,0.6521366666666667
230909,0.6280291666666666
230910,0.6049675
230911,0.5899599999999999
230912,0.5850816666666667
230913,0.5731466666666667
230914,0.5618333333333333
230915,0.5487708333333334
230916,0.5461141666666667
230917,0.5411475
230918,0.5373483333333333
230919,0.5331775000000001
230920,0.5260108333333333
230921,0.5339375000000001
230922,0.5520508333333333
230923,0.5683325
230924,0.5816558333333333
230925,0.5945108333333333
230926,0.6135275
230927,0.6299025
230928,0.6534049999999999
230929,0.6756925
230930,0.6980208333333333
230931,0.7209749999999999
230932,0.75112
230933,0.7817416666666667
230934,0.8120016666666667
230935,0.8468841666666668
230936,0.8649275
230937,0.86861
230938,0.8749425
230939,0.8797608333333334
230940,0.880915
230941,0.8801041666666667
230942,0.8742641666666666
230943,0.8686200000000001
230944,0.8634908333333333
230945,0.8599316666666666
230946,0.857395
230947,0.8588574999999999
230948,0.8608441666666666
230949,0.8631733333333335
230950,0.8649566666666667
230951,0.8671050000000001
230952,0.8687908333333334
230953,0.8674041666666668
230954,0.8679783333333333
230955,0.8711125000000001
230956,0.8735191666666667
230957,0.8782666666666666
230958,0.8818308333333333
230959,0.8873233333333334
230960,0.8912233333333333
230961,0.8894183333333334
230962,0.8844416666666668
230963,0.8773000000000001
230964,0.8622516666666667
230965,0.843265
230966,0.8218308333333333
230967,0.7934016666666667
230968,0.7555541666666667
230969,0.7213433333333333
230970,0.6928350000000001
230971,0.6727566666666667
230972,0.6651333333333332
230973,0.6588483333333334
230974,0.6515916666666667
230975,0.6392891666666666
230976,0.6302616666666666
230977,0.6260708333333334
230978,0.6281825
230979,0.6361033333333332
230980,0.64864
230981,0.6672116666666666
230982,0.69044
230983,0.718515
230984,0.7419408333333333
230985,0.7633708333333333
230986,0.7787383333333333
230987,0.7799775
230988,0.7809183333333334
230989,0.7757716666666667
230990,0.7706633333333334
230991,0.7632133333333333
230992,0.7482208333333332
230993,0.72615
230994,0.7011358333333334
230995,0.6768000000000001
230996,0.6584408333333334
230997,0.6473366666666667
230998,0.6430066666666666
230999,0.6484141666666667
231000,0.65216
231001,0.6582925
231002,0.6660475
231003,0.6723716666666666
231004,0.6854491666666667
231005,0.7065083333333333
231006,0.7300408333333334
231007,0.7535141666666667
231008,0.7791791666666668
231009,0.8099175
231010,0.8410633333333333
231011,0.849635
231012,0.8490083333333334
231013,0.85054
231014,0.8463025
231015,0.8416925000000001
231016,0.8342191666666667
231017,0.8183699999999999
231018,0.8035433333333334
231019,0.7843116666666667
231020,0.7642325
231021,0.7528908333333333
231022,0.7400433333333333
231023,0.7197525
231024,0.6931683333333333
231025,0.6663558333333334
231026,0.6576708333333332
231027,0.6568308333333334
231028,0.6434408333333332
231029,0.6322208333333333
231030,0.6091333333333332
231031,0.5861258333333333
231032,0.5684925
231033,0.5528733333333334
231034,0.5391233333333333
231035,0.5211733333333333
231036,0.49930250000000004
231037,0.48738
231038,0.4902016666666667
231039,0.5004441666666667
231040,0.5111716666666666
231041,0.51739
231042,0.5259258333333333
231043,0.5450733333333333
231044,0.5613291666666667
231045,0.5872925000000001
231046,0.6185591666666668
231047,0.6506133333333334
231048,0.6802333333333334
231049,0.7113283333333332
231050,0.7475616666666667
231051,0.778795
231052,0.8017233333333333
231053,0.8174166666666667
231054,0.8271491666666667
231055,0.8334683333333334
231056,0.8377225
231057,0.8357024999999999
231058,0.8324058333333333
231059,0.8283441666666668
231060,0.8236566666666666
231061,0.8143874999999999
231062,0.8082758333333333
231063,0.799055
231064,0.7878066666666667
231065,0.7749441666666665
231066,0.7650858333333334
231067,0.7563666666666666
231068,0.7497458333333333
231069,0.7438133333333333
231070,0.7317458333333333
231071,0.7222841666666666
231072,0.7118750000000001
231073,0.7015116666666666
231074,0.6861725
231075,0.6821125
231076,0.6762400000000001
231077,0.6675283333333333
231078,0.6603275
231079,0.65355
231080,0.6469691666666667
231081,0.6376783333333333
231082,0.6238908333333334
231083,0.6005666666666668
231084,0.5806450000000001
231085,0.5671091666666667
231086,0.5502966666666667
231087,0.5403175
231088,0.530085
231089,0.5238200000000001
231090,0.5103316666666667
231091,0.5046358333333333
231092,0.5030608333333333
231093,0.5081075
231094,0.5134191666666666
231095,0.5169400000000001
231096,0.5161325
231097,0.5232725
231098,0.5454008333333333
231099,0.5681216666666666
231100,0.5923291666666667
231101,0.61588
231102,0.6367616666666667
231103,0.6603666666666667
231104,0.6867891666666668
231105,0.7112274999999999
231106,0.7226783333333332
231107,0.7319366666666667
231108,0.7343983333333334
231109,0.7346275
231110,0.7327258333333333
231111,0.7389991666666667
231112,0.7466608333333333
231113,0.7452716666666668
231114,0.7422841666666666
231115,0.7373458333333333
231116,0.7340700000000001
231117,0.7279633333333334
231118,0.7128083333333333
231119,0.6972358333333333
231120,0.6970233333333334
231121,0.7028916666666667
231122,0.7074341666666667
231123,0.7056116666666666
231124,0.7025691666666667
231125,0.7034758333333334
231126,0.7010158333333333
231127,0.6885125
231128,0.6793166666666667
231129,0.6733866666666667
231130,0.6694241666666667
231131,0.6656549999999999
231132,0.6590825
231133,0.65978
231134,0.6590608333333334
231135,0.6412399999999999
231136,0.6250116666666667
231137,0.6154941666666667
231138,0.6142558333333333
231139,0.6194658333333333
231140,0.6248524999999999
231141,0.6272666666666668
231142,0.6343791666666667
231143,0.6382008333333332
231144,0.6359325000000001
231145,0.6304091666666667
231146,0.6237916666666667
231147,0.6080308333333332
231148,0.5964583333333332
231149,0.5887983333333333
231150,0.5818691666666668
231151,0.5756133333333333
231152,0.5674866666666667
231153,0.5590691666666667
231154,0.5437408333333333
231155,0.5294116666666667
231156,0.5240125
231157,0.5372658333333332
231158,0.553165
231159,0.5731108333333333
231160,0.5946724999999999
231161,0.6186116666666666
231162,0.6542566666666667
231163,0.6864583333333333
231164,0.7168541666666667
231165,0.7489025
231166,0.7789191666666667
231167,0.8052533333333334
231168,0.8308658333333334
231169,0.8609458333333334
231170,0.8881491666666667
231171,0.9090883333333334
231172,0.9110575
231173,0.9116841666666667
231174,0.9122183333333334
231175,0.9138608333333332
231176,0.9149958333333335
231177,0.9174424999999999
231178,0.9209824999999999
231179,0.9194574999999999
231180,0.9151516666666667
231181,0.9097091666666667
231182,0.8928174999999999
231183,0.8789716666666667
231184,0.8630399999999999
231185,0.8453625
231186,0.8267233333333333
231187,0.8093400000000001
231188,0.7949333333333333
231189,0.7894483333333333
231190,0.7813841666666668
231191,0.7778858333333333
231192,0.7743833333333333
231193,0.7675408333333333
231194,0.7615066666666668
231195,0.7588741666666666
231196,0.7554033333333333
231197,0.7579408333333333
231198,0.7536191666666667
231199,0.7552966666666667
231200,0.7561083333333334
231201,0.7570133333333334
231202,0.7530325
231203,0.7475166666666667
231204,0.7303116666666667
231205,0.7178833333333333
231206,0.6821775
231207,0.6413233333333334
231208,0.6027975
231209,0.56546
231210,0.5323308333333333
231211,0.5018058333333333
231212,0.4786
231213,0.4559325
231214,0.434145
231215,0.42594499999999996
231216,0.425675
231217,0.44009583333333335
231218,0.4578741666666667
231219,0.47963
231220,0.49984416666666664
231221,0.5384525
231222,0.5824649999999999
231223,0.6264566666666667
231224,0.6698758333333334
231225,0.7099925
231226,0.7481541666666666
231227,0.7794216666666667
231228,0.8106000000000001
231229,0.8388325
231230,0.8564550000000001
231231,0.8680533333333333
231232,0.8686349999999999
231233,0.8657400000000001
231234,0.8655841666666667
231235,0.8657825
231236,0.86676
231237,0.8651225
231238,0.8635358333333334
231239,0.8581916666666667
231240,0.85158
231241,0.8460733333333333
231242,0.843725
231243,0.8448208333333334
231244,0.8458891666666667
231245,0.8496183333333334
231246,0.8506725
231247,0.8536333333333334
231248,0.8559933333333334
231249,0.8555941666666667
231250,0.8449041666666666
231251,0.8366425000000001
231252,0.8314400000000001
231253,0.8243291666666667
231254,0.8246058333333333
231255,0.8269766666666667
231256,0.8313916666666666
231257,0.8352758333333334
231258,0.8415674999999999
231259,0.8256858333333332
231260,0.8134975
231261,0.8019741666666665
231262,0.7871908333333333
231263,0.7824391666666666
231264,0.7781724999999999
231265,0.7814866666666666
231266,0.7793258333333333
231267,0.7764866666666667
231268,0.771775
231269,0.7693066666666667
231270,0.7518833333333333
231271,0.729305
231272,0.702935
231273,0.6710508333333334
231274,0.6637350000000001
231275,0.6637308333333334
231276,0.6679250000000001
231277,0.6776975
231278,0.6782708333333333
231279,0.6768416666666667
231280,0.6769975
231281,0.6834883333333333
231282,0.6913391666666667
231283,0.7006883333333334
231284,0.7075766666666666
231285,0.7304591666666665
231286,0.7553591666666667
231287,0.7880083333333333
231288,0.8245525
231289,0.8580925
231290,0.8769416666666667
231291,0.8924908333333333
231292,0.903535
231293,0.91279
231294,0.9223116666666668
231295,0.92952
231296,0.9300716666666666
231297,0.9266850000000001
231298,0.9233191666666667
231299,0.9185008333333333
231300,0.91129
231301,0.9061633333333333
231302,0.8982275000000001
231303,0.888795
231304,0.8760216666666666
231305,0.8599333333333334
231306,0.8413125
231307,0.8241308333333334
231308,0.8073033333333334
231309,0.7851824999999999
231310,0.761095
231311,0.7395666666666666
231312,0.7229891666666666
231313,0.7067866666666667
231314,0.6781316666666667
231315,0.6503925
231316,0.6245958333333335
231317,0.5993316666666667
231318,0.5747300000000001
231319,0.54984
231320,0.5306883333333333
231321,0.5199625
231322,0.5131616666666666
231323,0.5032791666666666
231324,0.5077091666666667
231325,0.5189241666666666
231326,0.5345425
231327,0.5511858333333333
231328,0.5746158333333333
231329,0.6126691666666666
231330,0.6485775
231331,0.6805325
231332,0.7120941666666667
231333,0.7451508333333333
231334,0.7792608333333333
231335,0.8099516666666667
231336,0.8338541666666667
231337,0.8490333333333333
231338,0.8724725
231339,0.88765
231340,0.8980341666666667
231341,0.9009525
231342,0.8935141666666666
231343,0.878135
231344,0.8638816666666667
231345,0.8431925
231346,0.8236858333333335
231347,0.8016691666666667
231348,0.7830858333333334
231349,0.7688275
231350,0.7564491666666666
231351,0.7428075000000001
231352,0.7345225000000001
231353,0.7215291666666667
231354,0.7091816666666667
231355,0.6999183333333333
231356,0.6903633333333333
231357,0.6890400000000001
231358,0.692055
231359,0.6919458333333334
231360,0.6956608333333333
231361,0.6937308333333333
231362,0.6907691666666665
231363,0.6907233333333332
231364,0.6887391666666667
231365,0.6915574999999999
231366,0.6956441666666666
231367,0.6965649999999999
231368,0.7013158333333334
231369,0.7072025
231370,0.7099966666666666
231371,0.7107558333333334
231372,0.6996833333333332
231373,0.6824966666666668
231374,0.6687391666666667
231375,0.6583416666666667
231376,0.64995
231377,0.6493408333333334
231378,0.64614
231379,0.6443066666666667
231380,0.6319300000000001
231381,0.6172358333333333
231382,0.5973649999999999
231383,0.568025
231384,0.5372566666666666
231385,0.5101416666666666
231386,0.48240749999999993
231387,0.46944250000000004
231388,0.4573475
231389,0.43893166666666666
231390,0.41994250000000005
231391,0.40602
231392,0.38674
231393,0.37941
231394,0.37073666666666666
231395,0.3636925
231396,0.34959250000000003
231397,0.34341166666666667
231398,0.34127083333333336
231399,0.3339608333333333
231400,0.33183749999999995
231401,0.3281525
231402,0.32048666666666664
231403,0.3176675
231404,0.3197925
231405,0.32299666666666665
231406,0.3216491666666667
231407,0.3160908333333333
231408,0.2929175
231409,0.2694041666666667
231410,0.2523675
231411,0.24388333333333334
231412,0.23675416666666665
231413,0.23986999999999997
231414,0.25174
231415,0.26497583333333335
231416,0.28534583333333335
231417,0.3079
231418,0.33744749999999996
231419,0.35664
231420,0.3783608333333333
231421,0.40615666666666667
231422,0.43826250000000005
231423,0.47480833333333333
231424,0.5033808333333333
231425,0.5277
231426,0.5536441666666666
231427,0.5675658333333333
231428,0.5724958333333332
231429,0.5790233333333333
231430,0.5807699999999999
231431,0.5932725
231432,0.6134683333333334
231433,0.6286458333333333
231434,0.6524283333333333
231435,0.6713791666666666
231436,0.6868766666666667
231437,0.7042158333333333
231438,0.7155316666666667
231439,0.7259958333333334
231440,0.7347708333333334
231441,0.7438725
231442,0.7588716666666666
231443,0.7475058333333334
231444,0.73336
231445,0.7211133333333334
231446,0.6990883333333333
231447,0.6686675
231448,0.6364116666666667
231449,0.6169358333333333
231450,0.600335
231451,0.5787491666666666
231452,0.5558666666666667
231453,0.5367725
231454,0.5253708333333333
231455,0.5156550000000001
231456,0.49926750000000003
231457,0.47897833333333334
231458,0.4849258333333334
231459,0.4883775
231460,0.4876408333333334
231461,0.49485083333333335
231462,0.4959458333333334
231463,0.49131
231464,0.4763358333333334
231465,0.4629566666666667
231466,0.45542666666666665
231467,0.4479316666666667
231468,0.44841416666666667
231469,0.4507141666666667
231470,0.4541016666666666
231471,0.46921416666666665
231472,0.49394750000000004
231473,0.52164
231474,0.5515308333333333
231475,0.580255
231476,0.6031016666666668
231477,0.6305458333333332
231478,0.6596875
231479,0.674115
231480,0.6888433333333333
231481,0.7036983333333334
231482,0.7164708333333334
231483,0.7220808333333334
231484,0.7281258333333334
231485,0.7382666666666666
231486,0.7448408333333333
231487,0.7515175000000001
231488,0.7570875
231489,0.7627349999999999
231490,0.7682033333333333
231491,0.7720266666666667
231492,0.774715
231493,0.7815916666666667
231494,0.8017025
231495,0.8179025000000001
231496,0.8340775
231497,0.8538591666666666
231498,0.8712033333333333
231499,0.8860433333333334
231500,0.89783
231501,0.9089216666666666
231502,0.9175375
231503,0.9243908333333334
231504,0.9283416666666666
231505,0.9325616666666666
231506,0.9347666666666666
231507,0.937065
231508,0.9363208333333334
231509,0.9352125
231510,0.93295
231511,0.9289391666666666
231512,0.9215158333333334
231513,0.912525
231514,0.9021416666666666
231515,0.8933675
231516,0.881565
231517,0.86644
231518,0.8495416666666666
231519,0.8352541666666667
231520,0.8254275000000001
231521,0.8122699999999999
231522,0.7993808333333334
231523,0.7925375
231524,0.7888658333333333
231525,0.7821008333333334
231526,0.7744449999999999
231527,0.7728958333333333
231528,0.7714700000000001
231529,0.7709558333333334
231530,0.7701941666666666
231531,0.7679166666666667
231532,0.77079
231533,0.7768983333333334
231534,0.77987
231535,0.7743133333333333
231536,0.7674508333333333
231537,0.7588241666666666
231538,0.7393775
231539,0.7248016666666667
231540,0.7158566666666667
231541,0.7062808333333334
231542,0.6948491666666666
231543,0.6869691666666665
231544,0.6801141666666666
231545,0.6726833333333334
231546,0.6701441666666667
231547,0.6658950000000001
231548,0.6613775000000001
231549,0.6634783333333333
231550,0.6657825
231551,0.67109
231552,0.6780658333333334
231553,0.6917933333333333
231554,0.6972033333333333
231555,0.7014383333333334
231556,0.7111308333333333
231557,0.7188525
231558,0.7305183333333333
231559,0.7450316666666666
231560,0.7599591666666666
231561,0.7736658333333334
231562,0.7881583333333333
231563,0.8026774999999999
231564,0.81066
231565,0.8234716666666666
231566,0.8382733333333334
231567,0.8527733333333333
231568,0.8691458333333333
231569,0.8857174999999999
231570,0.9010466666666666
231571,0.9124991666666668
231572,0.9231458333333333
231573,0.9289766666666668
231574,0.9322858333333334
231575,0.93299
231576,0.9330258333333333
231577,0.9263866666666668
231578,0.91476
231579,0.9061233333333334
231580,0.8970658333333333
231581,0.8931083333333334
231582,0.8881133333333333
231583,0.8822583333333334
231584,0.8750875
231585,0.8714000000000001
231586,0.8686408333333333
231587,0.8657
231588,0.8570941666666666
231589,0.8494449999999999
231590,0.8417175
231591,0.8307658333333333
231592,0.8283816666666667
231593,0.8228583333333332
231594,0.8103191666666667
231595,0.7960508333333334
231596,0.7791308333333334
231597,0.7618066666666667
231598,0.7397208333333333
231599,0.7159441666666666
231600,0.6898066666666666
231601,0.6606675000000001
231602,0.6304025
231603,0.6099933333333334
231604,0.583805
231605,0.5551066666666667
231606,0.5367408333333333
231607,0.5071075
231608,0.48304
231609,0.4679216666666666
231610,0.45461583333333333
231611,0.43176416666666667
231612,0.41286916666666673
231613,0.3965416666666667
231614,0.38180749999999997
231615,0.36497083333333336
231616,0.34824083333333333
231617,0.3327666666666666
231618,0.3276358333333333
231619,0.3372716666666667
231620,0.359235
231621,0.3737133333333334
231622,0.39538999999999996
231623,0.4222475
231624,0.4429466666666667
231625,0.46501750000000003
231626,0.4992933333333333
231627,0.529185
231628,0.5609225
231629,0.5849566666666667
231630,0.6111258333333333
231631,0.6374875
231632,0.6697283333333334
231633,0.6882749999999999
231634,0.6941558333333333
231635,0.6924883333333333
231636,0.687645
231637,0.6888875
231638,0.6900208333333333
231639,0.6928058333333333
231640,0.6918408333333333
231641,0.6867283333333334
231642,0.6820833333333333
231643,0.6787308333333334
231644,0.6810441666666667
231645,0.6804775000000001
231646,0.6801383333333334
231647,0.6669649999999999
231648,0.6487516666666667
231649,0.6272558333333333
231650,0.59898
231651,0.5692233333333334
231652,0.5301933333333333
231653,0.4828691666666666
231654,0.4352141666666667
231655,0.39005416666666665
231656,0.3446091666666667
231657,0.3029991666666667
231658,0.25853333333333334
231659,0.21525583333333334
231660,0.1774125
231661,0.13871333333333336
231662,0.10803166666666666
231663,0.08069
231664,0.05916166666666667
231665,0.04260666666666667
231666,0.03219333333333333
231667,0.02711416666666667
231668,0.027814166666666664
231669,0.02958416666666667
231670,0.03218916666666667
231671,0.035460000000000005
231672,0.036755833333333335
231673,0.03852083333333333
231674,0.04208166666666667
231675,0.04271583333333333
231676,0.04531916666666667
231677,0.050209166666666666
231678,0.06138916666666667
231679,0.0660125
231680,0.0703475
231681,0.07353
231682,0.0755225
231683,0.07823916666666667
231684,0.080425
231685,0.082525
231686,0.08238250000000001
231687,0.08142916666666666
231688,0.08047833333333333
231689,0.07791166666666667
231690,0.07582916666666667
231691,0.07542
231692,0.07118000000000001
231693,0.060693333333333335
231694,0.05700583333333333
231695,0.05355833333333334
231696,0.050839166666666664
231697,0.0498925
231698,0.047003333333333334
231699,0.04412833333333333
231700,0.040320833333333334
231701,0.03793333333333334
231702,0.0361025
231703,0.03283
231704,0.03099166666666667
231705,0.028455833333333336
231706,0.025325
231707,0.0239375
231708,0.022993333333333334
231709,0.021666666666666667
231710,0.0205675
231711,0.01985
231712,0.02065916666666667
231713,0.025254166666666668
231714,0.026586666666666665
231715,0.02783083333333333
231716,0.03225
231717,0.0379725
231718,0.04530666666666667
231719,0.07004583333333333
231720,0.098395
231721,0.12720666666666666
231722,0.15434333333333333
231723,0.1809075
231724,0.2055425
231725,0.24221916666666665
231726,0.28196750000000004
231727,0.3208733333333333
231728,0.35612
231729,0.39034499999999994
231730,0.4295283333333334
231731,0.4707766666666666
231732,0.5082441666666667
231733,0.5514608333333333
231734,0.5817650000000001
231735,0.6082633333333333
231736,0.6313449999999999
231737,0.6560475
231738,0.67353
231739,0.6862833333333334
231740,0.6795191666666668
231741,0.6803733333333334
231742,0.6850591666666668
231743,0.6963158333333334
231744,0.6650841666666666
231745,0.6338441666666667
231746,0.5978283333333333
231747,0.5780883333333333
231748,0.5510466666666667
231749,0.5230133333333333
231750,0.4982025
231751,0.48225666666666667
231752,0.45847750000000004
231753,0.4357708333333334
231754,0.4256166666666667
231755,0.40857000000000004
231756,0.37678500000000004
231757,0.34686000000000006
231758,0.3073633333333333
231759,0.315295
231760,0.31696833333333335
231761,0.3172508333333333
231762,0.303275
231763,0.29657
231764,0.2888
231765,0.2811133333333334
231766,0.2679
231767,0.264755
231768,0.26627666666666666
231769,0.26207583333333334
231770,0.2698575
231771,0.28261000000000003
231772,0.2811991666666666
231773,0.27724
231774,0.27333833333333335
231775,0.26925000000000004
231776,0.26038833333333333
231777,0.25163083333333336
231778,0.23749666666666666
231779,0.22165083333333332
231780,0.20171916666666664
231781,0.18177416666666665
231782,0.1608875
231783,0.14632916666666668
231784,0.13204249999999998
231785,0.12338083333333334
231786,0.11724500000000002
231787,0.11624916666666667
231788,0.12042833333333333
231789,0.13735333333333336
231790,0.17204416666666666
231791,0.21501583333333332
231792,0.26267
231793,0.3063416666666666
231794,0.35324083333333334
231795,0.4063425
231796,0.4563441666666667
231797,0.5064683333333333
231798,0.5510466666666666
231799,0.5930383333333332
231800,0.6323958333333334
231801,0.6656158333333333
231802,0.6976541666666667
231803,0.7297674999999999
231804,0.7521108333333334
231805,0.76033
231806,0.7669233333333333
231807,0.7740116666666667
231808,0.7842983333333334
231809,0.7897758333333333
231810,0.7867824999999999
231811,0.7881158333333332
231812,0.7905066666666667
231813,0.7943983333333334
231814,0.8039208333333333
231815,0.8146358333333334
231816,0.82825
231817,0.8438866666666667
231818,0.8602775000000001
231819,0.8705466666666666
231820,0.8815508333333334
231821,0.8918583333333333
231822,0.8973108333333334
231823,0.9026608333333334
231824,0.9087391666666667
231825,0.9172991666666667
231826,0.9255141666666666
231827,0.9313983333333334
231828,0.9364016666666667
231829,0.9378916666666667
231830,0.9369308333333333
231831,0.9339291666666667
231832,0.9317025
231833,0.9234775
231834,0.9132366666666667
231835,0.9024083333333333
231836,0.8916816666666667
231837,0.8746941666666666
231838,0.8589708333333334
231839,0.8489191666666667
231840,0.8439008333333333
231841,0.8412508333333333
231842,0.8387366666666666
231843,0.8366525
231844,0.8237325000000001
231845,0.8116566666666666
231846,0.8038900000000001
231847,0.7977000000000001
231848,0.8015958333333334
231849,0.8071808333333333
231850,0.8091591666666668
231851,0.8114399999999999
231852,0.8190658333333334
231853,0.8305349999999999
231854,0.8408033333333333
231855,0.8479924999999999
231856,0.8519241666666667
231857,0.8558283333333333
231858,0.8586808333333333
231859,0.8726349999999999
231860,0.88649
231861,0.8949391666666666
231862,0.9014533333333333
231863,0.9043208333333334
231864,0.9083775
231865,0.913345
231866,0.9163374999999999
231867,0.9208133333333333
231868,0.9230908333333334
231869,0.9183166666666668
231870,0.9120991666666666
231871,0.9042325000000001
231872,0.8954566666666667
231873,0.8813233333333332
231874,0.8612466666666667
231875,0.8390158333333334
231876,0.8190525000000001
231877,0.8010866666666666
231878,0.7507824999999999
231879,0.7168516666666667
231880,0.6881941666666668
231881,0.6651733333333333
231882,0.6458991666666667
231883,0.6250616666666667
231884,0.6106425000000001
231885,0.5888841666666667
231886,0.5688766666666666
231887,0.5521125
231888,0.5459766666666667
231889,0.5382916666666666
231890,0.5315625
231891,0.5144791666666667
231892,0.4903775
231893,0.4964325
231894,0.4850233333333333
231895,0.46327083333333335
231896,0.4431358333333334
231897,0.4261216666666667
231898,0.42536
231899,0.42484833333333333
231900,0.4337
231901,0.41861666666666664
231902,0.39827083333333335
231903,0.37468666666666667
231904,0.36190416666666664
231905,0.35007750000000004
231906,0.34617083333333326
231907,0.3462483333333333
231908,0.35022333333333333
231909,0.3579416666666667
231910,0.3715775
231911,0.3777775
231912,0.37519416666666666
231913,0.35474416666666664
231914,0.3371416666666667
231915,0.31076416666666673
231916,0.2990008333333333
231917,0.28981999999999997
231918,0.27841166666666667
231919,0.26345
231920,0.2505266666666667
231921,0.24277999999999997
231922,0.2375975
231923,0.23784083333333333
231924,0.23570583333333334
231925,0.23035416666666667
231926,0.2240425
231927,0.2204125
231928,0.21838833333333335
231929,0.208185
231930,0.20131166666666667
231931,0.205145
231932,0.21456666666666668
231933,0.22970083333333333
231934,0.245565
231935,0.2661225
231936,0.2760241666666667
231937,0.28125916666666667
231938,0.27842666666666666
231939,0.2780166666666667
231940,0.2844216666666667
231941,0.3036175
231942,0.33105833333333334
231943,0.357155
231944,0.38387583333333336
231945,0.4166725
231946,0.4465691666666667
231947,0.4661191666666666
231948,0.48621249999999994
231949,0.5076258333333333
231950,0.5163941666666667
231951,0.5352116666666666
231952,0.5640883333333334
231953,0.5882966666666666
231954,0.6098283333333333
231955,0.6387458333333333
231956,0.6581433333333333
231957,0.670175
231958,0.6823741666666667
231959,0.6981791666666667
231960,0.7123950000000001
231961,0.7267058333333334
231962,0.7266658333333333
231963,0.723
231964,0.715605
231965,0.7117825
231966,0.7143241666666668
231967,0.7038933333333334
231968,0.7029475000000001
231969,0.707335
231970,0.7020175
231971,0.70196
231972,0.6998283333333333
231973,0.6988058333333333
231974,0.6967949999999999
231975,0.6953883333333334
231976,0.6958741666666667
231977,0.7154133333333335
231978,0.7322233333333333
231979,0.7509191666666666
231980,0.7759225
231981,0.7938133333333333
231982,0.8174333333333333
231983,0.8378675
231984,0.8537716666666666
231985,0.8673316666666667
231986,0.8722733333333333
231987,0.8687058333333334
231988,0.8621091666666667
231989,0.8506325
231990,0.8358433333333333
231991,0.8138708333333332
231992,0.7861933333333333
231993,0.7567941666666668
231994,0.7314166666666666
231995,0.7068308333333333
231996,0.6798833333333333
231997,0.6572549999999999
231998,0.6386850000000001
231999,0.6181483333333334
232000,0.5949875
232001,0.5775775000000001
232002,0.5714458333333333
232003,0.5709308333333334
232004,0.5775708333333334
232005,0.5832991666666667
232006,0.5971433333333334
232007,0.6150583333333334
232008,0.6374541666666667
232009,0.6567025
232010,0.6701908333333333
232011,0.6861741666666668
232012,0.7007666666666668
232013,0.7107650000000001
232014,0.7216500000000001
232015,0.7282033333333333
232016,0.7300341666666667
232017,0.7323341666666666
232018,0.7380858333333333
232019,0.7400575
232020,0.746575
232021,0.7494908333333332
232022,0.7592516666666668
232023,0.7668758333333334
232024,0.7744333333333333
232025,0.7834066666666666
232026,0.7875366666666666
232027,0.7898666666666666
232028,0.794745
232029,0.7983349999999999
232030,0.8097991666666667
232031,0.8253616666666667
232032,0.8364758333333333
232033,0.8405308333333333
232034,0.8436874999999999
232035,0.8465516666666667
232036,0.8495641666666667
232037,0.8473299999999999
232038,0.8446641666666665
232039,0.8316283333333333
232040,0.8216758333333334
232041,0.8128791666666667
232042,0.7727583333333333
232043,0.7252141666666667
232044,0.6853933333333334
232045,0.6451591666666666
232046,0.6051966666666666
232047,0.5629449999999999
232048,0.5222508333333333
232049,0.4796858333333333
232050,0.4363825
232051,0.39668
232052,0.36422000000000004
232053,0.332655
232054,0.3073958333333333
232055,0.2806866666666667
232056,0.25995833333333335
232057,0.2661908333333333
232058,0.26997499999999997
232059,0.2769216666666666
232060,0.2863
232061,0.2950275
232062,0.2961258333333333
232063,0.2919574999999999
232064,0.28975
232065,0.2904783333333334
232066,0.29019749999999994
232067,0.2801466666666667
232068,0.2696866666666667
232069,0.26735000000000003
232070,0.26384833333333335
232071,0.255615
232072,0.25583083333333334
232073,0.27060833333333334
232074,0.2720283333333333
232075,0.28445750000000003
232076,0.29397666666666666
232077,0.31669
232078,0.34604333333333337
232079,0.37841583333333334
232080,0.40538749999999996
232081,0.4294116666666667
232082,0.4565958333333333
232083,0.4829708333333334
232084,0.500975
232085,0.5361116666666668
232086,0.5720883333333333
232087,0.6060266666666667
232088,0.6317933333333333
232089,0.6669466666666666
232090,0.6892925000000001
232091,0.7136858333333334
232092,0.7372258333333334
232093,0.7577741666666667
232094,0.7756474999999999
232095,0.7868041666666666
232096,0.7977591666666667
232097,0.8009883333333333
232098,0.8057416666666667
232099,0.8098883333333333
232100,0.8009799999999999
232101,0.7939550000000001
232102,0.7725033333333333
232103,0.7470225
232104,0.7128258333333334
232105,0.682995
232106,0.6444991666666666
232107,0.604345
232108,0.5673091666666666
232109,0.5282233333333334
232110,0.49186083333333336
232111,0.4590441666666667
232112,0.43054
232113,0.39914583333333326
232114,0.37055666666666665
232115,0.3377391666666666
232116,0.301455
232117,0.2779683333333333
232118,0.27029416666666667
232119,0.2568925
232120,0.23879833333333333
232121,0.22940333333333335
232122,0.2265791666666667
232123,0.22617166666666666
232124,0.22666583333333332
232125,0.23959083333333334
232126,0.2477516666666667
232127,0.2645366666666667
232128,0.2824666666666667
232129,0.30558916666666663
232130,0.3363258333333333
232131,0.36899833333333326
232132,0.40233083333333336
232133,0.4236716666666666
232134,0.45106
232135,0.474105
232136,0.5091808333333333
232137,0.53703
232138,0.5559008333333334
232139,0.5751641666666667
232140,0.5932666666666667
232141,0.6139708333333334
232142,0.6273025000000001
232143,0.6412816666666666
232144,0.6517149999999999
232145,0.6508174999999999
232146,0.6477041666666666
232147,0.6571916666666666
232148,0.6652441666666667
232149,0.6753283333333333
232150,0.6799225
232151,0.6659566666666666
232152,0.6470383333333334
232153,0.6274733333333333
232154,0.6112408333333333
232155,0.5833591666666667
232156,0.5570208333333333
232157,0.5267541666666667
232158,0.49691416666666666
232159,0.46712000000000004
232160,0.44014166666666665
232161,0.4245258333333333
232162,0.39426583333333337
232163,0.3706008333333333
232164,0.3503891666666667
232165,0.3390208333333334
232166,0.3314108333333333
232167,0.3308666666666667
232168,0.3272825
232169,0.3171866666666667
232170,0.30987000000000003
232171,0.30524083333333335
232172,0.3054575
232173,0.30997166666666665
232174,0.31012416666666665
232175,0.30974666666666667
232176,0.29670666666666673
232177,0.29091583333333326
232178,0.2886125
232179,0.27779666666666664
232180,0.26859666666666665
232181,0.26863916666666665
232182,0.2711525
232183,0.2854941666666667
232184,0.3129433333333333
232185,0.34017166666666665
232186,0.3634275
232187,0.3887175
232188,0.4151725
232189,0.42946416666666665
232190,0.45368333333333327
232191,0.49252583333333333
232192,0.5256649999999999
232193,0.5493416666666666
232194,0.5747208333333333
232195,0.5976508333333332
232196,0.6138566666666667
232197,0.6236375
232198,0.6280450000000001
232199,0.6242391666666667
232200,0.6224500000000001
232201,0.6263933333333332
232202,0.6248416666666666
232203,0.6228016666666666
232204,0.6397708333333333
232205,0.6488325
232206,0.6408725
232207,0.6337858333333333
232208,0.6259983333333333
232209,0.622695
232210,0.6257766666666668
232211,0.6281166666666667
232212,0.6338674999999999
232213,0.64115
232214,0.6435508333333334
232215,0.6432083333333334
232216,0.6330625
232217,0.6263933333333334
232218,0.6096275000000001
232219,0.5909133333333333
232220,0.5672558333333334
232221,0.5401716666666666
232222,0.5097349999999999
232223,0.48117916666666666
232224,0.45110666666666666
232225,0.4170625
232226,0.38197749999999997
232227,0.3469791666666666
232228,0.31546
232229,0.28654999999999997
232230,0.26134583333333333
232231,0.23583416666666668
232232,0.21150333333333335
232233,0.205435
232234,0.19738166666666668
232235,0.1908466666666667
232236,0.19313166666666665
232237,0.1972391666666667
232238,0.1940825
232239,0.200315
232240,0.205285
232241,0.210085
232242,0.21387416666666667
232243,0.21861500000000003
232244,0.21611249999999999
232245,0.21371416666666668
232246,0.22270000000000004
232247,0.2337275
232248,0.2324775
232249,0.23737
232250,0.24422333333333332
232251,0.248935
232252,0.2485575
232253,0.2531233333333333
232254,0.24718583333333333
232255,0.23775333333333334
232256,0.22819416666666664
232257,0.21806083333333334
232258,0.2030475
232259,0.19406666666666667
232260,0.18551666666666666
232261,0.17001416666666666
232262,0.15189833333333336
232263,0.1334433333333333
232264,0.11074583333333334
232265,0.08794916666666668
232266,0.07037416666666665
232267,0.05654666666666667
232268,0.044804166666666666
232269,0.0392325
232270,0.04264833333333333
232271,0.04889666666666667
232272,0.056210833333333335
232273,0.06411583333333333
232274,0.07298999999999999
232275,0.07747166666666666
232276,0.0798425
232277,0.08282916666666666
232278,0.08610083333333333
232279,0.08811833333333334
232280,0.08998333333333333
232281,0.08854166666666667
232282,0.08806
232283,0.0876275
232284,0.08496333333333334
232285,0.08503916666666668
232286,0.08814916666666667
232287,0.09793416666666666
232288,0.10710833333333333
232289,0.11164500000000001
232290,0.12158749999999999
232291,0.13116083333333334
232292,0.13793166666666667
232293,0.14279416666666664
232294,0.149455
232295,0.15906666666666666
232296,0.16991083333333334
232297,0.18075083333333333
232298,0.19793083333333333
232299,0.21148666666666668
232300,0.2126333333333333
232301,0.21843333333333334
232302,0.21841333333333332
232303,0.213855
232304,0.20883666666666667
232305,0.20733083333333333
232306,0.20875166666666664
232307,0.22173833333333332
232308,0.24240750000000003
232309,0.25506249999999997
232310,0.26398666666666665
232311,0.27278583333333334
232312,0.27962333333333333
232313,0.2841791666666667
232314,0.29507333333333335
232315,0.31783
232316,0.3306766666666667
232317,0.34655833333333336
232318,0.36508583333333333
232319,0.39020083333333333
232320,0.39931083333333334
232321,0.40922333333333333
232322,0.40934
232323,0.41332916666666664
232324,0.4250716666666667
232325,0.443015
232326,0.45499500000000004
232327,0.4717066666666667
232328,0.4837033333333333
232329,0.4934066666666667
232330,0.498755
232331,0.5088783333333333
232332,0.5170308333333333
232333,0.5314525
232334,0.5516133333333334
232335,0.5861783333333332
232336,0.6233133333333334
232337,0.6623841666666668
232338,0.6916275
232339,0.7199766666666666
232340,0.7436125
232341,0.7736575
232342,0.8006200000000001
232343,0.8280550000000001
232344,0.852445
232345,0.8723991666666666
232346,0.8751066666666667
232347,0.8792491666666666
232348,0.8756608333333333
232349,0.8703383333333332
232350,0.8609833333333333
232351,0.855095
232352,0.8493833333333333
232353,0.8416141666666667
232354,0.8362591666666667
232355,0.8339291666666667
232356,0.8304733333333334
232357,0.82445
232358,0.8185358333333334
232359,0.811135
232360,0.7960783333333334
232361,0.7775216666666667
232362,0.7499974999999999
232363,0.72242
232364,0.6916375
232365,0.6640516666666667
232366,0.6293399999999999
232367,0.59408
232368,0.5562316666666667
232369,0.5206283333333334
232370,0.4853608333333333
232371,0.45239583333333333
232372,0.4174041666666667
232373,0.3799208333333333
232374,0.3525816666666667
232375,0.3379166666666667
232376,0.33120583333333337
232377,0.3269308333333333
232378,0.3281833333333333
232379,0.3288141666666667
232380,0.32156
232381,0.31509750000000003
232382,0.3056025
232383,0.3017183333333333
232384,0.294645
232385,0.28070833333333334
232386,0.2750066666666667
232387,0.28291083333333333
232388,0.2958325
232389,0.307015
232390,0.32475166666666666
232391,0.35803916666666663
232392,0.3921116666666667
232393,0.42343416666666667
232394,0.45626916666666667
232395,0.49496499999999993
232396,0.5342916666666666
232397,0.5688949999999999
232398,0.5984058333333333
232399,0.6260183333333332
232400,0.6444475
232401,0.6548533333333334
232402,0.6647341666666667
232403,0.6759316666666667
232404,0.6763933333333333
232405,0.6702733333333334
232406,0.6595516666666668
232407,0.6576033333333332
232408,0.6557425
232409,0.6554991666666666
232410,0.6578758333333333
232411,0.6596241666666667
232412,0.6629916666666666
232413,0.6682925
232414,0.6678625
232415,0.6786116666666667
232416,0.6850058333333333
232417,0.6835008333333333
232418,0.6785483333333333
232419,0.6795008333333334
232420,0.6744458333333333
232421,0.6794783333333333
232422,0.679195
232423,0.6781491666666667
232424,0.6730583333333333
232425,0.6636591666666667
232426,0.6494466666666666
232427,0.6369183333333334
232428,0.6231491666666665
232429,0.6052041666666667
232430,0.606445
232431,0.6115833333333333
232432,0.6136908333333333
232433,0.6106725
232434,0.6110774999999999
232435,0.6131375
232436,0.6093483333333334
232437,0.60399
232438,0.6065608333333333
232439,0.6131891666666667
232440,0.6239925
232441,0.6396716666666666
232442,0.6577333333333334
232443,0.6782966666666667
232444,0.7069816666666667
232445,0.7184441666666667
232446,0.7246166666666667
232447,0.7152833333333334
232448,0.7108025
232449,0.6937716666666667
232450,0.6798358333333334
232451,0.6556516666666666
232452,0.6399341666666667
232453,0.614475
232454,0.5873808333333332
232455,0.57128
232456,0.5591491666666666
232457,0.5527483333333334
232458,0.5511191666666666
232459,0.5516475
232460,0.5522491666666666
232461,0.5566966666666667
232462,0.5799866666666667
232463,0.6004275
232464,0.6275475
232465,0.6540441666666668
232466,0.6880124999999999
232467,0.7151091666666667
232468,0.7411416666666667
232469,0.7666233333333333
232470,0.7776783333333334
232471,0.7846625
232472,0.787265
232473,0.7821316666666667
232474,0.7763183333333334
232475,0.7702966666666666
232476,0.7642483333333333
232477,0.7561458333333334
232478,0.7535633333333334
232479,0.7518408333333333
232480,0.7515983333333334
232481,0.7514516666666666
232482,0.7514183333333333
232483,0.7539883333333334
232484,0.7634908333333333
232485,0.7750916666666666
232486,0.7870066666666666
232487,0.7998449999999999
232488,0.8169658333333333
232489,0.834635
232490,0.8518458333333334
232491,0.8685258333333333
232492,0.8862291666666666
232493,0.9012933333333334
232494,0.917655
232495,0.9304916666666666
232496,0.9390958333333334
232497,0.946475
232498,0.9542741666666666
232499,0.9531058333333333
232500,0.9507916666666667
232501,0.9459775
232502,0.9403958333333333
232503,0.9347016666666668
232504,0.9299483333333334
232505,0.923585
232506,0.9174541666666667
232507,0.9122491666666667
232508,0.9063166666666667
232509,0.8989866666666667
232510,0.8921533333333334
232511,0.8847116666666667
232512,0.8780616666666667
232513,0.8703241666666666
232514,0.8660075
232515,0.863075
232516,0.8607491666666667
232517,0.8576508333333333
232518,0.8498266666666666
232519,0.8379241666666667
232520,0.8296333333333333
232521,0.8169633333333334
232522,0.798645
232523,0.7770008333333334
232524,0.7672383333333334
232525,0.7637791666666668
232526,0.7618241666666666
232527,0.7599841666666667
232528,0.7622125000000001
232529,0.76469
232530,0.7653416666666667
232531,0.7689799999999999
232532,0.7749233333333333
232533,0.7822675
232534,0.7914683333333333
232535,0.7990083333333333
232536,0.8064608333333333
232537,0.8223058333333333
232538,0.8449308333333333
232539,0.8574291666666666
232540,0.8645216666666667
232541,0.8707241666666667
232542,0.8767941666666668
232543,0.8804375
232544,0.8816575
232545,0.8834983333333334
232546,0.8817900000000001
232547,0.8770725000000001
232548,0.8758591666666667
232549,0.86641
232550,0.8548666666666667
232551,0.8472991666666668
232552,0.83626
232553,0.818895
232554,0.8040766666666668
232555,0.7855975
232556,0.7648008333333334
232557,0.7482541666666667
232558,0.7294975
232559,0.710255
232560,0.6872916666666666
232561,0.6676408333333334
232562,0.6468708333333333
232563,0.6213516666666667
232564,0.6014583333333333
232565,0.5819133333333333
232566,0.5611158333333334
232567,0.5413858333333333
232568,0.5248025
232569,0.5049783333333333
232570,0.48181
232571,0.456525
232572,0.4264908333333334
232573,0.39718250000000005
232574,0.36874666666666667
232575,0.342185
232576,0.30950583333333337
232577,0.2807516666666666
232578,0.2591641666666667
232579,0.24083833333333335
232580,0.22715
232581,0.22828666666666664
232582,0.23040750000000002
232583,0.23607916666666667
232584,0.242995
232585,0.25673666666666667
232586,0.2731333333333333
232587,0.284325
232588,0.2908758333333334
232589,0.29362750000000004
232590,0.31472500000000003
232591,0.33921000000000007
232592,0.3476933333333333
232593,0.35510083333333337
232594,0.3641008333333333
232595,0.375375
232596,0.3821983333333333
232597,0.37932333333333335
232598,0.3667533333333333
232599,0.3495525
232600,0.3318516666666666
232601,0.31702666666666673
232602,0.3012025
232603,0.29253416666666665
232604,0.30537499999999995
232605,0.298025
232606,0.2962591666666667
232607,0.3032775
232608,0.3043875
232609,0.3079483333333333
232610,0.3123366666666667
232611,0.3057233333333334
232612,0.3109475
232613,0.3280458333333333
232614,0.35534916666666666
232615,0.38929416666666666
232616,0.42253666666666667
232617,0.45798
232618,0.4975641666666667
232619,0.5211141666666667
232620,0.5458758333333333
232621,0.5671875
232622,0.5941608333333334
232623,0.6255341666666666
232624,0.6578333333333333
232625,0.6855391666666667
232626,0.7145616666666668
232627,0.7401416666666666
232628,0.7604891666666667
232629,0.7724891666666667
232630,0.7775949999999999
232631,0.7832191666666667
232632,0.7943866666666666
232633,0.8003766666666666
232634,0.7886249999999999
232635,0.7868216666666666
232636,0.7847425
232637,0.7819575
232638,0.7827291666666667
232639,0.7865541666666667
232640,0.7880216666666667
232641,0.7824133333333333
232642,0.7772033333333334
232643,0.7719783333333333
232644,0.7707958333333333
232645,0.7696675000000001
232646,0.767495
232647,0.7675716666666667
232648,0.762115
232649,0.7759383333333333
232650,0.78901
232651,0.8031550000000001
232652,0.8177658333333333
232653,0.8297566666666666
232654,0.8361266666666667
232655,0.8428983333333334
232656,0.8579116666666667
232657,0.8718858333333332
232658,0.8866099999999999
232659,0.8999433333333332
232660,0.9135191666666667
232661,0.9274058333333334
232662,0.9371458333333333
232663,0.9527625000000001
232664,0.9647991666666668
232665,0.9702383333333333
232666,0.9741691666666665
232667,0.9779975000000001
232668,0.9803841666666667
232669,0.9813691666666667
232670,0.9826925
232671,0.9838091666666666
232672,0.9852058333333334
232673,0.9859950000000001
232674,0.9865841666666667
232675,0.9869958333333333
232676,0.9876199999999999
232677,0.9886683333333333
232678,0.9897425
232679,0.99069
232680,0.9914316666666667
232681,0.99207
232682,0.9928533333333333
232683,0.9937583333333334
232684,0.9942666666666666
232685,0.9929133333333334
232686,0.9898908333333334
232687,0.9855975
232688,0.9812949999999999
232689,0.9783683333333334
232690,0.9759775
232691,0.9737833333333333
232692,0.9719258333333334
232693,0.97008
232694,0.9674008333333334
232695,0.96339
232696,0.9547658333333333
232697,0.9493033333333334
232698,0.9484383333333333
232699,0.9475466666666666
232700,0.9484558333333333
232701,0.95084
232702,0.9543158333333334
232703,0.9578558333333334
232704,0.9602258333333332
232705,0.961965
232706,0.9635708333333334
232707,0.9647108333333333
232708,0.9658233333333333
232709,0.9676575
232710,0.9698433333333334
232711,0.9766991666666667
232712,0.9806008333333333
232713,0.9801433333333333
232714,0.9791041666666666
232715,0.9778258333333334
232716,0.9763433333333332
232717,0.9753225000000001
232718,0.9737075
232719,0.9711616666666667
232720,0.9676691666666667
232721,0.9631541666666668
232722,0.9578041666666667
232723,0.9539891666666667
232724,0.9504041666666666
232725,0.9482558333333333
232726,0.9461016666666667
232727,0.9421691666666667
232728,0.9343933333333332
232729,0.9230466666666667
232730,0.9098666666666667
232731,0.8991441666666666
232732,0.8883724999999999
232733,0.8809875
232734,0.8701633333333334
232735,0.8612699999999999
232736,0.8520566666666666
232737,0.8497741666666667
232738,0.8425191666666667
232739,0.8359041666666668
232740,0.8308933333333334
232741,0.8252016666666666
232742,0.8226291666666666
232743,0.8183533333333334
232744,0.7991391666666666
232745,0.77833
232746,0.7538549999999999
232747,0.7335550000000001
232748,0.7105741666666667
232749,0.6864083333333333
232750,0.661805
232751,0.6378375
232752,0.6064
232753,0.5804466666666667
232754,0.5411141666666667
232755,0.49857666666666667
232756,0.45525
232757,0.407845
232758,0.36670583333333334
232759,0.34426083333333335
232760,0.3265775
232761,0.30814
232762,0.2829116666666666
232763,0.25562583333333333
232764,0.23373333333333335
232765,0.20915833333333333
232766,0.1845525
232767,0.1602991666666667
232768,0.14214
232769,0.1499975
232770,0.15656166666666668
232771,0.1620925
232772,0.16918249999999999
232773,0.1769758333333333
232774,0.1828575
232775,0.18788166666666667
232776,0.19621916666666667
232777,0.20676749999999997
232778,0.21800916666666667
232779,0.22875333333333334
232780,0.23717833333333335
232781,0.24753166666666668
232782,0.25761666666666666
232783,0.26386
232784,0.25365
232785,0.25135833333333335
232786,0.25831166666666666
232787,0.26335416666666667
232788,0.2677525
232789,0.26356416666666665
232790,0.25552083333333336
232791,0.24544250000000004
232792,0.24150833333333335
232793,0.23782416666666664
232794,0.23640916666666667
232795,0.24306250000000001
232796,0.25052749999999996
232797,0.262145
232798,0.2694391666666667
232799,0.2754175
232800,0.27919916666666666
232801,0.27608000000000005
232802,0.27719499999999997
232803,0.2748416666666667
232804,0.27877083333333336
232805,0.2874641666666667
232806,0.29567583333333336
232807,0.29620833333333335
232808,0.2993766666666666
232809,0.29245
232810,0.2792208333333333
232811,0.26193833333333333
232812,0.24113749999999998
232813,0.2183591666666667
232814,0.1995975
232815,0.1771925
232816,0.15504333333333334
232817,0.1328475
232818,0.11671083333333333
232819,0.10367
232820,0.08962666666666669
232821,0.07957916666666667
232822,0.0712
232823,0.059414166666666664
232824,0.05552666666666666
232825,0.0512325
232826,0.05006666666666667
232827,0.049355
232828,0.05196749999999999
232829,0.05333416666666667
232830,0.05582583333333333
232831,0.06560083333333333
232832,0.07984416666666667
232833,0.09854583333333333
232834,0.11792583333333333
232835,0.14632583333333335
232836,0.17837833333333333
232837,0.21580000000000002
232838,0.2577925
232839,0.30844499999999997
232840,0.3604325
232841,0.41191583333333337
232842,0.45749749999999995
232843,0.49046249999999997
232844,0.5222741666666667
232845,0.5589525000000001
232846,0.5858125
232847,0.6005958333333333
232848,0.6065033333333333
232849,0.6080941666666667
232850,0.6012933333333332
232851,0.5839875
232852,0.5612125
232853,0.5320741666666666
232854,0.4947766666666667
232855,0.4529166666666667
232856,0.4089375
232857,0.36817
232858,0.34305916666666664
232859,0.3229858333333333
232860,0.2949791666666667
232861,0.26456
232862,0.24170666666666665
232863,0.21979416666666665
232864,0.21780083333333333
232865,0.21667333333333333
232866,0.22612916666666663
232867,0.2511675
232868,0.2782541666666667
232869,0.3034983333333333
232870,0.33093416666666664
232871,0.36357
232872,0.39218333333333333
232873,0.42171833333333336
232874,0.4542066666666667
232875,0.4903825
232876,0.5350766666666666
232877,0.5790833333333333
232878,0.6207116666666667
232879,0.6475808333333333
232880,0.6719716666666666
232881,0.69327
232882,0.6962783333333333
232883,0.7033883333333334
232884,0.7105758333333333
232885,0.7250800000000001
232886,0.7355591666666667
232887,0.7543766666666667
232888,0.7670174999999999
232889,0.7752508333333332
232890,0.7810358333333334
232891,0.7831841666666667
232892,0.7848041666666667
232893,0.7935758333333334
232894,0.8029625
232895,0.8125625000000001
232896,0.8180766666666667
232897,0.8249308333333334
232898,0.8222983333333332
232899,0.8175166666666667
232900,0.8050883333333334
232901,0.7920125
232902,0.7802858333333333
232903,0.7710383333333334
232904,0.7627908333333334
232905,0.7589925000000001
232906,0.7569149999999999
232907,0.7518875
232908,0.7339800000000001
232909,0.7117466666666666
232910,0.6885525
232911,0.6672866666666667
232912,0.6469008333333333
232913,0.6272483333333334
232914,0.609925
232915,0.5924125
232916,0.5738575
232917,0.5494808333333334
232918,0.5264066666666667
232919,0.5008458333333333
232920,0.46796333333333334
232921,0.4392358333333334
232922,0.42061583333333336
232923,0.41359416666666665
232924,0.41452750000000005
232925,0.4226566666666667
232926,0.43045833333333333
232927,0.4393466666666666
232928,0.4537683333333334
232929,0.46810416666666665
232930,0.48938500000000007
232931,0.5092025
232932,0.53252
232933,0.5441908333333334
232934,0.5430708333333333
232935,0.5423191666666667
232936,0.5383391666666667
232937,0.5319725
232938,0.5293108333333334
232939,0.5328141666666667
232940,0.5298200000000001
232941,0.5353366666666666
232942,0.5417808333333334
232943,0.5501666666666666
232944,0.5518691666666666
232945,0.5488941666666667
232946,0.5553633333333334
232947,0.5593741666666666
232948,0.5748
232949,0.6096225000000001
232950,0.6422283333333334
232951,0.6725258333333333
232952,0.6990366666666666
232953,0.7201666666666667
232954,0.7287591666666667
232955,0.7406133333333333
232956,0.7438258333333334
232957,0.7436183333333334
232958,0.7427633333333332
232959,0.7512958333333334
232960,0.75949
232961,0.7659133333333333
232962,0.7713149999999999
232963,0.7770825
232964,0.7770841666666667
232965,0.7861316666666667
232966,0.792865
232967,0.7975983333333333
232968,0.7942041666666666
232969,0.7883025
232970,0.777565
232971,0.7614275
232972,0.7412808333333333
232973,0.7247333333333333
232974,0.7086975
232975,0.6738116666666667
232976,0.6321508333333334
232977,0.5920816666666667
232978,0.5485150000000001
232979,0.5074216666666667
232980,0.460745
232981,0.4204808333333333
232982,0.3783741666666666
232983,0.3417408333333333
232984,0.31258083333333336
232985,0.2933616666666667
232986,0.2870425
232987,0.28845833333333337
232988,0.28456916666666665
232989,0.2868133333333333
232990,0.31449333333333335
232991,0.3499475
232992,0.38627833333333333
232993,0.42519333333333337
232994,0.4608683333333333
232995,0.5004225000000001
232996,0.5357649999999999
232997,0.5729508333333333
232998,0.6096433333333333
232999,0.6414883333333333
233000,0.6661966666666667
233001,0.6762508333333332
233002,0.6834491666666668
233003,0.6900366666666665
233004,0.6902591666666668
233005,0.6979858333333334
233006,0.6997083333333334
233007,0.7003441666666668
233008,0.6950316666666667
233009,0.6912566666666666
233010,0.6936599999999999
233011,0.69477
233012,0.6947233333333334
233013,0.6940975
233014,0.6986616666666666
233015,0.7025633333333333
233016,0.7156666666666667
233017,0.7284083333333332
233018,0.7440408333333334
233019,0.7610841666666666
233020,0.7692533333333333
233021,0.7767316666666667
233022,0.7871441666666666
233023,0.8034358333333333
233024,0.8172158333333334
233025,0.8212416666666668
233026,0.8260783333333334
233027,0.8296650000000001
233028,0.8322758333333333
233029,0.8292991666666667
233030,0.8268891666666666
233031,0.8265633333333333
233032,0.8250858333333333
233033,0.8191683333333334
233034,0.8033075
233035,0.7823058333333334
233036,0.7657158333333333
233037,0.7493458333333333
233038,0.7333575
233039,0.7154500000000001
233040,0.7013250000000001
233041,0.6913033333333334
233042,0.687905
233043,0.6889266666666667
233044,0.6916508333333333
233045,0.6948775
233046,0.6923241666666667
233047,0.69196
233048,0.6894583333333333
233049,0.689055
233050,0.6868716666666667
233051,0.6805858333333333
233052,0.6771041666666666
233053,0.6696141666666667
233054,0.6753166666666667
233055,0.6811583333333334
233056,0.6840233333333333
233057,0.6861125
233058,0.6883374999999999
233059,0.6931925
233060,0.6984516666666667
233061,0.70412
233062,0.7105083333333333
233063,0.7224074999999999
233064,0.7394816666666666
233065,0.7603691666666667
233066,0.7858508333333334
233067,0.8057408333333334
233068,0.8249883333333333
233069,0.834485
233070,0.8436033333333334
233071,0.8450208333333333
233072,0.8439583333333334
233073,0.8442058333333334
233074,0.8414966666666667
233075,0.8333358333333334
233076,0.8252591666666667
233077,0.8130716666666667
233078,0.7950341666666666
233079,0.7703525
233080,0.7359908333333334
233081,0.6941624999999999
233082,0.656825
233083,0.6198333333333333
233084,0.5817149999999999
233085,0.5403133333333333
233086,0.4937108333333333
233087,0.44645666666666667
233088,0.3972
233089,0.34808833333333333
233090,0.3042533333333333
233091,0.2611541666666667
233092,0.2214808333333333
233093,0.18588416666666666
233094,0.15677083333333333
233095,0.13728916666666668
233096,0.12132583333333334
233097,0.10108166666666668
233098,0.0833725
233099,0.0677325
233100,0.05581166666666667
233101,0.05840083333333333
233102,0.06394999999999999
233103,0.06658333333333334
233104,0.07191416666666667
233105,0.0743375
233106,0.07273583333333335
233107,0.07285083333333334
233108,0.08154916666666666
233109,0.08626916666666667
233110,0.08906333333333334
233111,0.09453333333333334
233112,0.10284666666666667
233113,0.11312333333333334
233114,0.12752083333333333
233115,0.14664333333333335
233116,0.16586833333333337
233117,0.17510750000000003
233118,0.18724416666666668
233119,0.19798833333333335
233120,0.20661333333333334
233121,0.21640416666666668
233122,0.22852916666666667
233123,0.23853416666666666
233124,0.24786750000000002
233125,0.26149
233126,0.2725258333333333
233127,0.27931750000000005
233128,0.27784333333333333
233129,0.27550749999999996
233130,0.26392
233131,0.24666
233132,0.23841833333333332
233133,0.23021583333333334
233134,0.219745
233135,0.21203750000000002
233136,0.20481416666666666
233137,0.19367333333333334
233138,0.17844166666666667
233139,0.17243750000000002
233140,0.16182749999999999
233141,0.14844416666666665
233142,0.13763916666666667
233143,0.13132749999999999
233144,0.11970583333333333
233145,0.11092750000000001
233146,0.10779583333333333
233147,0.10646916666666666
233148,0.10507749999999999
233149,0.10361833333333333
233150,0.10255
233151,0.105995
233152,0.110245
233153,0.11435333333333333
233154,0.11274333333333333
233155,0.11464916666666666
233156,0.12175833333333334
233157,0.13559416666666665
233158,0.1468833333333333
233159,0.16039333333333333
233160,0.17552916666666668
233161,0.18359833333333334
233162,0.1826475
233163,0.18094416666666666
233164,0.18292666666666665
233165,0.185045
233166,0.19582083333333333
233167,0.21275333333333332
233168,0.23021166666666668
233169,0.2521675
233170,0.265295
233171,0.2778583333333334
233172,0.28374583333333336
233173,0.3034975
233174,0.3197333333333333
233175,0.33354083333333334
233176,0.3532308333333333
233177,0.384505
233178,0.4148275
233179,0.44811750000000006
233180,0.48622166666666666
233181,0.5144783333333333
233182,0.5414616666666667
233183,0.5680166666666666
233184,0.5936583333333334
233185,0.6275758333333333
233186,0.6562566666666666
233187,0.6819216666666666
233188,0.6971441666666666
233189,0.7168083333333333
233190,0.7418708333333333
233191,0.7628508333333333
233192,0.7762891666666666
233193,0.7854608333333333
233194,0.7863174999999999
233195,0.7824625
233196,0.7728291666666666
233197,0.7580766666666666
233198,0.7436941666666667
233199,0.7239191666666667
233200,0.703605
233201,0.6894633333333334
233202,0.6743583333333334
233203,0.6624199999999999
233204,0.6489575
233205,0.6288383333333333
233206,0.6112991666666666
233207,0.5957958333333334
233208,0.5826233333333334
233209,0.5779191666666667
233210,0.5747424999999999
233211,0.5766875
233212,0.5919475
233213,0.6031425
233214,0.61726
233215,0.638305
233216,0.66074
233217,0.6846224999999999
233218,0.7001266666666667
233219,0.7231583333333335
233220,0.7464866666666666
233221,0.7693475000000001
233222,0.7900825
233223,0.8139825
233224,0.8361958333333332
233225,0.8554258333333333
233226,0.8719308333333334
233227,0.8778975
233228,0.8878066666666666
233229,0.8970683333333332
233230,0.89452
233231,0.884845
233232,0.8676758333333333
233233,0.852745
233234,0.8308333333333333
233235,0.8081958333333333
233236,0.7808441666666667
233237,0.7546824999999999
233238,0.7245683333333334
233239,0.6935875
233240,0.6623558333333333
233241,0.6311891666666667
233242,0.5910375
233243,0.5521083333333333
233244,0.4941425
233245,0.4411833333333333
233246,0.3909541666666667
233247,0.3517416666666666
233248,0.31695083333333335
233249,0.2817175
233250,0.24826416666666667
233251,0.21767416666666667
233252,0.18808583333333337
233253,0.16233499999999998
233254,0.13263
233255,0.10543666666666666
233256,0.08084833333333334
233257,0.062107499999999996
233258,0.041544166666666674
233259,0.041025
233260,0.0408625
233261,0.04029833333333333
233262,0.03877333333333333
233263,0.035721666666666665
233264,0.032634166666666665
233265,0.0305775
233266,0.030231666666666664
233267,0.02830833333333333
233268,0.025615833333333334
233269,0.024965
233270,0.024330833333333336
233271,0.023230000000000004
233272,0.0223725
233273,0.021099166666666665
233274,0.019036666666666667
233275,0.01761916666666667
233276,0.017166666666666667
233277,0.016599107142857145
233278,0.01640673076923077
233279,0.015407291666666668
233280,0.01338977272727273
233281,0.011946250000000002
233282,0.012397222222222224
233283,0.013639062500000002
233284,0.03210625
233285,0.03892222222222222
233286,0.04083125
233287,0.046970454545454544
233288,0.05409791666666667
233289,0.058955769230769235
233290,0.07200357142857143
233291,0.08213000000000001
233292,0.09533166666666666
233293,0.1076375
233294,0.12471833333333333
233295,0.14223333333333335
233296,0.1577975
233297,0.16948333333333335
233298,0.17837166666666668
233299,0.18936
233300,0.205855
233301,0.21854500000000002
233302,0.23459166666666664
233303,0.25441416666666666
233304,0.28649500000000006
233305,0.3089266666666666
233306,0.33100166666666664
233307,0.34937250000000003
233308,0.36811583333333336
233309,0.38047083333333337
233310,0.40721999999999997
233311,0.437075
233312,0.46928000000000003
233313,0.49822333333333335
233314,0.524665
233315,0.5298241666666667
233316,0.5400808333333332
233317,0.5426025
233318,0.5404383333333332
233319,0.5188458333333333
233320,0.5026558333333333
233321,0.4967325
233322,0.4962316666666666
233323,0.4968416666666666
233324,0.49677
233325,0.4801433333333333
233326,0.4615916666666667
233327,0.44267166666666663
233328,0.4218075
233329,0.39837666666666666
233330,0.39285
233331,0.3849958333333333
233332,0.3790958333333333
233333,0.37367333333333336
233334,0.3810241666666666
233335,0.38164000000000003
233336,0.3738175
233337,0.3631716666666667
233338,0.3624333333333334
233339,0.35994333333333334
233340,0.3559158333333334
233341,0.35131249999999997
233342,0.3420575
233343,0.34425500000000003
233344,0.33257083333333337
233345,0.3165575
233346,0.29931416666666666
233347,0.2821616666666667
233348,0.26494416666666665
233349,0.24537583333333332
233350,0.22989749999999998
233351,0.21534
233352,0.20251333333333335
233353,0.18556999999999998
233354,0.18699166666666667
233355,0.19022416666666667
233356,0.18909833333333334
233357,0.19871166666666668
233358,0.2092041666666667
233359,0.24061000000000002
233360,0.26768416666666667
233361,0.2929566666666667
233362,0.32550416666666665
233363,0.36054583333333334
233364,0.39294833333333334
233365,0.4314683333333333
233366,0.46519750000000004
233367,0.5019908333333334
233368,0.5274216666666667
233369,0.5405449999999999
233370,0.5540325
233371,0.5764116666666667
233372,0.5962475
233373,0.6145841666666667
233374,0.6276641666666667
233375,0.6332783333333334
233376,0.6434741666666668
233377,0.6456433333333335
233378,0.640825
233379,0.6377741666666668
233380,0.6283875
233381,0.6180991666666668
233382,0.6085283333333333
233383,0.6009825000000001
233384,0.5875208333333333
233385,0.5833833333333334
233386,0.5718991666666667
233387,0.5609016666666666
233388,0.5397358333333333
233389,0.5216316666666667
233390,0.5128391666666666
233391,0.5220083333333333
233392,0.5299758333333333
233393,0.542755
233394,0.5617699999999999
233395,0.5795058333333334
233396,0.5972133333333333
233397,0.6139258333333333
233398,0.6341216666666667
233399,0.66006
233400,0.6748049999999999
233401,0.6872191666666666
233402,0.69786
233403,0.71324
233404,0.7316266666666668
233405,0.7535333333333334
233406,0.76188
233407,0.7735516666666666
233408,0.7830933333333333
233409,0.7854208333333333
233410,0.7903041666666667
233411,0.7991375000000001
233412,0.8033325
233413,0.8074708333333334
233414,0.80748
233415,0.8130566666666666
233416,0.823535
233417,0.8342666666666666
233418,0.8464349999999999
233419,0.8592358333333332
233420,0.8720983333333333
233421,0.881585
233422,0.8888183333333333
233423,0.8953916666666667
233424,0.9009333333333333
233425,0.9041383333333334
233426,0.9059808333333332
233427,0.9080758333333333
233428,0.9056816666666666
233429,0.9004158333333333
233430,0.8913141666666667
233431,0.8797691666666666
233432,0.8747441666666667
233433,0.8694325
233434,0.8635050000000001
233435,0.8552433333333334
233436,0.8480399999999999
233437,0.8398358333333334
233438,0.8372025
233439,0.8359925
233440,0.8345783333333333
233441,0.8337566666666666
233442,0.8361533333333334
233443,0.8402975
233444,0.8347641666666666
233445,0.8257216666666667
233446,0.8174133333333333
233447,0.8015408333333334
233448,0.777165
233449,0.7379575
233450,0.7033558333333334
233451,0.6661891666666667
233452,0.6263941666666667
233453,0.5832016666666667
233454,0.5426974999999999
233455,0.49319
233456,0.44388833333333333
233457,0.3925175
233458,0.3444225
233459,0.3090833333333333
233460,0.28024583333333336
233461,0.25298833333333337
233462,0.22541416666666664
233463,0.20662000000000003
233464,0.19710666666666665
233465,0.18799083333333336
233466,0.18216166666666664
233467,0.18168166666666666
233468,0.18174166666666663
233469,0.19469416666666667
233470,0.21047500000000002
233471,0.22564416666666665
233472,0.24011000000000002
233473,0.26935916666666665
233474,0.276785
233475,0.28034333333333333
233476,0.29532166666666665
233477,0.3167825
233478,0.3351233333333334
233479,0.35813249999999996
233480,0.38208916666666665
233481,0.4083416666666667
233482,0.43037916666666665
233483,0.45241333333333333
233484,0.44803833333333337
233485,0.4504383333333334
233486,0.45262166666666664
233487,0.4587883333333334
233488,0.4493883333333334
233489,0.468845
233490,0.4868475
233491,0.4973
233492,0.49418500000000004
233493,0.49721916666666666
233494,0.4985366666666667
233495,0.4962691666666667
233496,0.4887591666666667
233497,0.48357333333333336
233498,0.47268000000000004
233499,0.4724508333333333
233500,0.47351499999999996
233501,0.4936
233502,0.5123866666666667
233503,0.5315441666666667
233504,0.54005
233505,0.5532291666666667
233506,0.56962
233507,0.5942991666666667
233508,0.6142408333333333
233509,0.6335599999999999
233510,0.6519558333333333
233511,0.6700358333333334
233512,0.6817408333333334
233513,0.6906983333333333
233514,0.700395
233515,0.7116174999999999
233516,0.7083133333333334
233517,0.70336
233518,0.6868466666666666
233519,0.6752425
233520,0.6633591666666666
233521,0.644135
233522,0.6190225
233523,0.5972258333333333
233524,0.5759691666666668
233525,0.55581
233526,0.5410516666666666
233527,0.5310875
233528,0.5299741666666666
233529,0.5211308333333333
233530,0.5065141666666667
233531,0.47958083333333335
233532,0.45280166666666666
233533,0.42964333333333327
233534,0.404395
233535,0.37307083333333335
233536,0.3445333333333333
233537,0.32242916666666666
233538,0.30152666666666667
233539,0.28035416666666674
233540,0.25696416666666666
233541,0.2358625
233542,0.22162333333333334
233543,0.20860083333333332
233544,0.21053249999999998
233545,0.21183166666666667
233546,0.22663833333333333
233547,0.24719166666666664
233548,0.2791883333333333
233549,0.31553
233550,0.3605775
233551,0.4070525
233552,0.4527408333333333
233553,0.49742833333333336
233554,0.5417258333333332
233555,0.5887425000000001
233556,0.6299358333333333
233557,0.6637741666666666
233558,0.690595
233559,0.7046783333333333
233560,0.7205266666666666
233561,0.7285416666666666
233562,0.7332966666666667
233563,0.7338100000000001
233564,0.7321725
233565,0.7274550000000001
233566,0.7204741666666667
233567,0.7111058333333333
233568,0.7143975
233569,0.717765
233570,0.7162808333333334
233571,0.7166758333333334
233572,0.7161233333333333
233573,0.7148316666666668
233574,0.7152200000000001
233575,0.7171583333333333
233576,0.7233
233577,0.7238624999999999
233578,0.7202691666666666
233579,0.7170416666666667
233580,0.7146358333333335
233581,0.7107708333333334
233582,0.7109716666666667
233583,0.6957616666666667
233584,0.6772441666666666
233585,0.6664224999999999
233586,0.6422833333333333
233587,0.6170749999999999
233588,0.5974675
233589,0.5822458333333334
233590,0.5688058333333335
233591,0.5568441666666666
233592,0.5508508333333333
233593,0.55415
233594,0.5588641666666666
233595,0.5560408333333334
233596,0.5534208333333334
233597,0.5490458333333332
233598,0.5467650000000001
233599,0.54645
233600,0.5447866666666666
233601,0.5579783333333334
233602,0.5739675
233603,0.5898858333333333
233604,0.5931275
233605,0.5953083333333333
233606,0.5949383333333333
233607,0.5894383333333334
233608,0.5798791666666666
233609,0.5600416666666667
233610,0.5479625
233611,0.53415
233612,0.5201208333333333
233613,0.504765
233614,0.48443833333333336
233615,0.45692000000000005
233616,0.42967833333333333
233617,0.40403999999999995
233618,0.3723425
233619,0.3524641666666667
233620,0.35337250000000003
233621,0.3575716666666667
233622,0.36262083333333334
233623,0.3662658333333333
233624,0.37808833333333336
233625,0.39392416666666663
233626,0.4193475
233627,0.44494333333333336
233628,0.4699258333333333
233629,0.4925733333333333
233630,0.5181308333333333
233631,0.5390025
233632,0.553735
233633,0.5705366666666667
233634,0.5835408333333334
233635,0.5775950000000001
233636,0.5667349999999999
233637,0.5605308333333333
233638,0.5491016666666667
233639,0.5382216666666667
233640,0.5234608333333334
233641,0.5011958333333333
233642,0.47503999999999996
233643,0.4468341666666667
233644,0.4296125
233645,0.4051241666666667
233646,0.38488249999999996
233647,0.37439083333333334
233648,0.3690358333333333
233649,0.36851666666666666
233650,0.36543416666666667
233651,0.3741225
233652,0.38141583333333334
233653,0.40003833333333333
233654,0.4207941666666667
233655,0.4430283333333333
233656,0.46650583333333334
233657,0.49009
233658,0.5122558333333332
233659,0.5238508333333333
233660,0.5402716666666667
233661,0.5558591666666667
233662,0.5665925
233663,0.5744816666666667
233664,0.5832766666666667
233665,0.5956658333333333
233666,0.6053858333333334
233667,0.6121716666666667
233668,0.6140716666666667
233669,0.6153566666666667
233670,0.6041616666666667
233671,0.5894475
233672,0.5801866666666666
233673,0.5739516666666666
233674,0.5729516666666666
233675,0.5758825000000001
233676,0.5763408333333333
233677,0.5731533333333333
233678,0.5619708333333333
233679,0.5490041666666666
233680,0.5348041666666666
233681,0.5166916666666667
233682,0.49945416666666664
233683,0.48723249999999996
233684,0.4744308333333333
233685,0.4757175
233686,0.4857108333333333
233687,0.492625
233688,0.4976266666666667
233689,0.4896683333333333
233690,0.4797133333333334
233691,0.47384249999999994
233692,0.4742441666666667
233693,0.4813183333333333
233694,0.48356750000000004
233695,0.48341
233696,0.4861325
233697,0.48608583333333333
233698,0.4801791666666667
233699,0.4824716666666667
233700,0.47734916666666666
233701,0.4657325
233702,0.4528416666666667
233703,0.43188333333333334
233704,0.4256558333333334
233705,0.41484916666666666
233706,0.39855166666666675
233707,0.38122
233708,0.36846666666666666
233709,0.3588791666666667
233710,0.353345
233711,0.34482416666666665
233712,0.3394608333333334
233713,0.33699666666666667
233714,0.3228183333333333
233715,0.3086258333333333
233716,0.29179333333333335
233717,0.276425
233718,0.2721766666666667
233719,0.26548666666666665
233720,0.26458
233721,0.2674566666666667
233722,0.26967416666666666
233723,0.272345
233724,0.2769141666666667
233725,0.2800008333333333
233726,0.2827558333333334
233727,0.28342416666666664
233728,0.2785058333333333
233729,0.27728
233730,0.28308666666666665
233731,0.3003075
233732,0.3359541666666666
233733,0.371555
233734,0.4111358333333333
233735,0.45195250000000003
233736,0.49166000000000004
233737,0.5292866666666666
233738,0.564935
233739,0.5999191666666666
233740,0.6226425
233741,0.6492908333333334
233742,0.6781416666666666
233743,0.7104625000000001
233744,0.7416066666666666
233745,0.7687741666666668
233746,0.785935
233747,0.7877133333333333
233748,0.7873441666666667
233749,0.7843983333333334
233750,0.7727649999999999
233751,0.7617433333333334
233752,0.7563908333333333
233753,0.7486466666666668
233754,0.7366716666666667
233755,0.7345033333333333
233756,0.7278516666666666
233757,0.7095400000000001
233758,0.6854358333333332
233759,0.65591
233760,0.6249558333333333
233761,0.5942500000000001
233762,0.56043
233763,0.529715
233764,0.49776000000000004
233765,0.4781175
233766,0.4546241666666667
233767,0.4307825
233768,0.40789749999999997
233769,0.38404333333333335
233770,0.3610433333333333
233771,0.335085
233772,0.31980749999999997
233773,0.3079033333333333
233774,0.30383083333333333
233775,0.29372166666666666
233776,0.28649583333333334
233777,0.27972
233778,0.2733541666666667
233779,0.272155
233780,0.26949166666666663
233781,0.26825666666666664
233782,0.257295
233783,0.2491741666666667
233784,0.2517633333333334
233785,0.253225
233786,0.2526975
233787,0.256085
233788,0.27028916666666664
233789,0.2798716666666667
233790,0.29522
233791,0.30971916666666666
233792,0.3156891666666667
233793,0.3131683333333333
233794,0.3075733333333333
233795,0.2970725
233796,0.29259083333333336
233797,0.2899583333333334
233798,0.28603333333333336
233799,0.2720966666666667
233800,0.25750333333333336
233801,0.24363916666666668
233802,0.22744083333333334
233803,0.20476583333333334
233804,0.184115
233805,0.16356333333333334
233806,0.14195000000000002
233807,0.1324641666666667
233808,0.12872
233809,0.12516416666666666
233810,0.1246575
233811,0.1172125
233812,0.12032250000000001
233813,0.12327333333333333
233814,0.1292925
233815,0.13381083333333335
233816,0.14460749999999997
233817,0.16066083333333334
233818,0.17559000000000002
233819,0.1896725
233820,0.20879499999999998
233821,0.2237425
233822,0.23248083333333333
233823,0.24641416666666668
233824,0.2656925
233825,0.28432083333333336
233826,0.30971166666666666
233827,0.3335383333333333
233828,0.3606458333333334
233829,0.3893358333333333
233830,0.41805000000000003
233831,0.45522083333333335
233832,0.4840466666666667
233833,0.508305
233834,0.5341191666666667
233835,0.5484074999999999
233836,0.5680766666666667
233837,0.5894441666666667
233838,0.6080858333333334
233839,0.6292008333333334
233840,0.6503991666666666
233841,0.6646375
233842,0.6648733333333333
233843,0.6618883333333334
233844,0.6624083333333334
233845,0.6652483333333333
233846,0.6611558333333334
233847,0.6613116666666666
233848,0.6651675
233849,0.6683
233850,0.6714208333333332
233851,0.6680833333333333
233852,0.6658941666666666
233853,0.6589991666666667
233854,0.6515091666666666
233855,0.6478608333333333
233856,0.6524983333333334
233857,0.6671158333333334
233858,0.6782666666666667
233859,0.6832066666666666
233860,0.682685
233861,0.6742775000000001
233862,0.6633
233863,0.6477216666666668
233864,0.6326800000000001
233865,0.6274333333333334
233866,0.6228308333333333
233867,0.6244999999999999
233868,0.6308083333333333
233869,0.6283391666666667
233870,0.61986
233871,0.6057266666666666
233872,0.5952558333333333
233873,0.5864991666666667
233874,0.5776858333333333
233875,0.57612
233876,0.5791499999999999
233877,0.5822191666666666
233878,0.5875549999999999
233879,0.5942191666666666
233880,0.5969383333333333
233881,0.59451
233882,0.5894291666666668
233883,0.5827924999999999
233884,0.5816033333333333
233885,0.5785325
233886,0.5766025
233887,0.5654633333333333
233888,0.5578466666666667
233889,0.5492933333333333
233890,0.53768
233891,0.5309108333333333
233892,0.527325
233893,0.5279766666666666
233894,0.5273716666666667
233895,0.5249933333333333
233896,0.5330575000000001
233897,0.5339950000000001
233898,0.537925
233899,0.5414058333333334
233900,0.5470841666666667
233901,0.5557891666666667
233902,0.5691808333333334
233903,0.5735816666666665
233904,0.5753891666666667
233905,0.5764416666666666
233906,0.5688325
233907,0.5522725
233908,0.5302033333333334
233909,0.5065766666666666
233910,0.4858525
233911,0.4628808333333333
233912,0.44293750000000004
233913,0.40880833333333333
233914,0.3712341666666667
233915,0.334745
233916,0.29660166666666665
233917,0.26132416666666664
233918,0.2350825
233919,0.21553333333333333
233920,0.19736
233921,0.17928750000000002
233922,0.16543833333333333
233923,0.15754416666666665
233924,0.15648333333333334
233925,0.14693499999999998
233926,0.14805249999999998
233927,0.15931499999999998
233928,0.18447333333333332
233929,0.21602249999999998
233930,0.24608000000000002
233931,0.27089583333333334
233932,0.2937883333333333
233933,0.3122158333333333
233934,0.3280975
233935,0.3558108333333333
233936,0.3844833333333334
233937,0.41293749999999996
233938,0.43987
233939,0.46575916666666667
233940,0.5030341666666668
233941,0.5330266666666666
233942,0.5556541666666667
233943,0.5760525
233944,0.5920333333333333
233945,0.6128475000000001
233946,0.6365608333333334
233947,0.6625975000000001
233948,0.6902225000000001
233949,0.7195633333333333
233950,0.737105
233951,0.7559566666666666
233952,0.7751783333333333
233953,0.7941391666666667
233954,0.8060925000000001
233955,0.8174391666666667
233956,0.8233108333333333
233957,0.8270116666666668
233958,0.8294374999999999
233959,0.8302166666666667
233960,0.82802
233961,0.8266541666666668
233962,0.8210716666666666
233963,0.8160491666666666
233964,0.81225
233965,0.8130474999999999
233966,0.8122483333333333
233967,0.8142316666666666
233968,0.8124683333333333
233969,0.8122616666666665
233970,0.80767
233971,0.8077975000000001
233972,0.8045866666666667
233973,0.8018825
233974,0.7942508333333332
233975,0.7879625
233976,0.7713666666666666
233977,0.7564291666666667
233978,0.7456783333333333
233979,0.7312425
233980,0.7090016666666668
233981,0.6692041666666666
233982,0.6360883333333334
233983,0.6026733333333333
233984,0.5766866666666668
233985,0.553275
233986,0.5324091666666667
233987,0.5159125
233988,0.5011225
233989,0.49061916666666666
233990,0.4874725
233991,0.49642583333333334
233992,0.5032533333333333
233993,0.5084500000000001
233994,0.5133833333333333
233995,0.5193541666666667
233996,0.5451008333333333
233997,0.5548866666666666
233998,0.5683441666666667
233999,0.57984
234000,0.5926766666666665
234001,0.5972649999999999
234002,0.618175
234003,0.6312425
234004,0.6469516666666666
234005,0.6547575
234006,0.6662825
234007,0.6779725
234008,0.6859316666666667
234009,0.6993708333333333
234010,0.717
234011,0.7314541666666666
234012,0.7525141666666666
234013,0.7701399999999999
234014,0.78223
234015,0.7894225000000001
234016,0.7889058333333333
234017,0.7646708333333334
234018,0.7441133333333333
234019,0.7175999999999999
234020,0.6858225000000001
234021,0.6451349999999999
234022,0.6044091666666667
234023,0.560005
234024,0.5117966666666667
234025,0.4650766666666667
234026,0.4231225
234027,0.38588083333333334
234028,0.35480416666666664
234029,0.3186158333333333
234030,0.3026375
234031,0.2961708333333333
234032,0.2956958333333334
234033,0.29926
234034,0.304045
234035,0.3179733333333334
234036,0.33408166666666667
234037,0.35048583333333333
234038,0.3684825
234039,0.38817333333333337
234040,0.4053858333333333
234041,0.4180783333333334
234042,0.43387499999999996
234043,0.4413341666666667
234044,0.4597925
234045,0.46376500000000004
234046,0.4719641666666667
234047,0.48152833333333334
234048,0.490035
234049,0.5014633333333334
234050,0.5094141666666666
234051,0.5161308333333333
234052,0.5317958333333334
234053,0.55614
234054,0.5796749999999999
234055,0.6079883333333334
234056,0.6425466666666666
234057,0.6726425
234058,0.70796
234059,0.7383025
234060,0.7668283333333332
234061,0.7941525000000001
234062,0.8212633333333333
234063,0.8481525
234064,0.874365
234065,0.8987066666666668
234066,0.9225883333333333
234067,0.9393741666666667
234068,0.9501033333333333
234069,0.960445
234070,0.9655783333333333
234071,0.9674208333333334
234072,0.9687233333333334
234073,0.9695725
234074,0.9702533333333333
234075,0.9713083333333333
234076,0.9722675
234077,0.9725516666666666
234078,0.9724558333333333
234079,0.9716116666666667
234080,0.9710533333333333
234081,0.97148
234082,0.970765
234083,0.9661816666666667
234084,0.9596225
234085,0.95436
234086,0.9468825
234087,0.9378808333333333
234088,0.9299066666666668
234089,0.9209675
234090,0.9118483333333334
234091,0.9062775
234092,0.9019975
234093,0.8954574999999999
234094,0.8891950000000001
234095,0.8822558333333334
234096,0.8741091666666666
234097,0.867865
234098,0.8673958333333334
234099,0.8707958333333334
234100,0.8733875
234101,0.8775675
234102,0.8821150000000001
234103,0.8843316666666666
234104,0.8536525
234105,0.8251775
234106,0.7891066666666667
234107,0.7503183333333333
234108,0.7234058333333333
234109,0.6933033333333333
234110,0.6619175
234111,0.6311125000000001
234112,0.5938033333333333
234113,0.5520674999999999
234114,0.5133158333333333
234115,0.46643749999999995
234116,0.4172958333333333
234117,0.3725266666666667
234118,0.31944
234119,0.30154666666666663
234120,0.28389000000000003
234121,0.2684658333333333
234122,0.2545691666666666
234123,0.23137166666666667
234124,0.20818916666666668
234125,0.1863216666666667
234126,0.16356166666666666
234127,0.14679
234128,0.13450166666666666
234129,0.12247500000000001
234130,0.12014583333333334
234131,0.12200833333333333
234132,0.11698916666666667
234133,0.11723750000000001
234134,0.11535166666666669
234135,0.1151475
234136,0.11539250000000001
234137,0.11648083333333333
234138,0.11943166666666667
234139,0.12828083333333334
234140,0.13474416666666666
234141,0.14395916666666667
234142,0.15036666666666665
234143,0.15930666666666665
234144,0.16156083333333332
234145,0.1647391666666667
234146,0.1604108333333333
234147,0.1642175
234148,0.16950083333333332
234149,0.17722083333333333
234150,0.19857666666666668
234151,0.21146833333333334
234152,0.21314666666666668
234153,0.21197583333333334
234154,0.22838499999999998
234155,0.22826000000000002
234156,0.22004
234157,0.21424833333333335
234158,0.2026225
234159,0.19288166666666665
234160,0.17931083333333334
234161,0.17142083333333336
234162,0.15865
234163,0.14948666666666668
234164,0.13976083333333333
234165,0.11241
234166,0.09491416666666667
234167,0.08681833333333334
234168,0.08016833333333334
234169,0.055642500000000004
234170,0.05374500000000001
234171,0.06037083333333334
234172,0.06850416666666666
234173,0.08219583333333333
234174,0.0892
234175,0.09977333333333332
234176,0.10973833333333333
234177,0.11781833333333334
234178,0.1308625
234179,0.1441225
234180,0.16112083333333335
234181,0.18024833333333332
234182,0.20116833333333334
234183,0.22292416666666667
234184,0.24341666666666667
234185,0.2608841666666667
234186,0.28624083333333333
234187,0.31357999999999997
234188,0.34381500000000004
234189,0.3801233333333333
234190,0.41733333333333333
234191,0.44889083333333335
234192,0.4809583333333334
234193,0.5073608333333334
234194,0.5247658333333334
234195,0.5334599999999999
234196,0.5412233333333333
234197,0.5466125000000001
234198,0.5499575
234199,0.5565991666666666
234200,0.5615816666666668
234201,0.5608291666666666
234202,0.5540916666666666
234203,0.5436675
234204,0.5366008333333333
234205,0.5299191666666666
234206,0.5319183333333333
234207,0.5294658333333334
234208,0.5278308333333334
234209,0.5348341666666666
234210,0.5475866666666666
234211,0.5576475
234212,0.5702158333333334
234213,0.5882000000000001
234214,0.6025033333333333
234215,0.6199191666666667
234216,0.6333300000000001
234217,0.6529608333333333
234218,0.66862
234219,0.6730525
234220,0.6721050000000001
234221,0.6714866666666667
234222,0.6778533333333334
234223,0.6832183333333333
234224,0.6870075
234225,0.6892891666666666
234226,0.6916741666666667
234227,0.691695
234228,0.6838925
234229,0.66954
234230,0.6502416666666666
234231,0.6277241666666667
234232,0.6026225
234233,0.5733533333333334
234234,0.5528691666666666
234235,0.5400608333333333
234236,0.5258183333333333
234237,0.5005983333333334
234238,0.4792358333333333
234239,0.45486
234240,0.43012750000000005
234241,0.4098158333333333
234242,0.39390166666666665
234243,0.3875425
234244,0.4040883333333333
234245,0.42293749999999997
234246,0.45202749999999997
234247,0.47408249999999996
234248,0.5004633333333334
234249,0.5282008333333333
234250,0.5513991666666667
234251,0.57095
234252,0.6034391666666666
234253,0.62556
234254,0.641675
234255,0.6651433333333333
234256,0.6844025000000001
234257,0.699105
234258,0.7031574999999999
234259,0.6948533333333333
234260,0.6808558333333334
234261,0.6628675
234262,0.6493158333333333
234263,0.6379108333333333
234264,0.6196633333333333
234265,0.5992225
234266,0.5820758333333333
234267,0.5623833333333333
234268,0.5487708333333333
234269,0.5453833333333333
234270,0.5314375000000001
234271,0.5124708333333333
234272,0.49544000000000005
234273,0.47934750000000004
234274,0.45654500000000003
234275,0.4370941666666667
234276,0.4115358333333334
234277,0.3882058333333333
234278,0.36464083333333336
234279,0.3504641666666667
234280,0.33215500000000003
234281,0.3087066666666667
234282,0.28113916666666666
234283,0.2535658333333333
234284,0.2238875
234285,0.19720333333333334
234286,0.17829916666666668
234287,0.15648333333333336
234288,0.13814
234289,0.12227916666666666
234290,0.10959583333333334
234291,0.10120666666666667
234292,0.09179916666666667
234293,0.08123916666666668
234294,0.0710475
234295,0.06301083333333334
234296,0.05978333333333333
234297,0.06494916666666667
234298,0.07348583333333332
234299,0.08525583333333334
234300,0.10349666666666667
234301,0.12304333333333334
234302,0.14503916666666666
234303,0.15487083333333332
234304,0.1627875
234305,0.171025
234306,0.17800666666666667
234307,0.18648583333333332
234308,0.19460083333333333
234309,0.199755
234310,0.2105233333333333
234311,0.22406333333333334
234312,0.23791416666666665
234313,0.25688833333333333
234314,0.266395
234315,0.26606416666666666
234316,0.2680441666666667
234317,0.2781383333333334
234318,0.28526250000000003
234319,0.29261916666666665
234320,0.29187250000000003
234321,0.2903208333333333
234322,0.28727500000000006
234323,0.2812041666666667
234324,0.274005
234325,0.26325333333333334
234326,0.24963916666666666
234327,0.2303366666666667
234328,0.20313083333333334
234329,0.1828475
234330,0.16701500000000002
234331,0.1466275
234332,0.122335
234333,0.11492583333333334
234334,0.11127333333333334
234335,0.11538583333333334
234336,0.12006333333333334
234337,0.12744666666666665
234338,0.13835166666666668
234339,0.15008833333333332
234340,0.16196666666666668
234341,0.17994166666666667
234342,0.20022500000000001
234343,0.21480666666666665
234344,0.23283416666666668
234345,0.2517925
234346,0.2772675
234347,0.30014416666666666
234348,0.3193925
234349,0.33608333333333335
234350,0.3551675
234351,0.37528000000000006
234352,0.39422
234353,0.41135249999999995
234354,0.42628000000000005
234355,0.4379008333333333
234356,0.44135166666666664
234357,0.43674583333333333
234358,0.4336925
234359,0.4255625
234360,0.4144975
234361,0.39586
234362,0.37044750000000004
234363,0.34648166666666663
234364,0.3238166666666667
234365,0.3034233333333333
234366,0.280545
234367,0.259365
234368,0.24643416666666668
234369,0.235795
234370,0.22357333333333335
234371,0.21698583333333332
234372,0.22114833333333334
234373,0.23813916666666665
234374,0.2611475
234375,0.2811458333333333
234376,0.30580416666666665
234377,0.3370366666666667
234378,0.36566
234379,0.3971916666666667
234380,0.4290191666666667
234381,0.4634275
234382,0.48963416666666665
234383,0.5027375
234384,0.5135316666666666
234385,0.5220241666666666
234386,0.52469
234387,0.5191925000000001
234388,0.5083766666666666
234389,0.5003008333333334
234390,0.49844000000000005
234391,0.48891249999999997
234392,0.4744966666666667
234393,0.46576416666666665
234394,0.4467716666666667
234395,0.4254408333333333
234396,0.40206583333333334
234397,0.38381000000000004
234398,0.36444916666666666
234399,0.35016583333333334
234400,0.34148249999999997
234401,0.3390983333333333
234402,0.3406166666666666
234403,0.34042916666666667
234404,0.3336233333333333
234405,0.32639916666666663
234406,0.31964833333333337
234407,0.31749083333333333
234408,0.3215925
234409,0.3317866666666667
234410,0.337575
234411,0.34169666666666665
234412,0.347295
234413,0.364755
234414,0.38507833333333336
234415,0.40729750000000003
234416,0.4286433333333334
234417,0.44848583333333336
234418,0.4669858333333333
234419,0.4870733333333333
234420,0.5126066666666667
234421,0.5425158333333333
234422,0.5648666666666667
234423,0.5800175000000001
234424,0.5931866666666666
234425,0.6077658333333333
234426,0.6268266666666666
234427,0.6424000000000001
234428,0.6492433333333334
234429,0.6457008333333333
234430,0.6458166666666667
234431,0.6336358333333333
234432,0.6237375000000001
234433,0.6132541666666668
234434,0.5952933333333335
234435,0.5643008333333335
234436,0.5246841666666666
234437,0.49644916666666666
234438,0.46590333333333334
234439,0.43908916666666664
234440,0.4158683333333333
234441,0.392735
234442,0.36589999999999995
234443,0.33827583333333333
234444,0.31298833333333337
234445,0.2833541666666667
234446,0.2589283333333333
234447,0.23323833333333335
234448,0.2080483333333333
234449,0.19453666666666666
234450,0.18907000000000002
234451,0.19529
234452,0.19233333333333333
234453,0.1908525
234454,0.18670583333333332
234455,0.175675
234456,0.1636891666666667
234457,0.1551825
234458,0.15439833333333333
234459,0.15861916666666667
234460,0.16430666666666668
234461,0.17883
234462,0.19521416666666666
234463,0.21423
234464,0.23171833333333333
234465,0.24509833333333333
234466,0.2642683333333333
234467,0.28433583333333334
234468,0.30985833333333335
234469,0.3373583333333333
234470,0.3687708333333333
234471,0.39866749999999995
234472,0.4336016666666666
234473,0.469125
234474,0.5045283333333334
234475,0.5376266666666666
234476,0.5645375
234477,0.5863475
234478,0.6059191666666667
234479,0.6204616666666667
234480,0.6336791666666667
234481,0.6371
234482,0.6487683333333333
234483,0.6525741666666666
234484,0.6483199999999999
234485,0.6363949999999999
234486,0.6285091666666667
234487,0.620925
234488,0.6063816666666667
234489,0.5805416666666667
234490,0.5527133333333333
234491,0.5126000000000001
234492,0.47923583333333336
234493,0.44323999999999997
234494,0.4130775
234495,0.3917525
234496,0.3728675
234497,0.35242583333333327
234498,0.3305491666666666
234499,0.314935
234500,0.30557999999999996
234501,0.299615
234502,0.27876666666666666
234503,0.25932499999999997
234504,0.24692666666666666
234505,0.23847333333333331
234506,0.24347416666666666
234507,0.25999916666666667
234508,0.2700666666666667
234509,0.27775083333333334
234510,0.2827966666666667
234511,0.28227166666666664
234512,0.2732466666666667
234513,0.2669408333333333
234514,0.25722833333333334
234515,0.2579533333333333
234516,0.256745
234517,0.2624191666666667
234518,0.27986916666666667
234519,0.3007991666666667
234520,0.33130249999999994
234521,0.3619116666666667
234522,0.3841508333333333
234523,0.4176741666666667
234524,0.45555249999999997
234525,0.4880316666666667
234526,0.5281366666666666
234527,0.5729866666666668
234528,0.61626
234529,0.6630558333333333
234530,0.7030783333333334
234531,0.7377958333333333
234532,0.7782266666666667
234533,0.8089274999999999
234534,0.8368641666666666
234535,0.8517933333333333
234536,0.8650033333333333
234537,0.8650533333333333
234538,0.8590383333333332
234539,0.84406
234540,0.8276958333333333
234541,0.8108225
234542,0.7836449999999999
234543,0.7512916666666667
234544,0.7177341666666667
234545,0.6819425
234546,0.64574
234547,0.6056333333333334
234548,0.5639808333333334
234549,0.5183475000000001
234550,0.4767666666666666
234551,0.4378708333333333
234552,0.4031975
234553,0.37586
234554,0.3497416666666667
234555,0.33181999999999995
234556,0.31210583333333336
234557,0.30360250000000005
234558,0.3047275
234559,0.30563750000000006
234560,0.326555
234561,0.3493016666666666
234562,0.385145
234563,0.4208591666666667
234564,0.4592675
234565,0.49641666666666673
234566,0.534535
234567,0.5737541666666667
234568,0.6106091666666666
234569,0.6393766666666667
234570,0.6573100000000001
234571,0.6717700000000001
234572,0.6814291666666666
234573,0.6876058333333332
234574,0.6981125
234575,0.6909483333333334
234576,0.6773808333333334
234577,0.65344
234578,0.6303258333333334
234579,0.5988616666666666
234580,0.5658633333333333
234581,0.53459
234582,0.503975
234583,0.4723325
234584,0.44951749999999996
234585,0.44323750000000006
234586,0.4363433333333333
234587,0.4301875
234588,0.42519916666666663
234589,0.4153541666666667
234590,0.402215
234591,0.3950025
234592,0.380005
234593,0.3588441666666667
234594,0.34420416666666664
234595,0.33262916666666664
234596,0.31675166666666665
234597,0.30035833333333334
234598,0.2799258333333334
234599,0.2581833333333333
234600,0.22683749999999997
234601,0.19736916666666668
234602,0.17275916666666669
234603,0.14536166666666667
234604,0.12104166666666666
234605,0.09869499999999999
234606,0.07601916666666667
234607,0.06214583333333333
234608,0.05631
234609,0.05267583333333333
234610,0.0528225
234611,0.0526525
234612,0.05542416666666667
234613,0.0648375
234614,0.07356583333333333
234615,0.08059166666666667
234616,0.08848583333333335
234617,0.09116583333333333
234618,0.09989083333333332
234619,0.10935249999999999
234620,0.11967
234621,0.130025
234622,0.13800416666666668
234623,0.14448000000000003
234624,0.15489916666666664
234625,0.159645
234626,0.16804083333333333
234627,0.17510499999999998
234628,0.180395
234629,0.1962583333333333
234630,0.21005666666666667
234631,0.22332666666666665
234632,0.2331366666666667
234633,0.23462083333333333
234634,0.23575083333333335
234635,0.2415575
234636,0.24758416666666666
234637,0.2515466666666667
234638,0.2618075
234639,0.269425
234640,0.27515083333333334
234641,0.2775183333333333
234642,0.2780625
234643,0.27849666666666667
234644,0.2769666666666667
234645,0.284205
234646,0.2936108333333333
234647,0.31115583333333335
234648,0.3300208333333333
234649,0.3503
234650,0.35523583333333336
234651,0.36283249999999995
234652,0.37611833333333333
234653,0.3782366666666667
234654,0.3684766666666667
234655,0.36205999999999994
234656,0.35099250000000004
234657,0.34078166666666665
234658,0.33348249999999996
234659,0.31840500000000005
234660,0.299535
234661,0.27392500000000003
234662,0.24910083333333333
234663,0.232665
234664,0.21004666666666666
234665,0.205195
234666,0.20881833333333333
234667,0.21029583333333332
234668,0.215975
234669,0.23433
234670,0.25163166666666664
234671,0.27339916666666664
234672,0.2977141666666666
234673,0.32001416666666666
234674,0.3371325
234675,0.3555858333333334
234676,0.3679733333333334
234677,0.37915000000000004
234678,0.38842166666666667
234679,0.4003933333333333
234680,0.4040583333333333
234681,0.3978491666666667
234682,0.3851908333333333
234683,0.3733666666666666
234684,0.36255666666666664
234685,0.35192
234686,0.34240166666666666
234687,0.32882333333333336
234688,0.32131666666666664
234689,0.30998333333333333
234690,0.32222416666666664
234691,0.34539749999999997
234692,0.3691966666666667
234693,0.39100666666666667
234694,0.41083
234695,0.43761000000000005
234696,0.46429916666666665
234697,0.5018433333333333
234698,0.5377008333333334
234699,0.5792933333333334
234700,0.6187900000000001
234701,0.6574916666666667
234702,0.6972958333333333
234703,0.7266816666666667
234704,0.7674733333333333
234705,0.7857108333333334
234706,0.8028966666666667
234707,0.8190016666666667
234708,0.8349883333333333
234709,0.8552341666666667
234710,0.86931
234711,0.8842149999999999
234712,0.8953266666666667
234713,0.9091891666666668
234714,0.9150575
234715,0.9229474999999999
234716,0.9302866666666667
234717,0.9359575
234718,0.9441183333333333
234719,0.9518541666666668
234720,0.9567516666666667
234721,0.9612266666666667
234722,0.9646533333333333
234723,0.9665575
234724,0.964905
234725,0.9624558333333334
234726,0.9575225
234727,0.9529691666666668
234728,0.9434616666666665
234729,0.9346791666666666
234730,0.9284533333333334
234731,0.9248074999999999
234732,0.9228825
234733,0.9216175
234734,0.9183616666666665
234735,0.9141133333333333
234736,0.9085958333333333
234737,0.9020883333333333
234738,0.894225
234739,0.8858283333333332
234740,0.8735333333333333
234741,0.8604566666666665
234742,0.8495
234743,0.8392283333333334
234744,0.8237233333333334
234745,0.8008466666666667
234746,0.7861708333333334
234747,0.7740983333333333
234748,0.7607966666666666
234749,0.7432525000000001
234750,0.72465
234751,0.7041641666666667
234752,0.6841716666666666
234753,0.6742983333333333
234754,0.6622616666666666
234755,0.6551533333333333
234756,0.6531675
234757,0.6459941666666666
234758,0.648925
234759,0.6558641666666667
234760,0.6636683333333333
234761,0.66084
234762,0.6623
234763,0.6609625
234764,0.6573224999999999
234765,0.6581341666666667
234766,0.6648925
234767,0.672685
234768,0.6709533333333333
234769,0.6751558333333333
234770,0.6815166666666667
234771,0.6858924999999999
234772,0.6921391666666666
234773,0.6879141666666667
234774,0.6792275
234775,0.6769933333333333
234776,0.6764816666666668
234777,0.672135
234778,0.6663783333333334
234779,0.6755291666666667
234780,0.6835391666666666
234781,0.6888241666666667
234782,0.6971658333333334
234783,0.7053025
234784,0.7132408333333334
234785,0.7128808333333334
234786,0.7089966666666666
234787,0.7059791666666667
234788,0.7035658333333333
234789,0.6793958333333333
234790,0.6543683333333334
234791,0.6218633333333333
234792,0.5832991666666666
234793,0.5532575000000001
234794,0.5227516666666666
234795,0.4941475
234796,0.464415
234797,0.4365691666666666
234798,0.40959833333333334
234799,0.3836491666666666
234800,0.3710091666666667
234801,0.3626533333333333
234802,0.3551275
234803,0.35277166666666665
234804,0.3697783333333334
234805,0.3907975
234806,0.4181108333333334
234807,0.4516208333333333
234808,0.4842325
234809,0.5183408333333334
234810,0.5519608333333333
234811,0.5888483333333333
234812,0.6236508333333333
234813,0.6595724999999999
234814,0.6951866666666666
234815,0.7201891666666665
234816,0.7406258333333332
234817,0.7606483333333334
234818,0.7789766666666667
234819,0.8050233333333333
234820,0.82713
234821,0.8474958333333333
234822,0.8646650000000001
234823,0.8788333333333334
234824,0.8846483333333334
234825,0.8884266666666666
234826,0.8915416666666667
234827,0.8912691666666668
234828,0.8896383333333334
234829,0.8794775
234830,0.8687333333333334
234831,0.8616458333333334
234832,0.8530458333333333
234833,0.8405841666666667
234834,0.82026
234835,0.8016458333333333
234836,0.783305
234837,0.7651266666666666
234838,0.7486525
234839,0.7361791666666666
234840,0.7201183333333334
234841,0.70554
234842,0.691585
234843,0.6784199999999999
234844,0.668625
234845,0.6675225
234846,0.6588808333333332
234847,0.6563300000000001
234848,0.659295
234849,0.6687341666666666
234850,0.6758466666666667
234851,0.6838833333333334
234852,0.6890458333333334
234853,0.6943816666666667
234854,0.6990966666666666
234855,0.7093166666666666
234856,0.7149458333333333
234857,0.7231866666666666
234858,0.7299425
234859,0.7412366666666667
234860,0.7458341666666667
234861,0.7561775000000001
234862,0.7618316666666666
234863,0.7683658333333334
234864,0.7727491666666667
234865,0.773275
234866,0.7741958333333334
234867,0.7844133333333333
234868,0.790165
234869,0.7960708333333334
234870,0.7982250000000001
234871,0.8037008333333334
234872,0.808315
234873,0.8154699999999999
234874,0.8228383333333333
234875,0.8320158333333333
234876,0.8422683333333333
234877,0.8508533333333334
234878,0.8572591666666667
234879,0.8669733333333334
234880,0.8797116666666667
234881,0.89232
234882,0.898595
234883,0.908035
234884,0.9141558333333333
234885,0.9201525
234886,0.9255858333333333
234887,0.9292066666666667
234888,0.9319616666666666
234889,0.9348633333333333
234890,0.9365166666666667
234891,0.9370233333333334
234892,0.9372841666666667
234893,0.9369741666666667
234894,0.9378958333333334
234895,0.9380516666666666
234896,0.9379525
234897,0.9382791666666667
234898,0.9374041666666666
234899,0.9365333333333333
234900,0.93795
234901,0.9388141666666666
234902,0.9393825
234903,0.9392324999999999
234904,0.9387500000000001
234905,0.9374833333333332
234906,0.9356899999999999
234907,0.9361808333333332
234908,0.9378533333333333
234909,0.9378416666666667
234910,0.9340858333333333
234911,0.9292508333333332
234912,0.92333
234913,0.9147183333333334
234914,0.9004816666666666
234915,0.8887966666666667
234916,0.8738591666666667
234917,0.855525
234918,0.8312725000000001
234919,0.8060741666666666
234920,0.7796058333333333
234921,0.7508441666666666
234922,0.7191616666666667
234923,0.6832625
234924,0.6491358333333335
234925,0.6142075000000001
234926,0.5705000000000001
234927,0.5241058333333333
234928,0.482565
234929,0.446415
234930,0.40749
234931,0.36576333333333333
234932,0.3271941666666667
234933,0.29420749999999996
234934,0.2616016666666667
234935,0.23366083333333332
234936,0.20656583333333334
234937,0.1804208333333333
234938,0.15778416666666667
234939,0.13259833333333332
234940,0.11190333333333333
234941,0.10127333333333334
234942,0.09441999999999999
234943,0.08623416666666667
234944,0.07793416666666667
234945,0.0705075
234946,0.06923166666666666
234947,0.06897083333333334
234948,0.07049
234949,0.07683083333333333
234950,0.08685666666666667
234951,0.10695249999999999
234952,0.1280808333333333
234953,0.15272083333333333
234954,0.183445
234955,0.21517
234956,0.24494583333333333
234957,0.2758066666666667
234958,0.3156133333333333
234959,0.35264166666666663
234960,0.39152833333333337
234961,0.4341324999999999
234962,0.4815383333333333
234963,0.5313508333333333
234964,0.5755583333333333
234965,0.6153925
234966,0.6483583333333333
234967,0.6814108333333333
234968,0.7082666666666667
234969,0.7303750000000001
234970,0.7514991666666667
234971,0.7701058333333333
234972,0.7909233333333334
234973,0.804285
234974,0.8217733333333334
234975,0.8321008333333334
234976,0.8407591666666666
234977,0.8440791666666666
234978,0.8450025
234979,0.8463416666666668
234980,0.8409566666666667
234981,0.8371091666666667
234982,0.8379674999999999
234983,0.8428175
234984,0.8442399999999999
234985,0.8420858333333333
234986,0.84273
234987,0.8347116666666666
234988,0.8259766666666667
234989,0.8172466666666666
234990,0.809925
234991,0.8096816666666666
234992,0.8082283333333334
234993,0.8041558333333333
234994,0.7963458333333333
234995,0.7974941666666666
234996,0.7939833333333334
234997,0.7870358333333335
234998,0.7792608333333334
234999,0.7749841666666667
235000,0.7746908333333333
235001,0.7767566666666668
235002,0.7846991666666666
235003,0.7914283333333334
235004,0.7982741666666667
235005,0.8083641666666667
235006,0.809565
235007,0.8103491666666667
235008,0.8130941666666668
235009,0.8205899999999999
235010,0.8235216666666667
235011,0.8282341666666666
235012,0.8300408333333333
235013,0.8304083333333333
235014,0.8258033333333332
235015,0.8228258333333334
235016,0.8208091666666667
235017,0.8190391666666667
235018,0.8206408333333334
235019,0.821135
235020,0.8181825
235021,0.8134291666666668
235022,0.8108875
235023,0.7650633333333334
235024,0.7152983333333334
235025,0.6656566666666667
235026,0.6156741666666667
235027,0.5645291666666666
235028,0.5134158333333333
235029,0.468565
235030,0.43247416666666666
235031,0.39767833333333336
235032,0.37614749999999997
235033,0.35849499999999995
235034,0.33864583333333337
235035,0.322195
235036,0.30874166666666675
235037,0.3022883333333333
235038,0.34268583333333336
235039,0.38797
235040,0.43057
235041,0.47718750000000004
235042,0.5278149999999999
235043,0.5713833333333334
235044,0.61258
235045,0.6446208333333333
235046,0.6720083333333334
235047,0.6804016666666667
235048,0.6740666666666666
235049,0.6821025
235050,0.692675
235051,0.703885
235052,0.7051433333333333
235053,0.7087883333333334
235054,0.7111991666666667
235055,0.6983358333333333
235056,0.6745583333333334
235057,0.6483383333333332
235058,0.6254516666666666
235059,0.5999491666666666
235060,0.5717433333333334
235061,0.5441591666666666
235062,0.5236883333333333
235063,0.5077008333333334
235064,0.4799841666666667
235065,0.45039916666666663
235066,0.4159291666666667
235067,0.38234666666666667
235068,0.3431783333333333
235069,0.3032233333333333
235070,0.2913883333333333
235071,0.2892941666666667
235072,0.28947833333333334
235073,0.2978475
235074,0.3160716666666667
235075,0.3331308333333334
235076,0.349665
235077,0.3609041666666667
235078,0.37412416666666665
235079,0.38903583333333336
235080,0.40182166666666663
235081,0.4150925
235082,0.43011916666666666
235083,0.4501975
235084,0.4685358333333333
235085,0.4810275
235086,0.4892466666666666
235087,0.49573999999999996
235088,0.4873366666666667
235089,0.47392166666666663
235090,0.4637691666666666
235091,0.4540225
235092,0.4486008333333333
235093,0.45062583333333334
235094,0.45146749999999997
235095,0.4661208333333333
235096,0.48518500000000003
235097,0.5020725
235098,0.5141583333333333
235099,0.5167383333333333
235100,0.513335
235101,0.51219
235102,0.5091791666666666
235103,0.5196783333333334
235104,0.5209108333333333
235105,0.5229733333333333
235106,0.5183500000000001
235107,0.5095183333333334
235108,0.49194333333333334
235109,0.4808058333333333
235110,0.45729416666666667
235111,0.4310941666666667
235112,0.4077775
235113,0.3826158333333334
235114,0.3731475
235115,0.3694858333333333
235116,0.3633633333333333
235117,0.36312083333333334
235118,0.3521675
235119,0.34988166666666665
235120,0.34508666666666665
235121,0.3489475
235122,0.3493108333333333
235123,0.3652666666666667
235124,0.373825
235125,0.3718116666666667
235126,0.36715583333333335
235127,0.362865
235128,0.36000916666666666
235129,0.35349166666666665
235130,0.34286583333333337
235131,0.33672083333333336
235132,0.32859166666666667
235133,0.32820916666666666
235134,0.32946833333333336
235135,0.3303825
235136,0.3316891666666667
235137,0.3348641666666667
235138,0.32194833333333334
235139,0.309915
235140,0.31047749999999996
235141,0.31414
235142,0.312075
235143,0.307555
235144,0.30413833333333334
235145,0.2977375
235146,0.296155
235147,0.2925541666666667
235148,0.2891766666666667
235149,0.28104666666666667
235150,0.27882583333333333
235151,0.27920833333333334
235152,0.289005
235153,0.30487333333333333
235154,0.31734500000000004
235155,0.32380250000000005
235156,0.33305
235157,0.34825333333333336
235158,0.3706983333333333
235159,0.3878466666666667
235160,0.4125591666666667
235161,0.4332475
235162,0.4486058333333333
235163,0.4655583333333333
235164,0.4843583333333334
235165,0.4981733333333333
235166,0.5106350000000001
235167,0.5170825
235168,0.5316433333333334
235169,0.5506891666666667
235170,0.5726591666666666
235171,0.5928950000000001
235172,0.6224475
235173,0.6464475000000001
235174,0.6738658333333334
235175,0.6978183333333333
235176,0.7203266666666667
235177,0.7484508333333333
235178,0.7757625
235179,0.8026683333333333
235180,0.8294316666666667
235181,0.8542741666666667
235182,0.8804958333333334
235183,0.89565
235184,0.9099383333333333
235185,0.924085
235186,0.9372883333333334
235187,0.9398099999999999
235188,0.9422366666666666
235189,0.9442733333333334
235190,0.9447633333333333
235191,0.94341
235192,0.9421700000000001
235193,0.941345
235194,0.9392525
235195,0.9350933333333333
235196,0.9243866666666667
235197,0.8692125
235198,0.8119975
235199,0.7537241666666666
235200,0.69473
235201,0.6356266666666668
235202,0.5765741666666667
235203,0.5201075000000001
235204,0.4644466666666667
235205,0.4138658333333334
235206,0.36329
235207,0.31719916666666664
235208,0.27433749999999996
235209,0.234705
235210,0.19910999999999998
235211,0.17329333333333335
235212,0.18883833333333333
235213,0.2074725
235214,0.23048166666666667
235215,0.255425
235216,0.2807983333333333
235217,0.30790416666666665
235218,0.3374116666666667
235219,0.3650408333333333
235220,0.3833841666666667
235221,0.40275333333333335
235222,0.41461
235223,0.421565
235224,0.4262783333333333
235225,0.42871833333333337
235226,0.42415916666666664
235227,0.42664833333333335
235228,0.4303858333333333
235229,0.4227633333333333
235230,0.41587583333333333
235231,0.4192216666666667
235232,0.43052000000000007
235233,0.4355158333333333
235234,0.4327608333333333
235235,0.4352216666666667
235236,0.4523041666666667
235237,0.472705
235238,0.48467000000000005
235239,0.49965916666666665
235240,0.5146599999999999
235241,0.5334558333333334
235242,0.5311724999999999
235243,0.5199316666666667
235244,0.5141041666666666
235245,0.5047375
235246,0.48489
235247,0.45801000000000003
235248,0.4298258333333333
235249,0.41313916666666667
235250,0.39556833333333336
235251,0.36330416666666665
235252,0.3327916666666667
235253,0.313015
235254,0.2941025
235255,0.27176833333333333
235256,0.24730166666666664
235257,0.22921833333333333
235258,0.22072333333333333
235259,0.21588
235260,0.21405583333333336
235261,0.21146666666666664
235262,0.20999833333333334
235263,0.2030608333333333
235264,0.19699750000000002
235265,0.18864916666666667
235266,0.1784633333333333
235267,0.16668416666666666
235268,0.15168583333333333
235269,0.1335275
235270,0.12038916666666667
235271,0.10712416666666666
235272,0.103175
235273,0.10165446428571427
235274,0.09742403846153845
235275,0.09068541666666667
235276,0.08341477272727273
235277,0.06911874999999999
235278,0.06572222222222221
235279,0.05689999999999999
235280,0.11576875
235281,0.1235263888888889
235282,0.12522
235283,0.12838068181818182
235284,0.13109791666666668
235285,0.14393076923076922
235286,0.16005714285714287
235287,0.17307583333333332
235288,0.18769166666666665
235289,0.2013725
235290,0.21404416666666667
235291,0.2257583333333333
235292,0.23218750000000002
235293,0.23803000000000002
235294,0.23961
235295,0.24061416666666666
235296,0.2401825
235297,0.24363333333333334
235298,0.244905
235299,0.2446025
235300,0.23603166666666667
235301,0.22101999999999997
235302,0.21407833333333334
235303,0.21214916666666667
235304,0.2098275
235305,0.2164
235306,0.22911666666666666
235307,0.24865
235308,0.26815833333333333
235309,0.2908633333333333
235310,0.3162016666666666
235311,0.3517033333333333
235312,0.3863775
235313,0.41862166666666667
235314,0.4532058333333333
235315,0.4821741666666667
235316,0.5141683333333333
235317,0.5291891666666667
235318,0.5448641666666667
235319,0.5628366666666668
235320,0.5790366666666668
235321,0.5923091666666667
235322,0.6068583333333333
235323,0.6196266666666668
235324,0.6336441666666667
235325,0.6454758333333334
235326,0.6541999999999999
235327,0.6601683333333332
235328,0.6699966666666666
235329,0.6820408333333334
235330,0.6947316666666666
235331,0.706465
235332,0.7295341666666667
235333,0.74968
235334,0.7668533333333333
235335,0.7797183333333333
235336,0.7930658333333334
235337,0.7964375
235338,0.7986599999999999
235339,0.8087891666666667
235340,0.8201791666666666
235341,0.8198333333333334
235342,0.8265525
235343,0.8308475000000001
235344,0.8329633333333333
235345,0.8382574999999999
235346,0.8431441666666667
235347,0.8448966666666666
235348,0.8474241666666666
235349,0.8465766666666668
235350,0.8487808333333333
235351,0.8508966666666666
235352,0.8546025
235353,0.8606733333333333
235354,0.8561033333333333
235355,0.8521308333333334
235356,0.8523666666666666
235357,0.8478241666666667
235358,0.8457891666666666
235359,0.8457875
235360,0.8429991666666667
235361,0.84127
235362,0.83721
235363,0.8337133333333334
235364,0.823555
235365,0.8148216666666667
235366,0.8066216666666667
235367,0.78106
235368,0.7731766666666666
235369,0.7668708333333334
235370,0.7593716666666667
235371,0.7541033333333333
235372,0.7473316666666666
235373,0.740395
235374,0.7407050000000001
235375,0.7447975
235376,0.7475116666666667
235377,0.7560908333333333
235378,0.7635883333333333
235379,0.7813441666666667
235380,0.7977133333333334
235381,0.8125975000000001
235382,0.8449316666666667
235383,0.8606383333333334
235384,0.8750241666666666
235385,0.8873975000000001
235386,0.8990383333333334
235387,0.9115933333333334
235388,0.92292
235389,0.9237841666666665
235390,0.9244816666666666
235391,0.9254583333333334
235392,0.92451
235393,0.9158483333333333
235394,0.9048116666666667
235395,0.8835716666666666
235396,0.8607600000000001
235397,0.8316641666666666
235398,0.8017299999999999
235399,0.777265
235400,0.7457349999999999
235401,0.7093225
235402,0.674435
235403,0.6449516666666667
235404,0.5986908333333333
235405,0.5532400000000001
235406,0.5100574999999999
235407,0.4678566666666667
235408,0.4420233333333333
235409,0.41230583333333326
235410,0.3873133333333333
235411,0.36321
235412,0.34519
235413,0.32499
235414,0.3047708333333333
235415,0.28844500000000006
235416,0.2746608333333333
235417,0.261805
235418,0.2591291666666667
235419,0.2726191666666667
235420,0.28230833333333333
235421,0.2879591666666667
235422,0.2941991666666667
235423,0.2933483333333334
235424,0.305485
235425,0.3266541666666667
235426,0.35481583333333333
235427,0.38443666666666665
235428,0.42203666666666667
235429,0.45781
235430,0.49471666666666664
235431,0.535945
235432,0.57894
235433,0.6095025
235434,0.6419125
235435,0.6768758333333333
235436,0.7122691666666667
235437,0.7486750000000001
235438,0.7835266666666667
235439,0.8124808333333333
235440,0.8377691666666667
235441,0.8556466666666667
235442,0.8726566666666666
235443,0.8855924999999999
235444,0.896035
235445,0.9086308333333334
235446,0.9195683333333334
235447,0.9280616666666667
235448,0.9343041666666667
235449,0.93969
235450,0.9452991666666666
235451,0.9523141666666667
235452,0.9567675
235453,0.9613358333333333
235454,0.96447
235455,0.9665366666666666
235456,0.96883
235457,0.969815
235458,0.9691983333333334
235459,0.96734
235460,0.9664016666666666
235461,0.9660291666666667
235462,0.9639533333333333
235463,0.9617975
235464,0.95873
235465,0.9557766666666667
235466,0.9516758333333333
235467,0.946835
235468,0.9427883333333333
235469,0.9393658333333333
235470,0.9372033333333333
235471,0.9342950000000001
235472,0.9327716666666668
235473,0.9317650000000001
235474,0.9306016666666667
235475,0.9273425000000001
235476,0.9260833333333333
235477,0.9253883333333334
235478,0.9248941666666667
235479,0.92613
235480,0.92732
235481,0.9274991666666668
235482,0.9285149999999999
235483,0.9285775
235484,0.9276991666666666
235485,0.9242158333333333
235486,0.91597
235487,0.909145
235488,0.891135
235489,0.8629733333333333
235490,0.83868
235491,0.8175074999999999
235492,0.7941641666666667
235493,0.771315
235494,0.7508091666666666
235495,0.7348549999999999
235496,0.7195408333333333
235497,0.6988175000000001
235498,0.6860891666666666
235499,0.6759916666666667
235500,0.6678625
235501,0.66687
235502,0.6640783333333334
235503,0.6705949999999999
235504,0.6881166666666666
235505,0.7009358333333334
235506,0.7000183333333333
235507,0.6989991666666667
235508,0.7001666666666666
235509,0.6925691666666667
235510,0.6705991666666667
235511,0.6452116666666666
235512,0.6238166666666667
235513,0.5878841666666668
235514,0.5493483333333333
235515,0.5087533333333333
235516,0.4634775
235517,0.4182025
235518,0.37818166666666664
235519,0.3370833333333333
235520,0.30575416666666666
235521,0.2870683333333333
235522,0.2713241666666667
235523,0.25472083333333334
235524,0.24315666666666666
235525,0.24117750000000002
235526,0.24457333333333334
235527,0.24455916666666663
235528,0.24469416666666668
235529,0.24596749999999998
235530,0.24707833333333334
235531,0.2631291666666667
235532,0.29437833333333335
235533,0.33026083333333334
235534,0.3671758333333333
235535,0.39687249999999996
235536,0.4245041666666667
235537,0.451665
235538,0.47806916666666666
235539,0.5112316666666666
235540,0.5463016666666667
235541,0.5817800000000001
235542,0.6223333333333333
235543,0.6700991666666666
235544,0.7155891666666666
235545,0.7620941666666667
235546,0.8016558333333332
235547,0.8181225
235548,0.823735
235549,0.8293058333333333
235550,0.8437608333333333
235551,0.8514116666666667
235552,0.8595891666666666
235553,0.8660975
235554,0.8672408333333333
235555,0.8713666666666667
235556,0.8751374999999999
235557,0.8752791666666667
235558,0.8763241666666667
235559,0.8805816666666666
235560,0.8844541666666665
235561,0.8857058333333333
235562,0.8940425
235563,0.89973
235564,0.8924558333333333
235565,0.8695158333333333
235566,0.8464716666666666
235567,0.8152533333333333
235568,0.7839516666666667
235569,0.7486966666666667
235570,0.70932
235571,0.67284
235572,0.6385183333333333
235573,0.6069683333333333
235574,0.5708875
235575,0.5336333333333333
235576,0.4913583333333333
235577,0.4446575
235578,0.3995375
235579,0.3701033333333334
235580,0.3455125
235581,0.32128083333333335
235582,0.3080758333333334
235583,0.2915025
235584,0.276905
235585,0.2654175
235586,0.24914
235587,0.23392833333333335
235588,0.21669833333333335
235589,0.20985249999999997
235590,0.1985875
235591,0.19497333333333336
235592,0.19074666666666665
235593,0.1859566666666667
235594,0.18112
235595,0.18124416666666668
235596,0.18462583333333335
235597,0.1823175
235598,0.19339916666666668
235599,0.2059325
235600,0.21803083333333334
235601,0.22887333333333335
235602,0.23904833333333333
235603,0.24838333333333332
235604,0.25111666666666665
235605,0.26535166666666665
235606,0.29235666666666665
235607,0.32287916666666666
235608,0.3601491666666667
235609,0.39576083333333334
235610,0.42226083333333336
235611,0.44299666666666665
235612,0.46829666666666664
235613,0.48533250000000006
235614,0.5103341666666666
235615,0.5287891666666666
235616,0.553315
235617,0.5813633333333333
235618,0.6054583333333333
235619,0.6309066666666666
235620,0.6514000000000001
235621,0.6517816666666667
235622,0.6362033333333332
235623,0.6200033333333334
235624,0.6048008333333335
235625,0.5965208333333333
235626,0.5975791666666666
235627,0.5932975
235628,0.5857225
235629,0.5734108333333333
235630,0.5612983333333333
235631,0.5443083333333333
235632,0.525165
235633,0.5075383333333333
235634,0.4913658333333333
235635,0.4704666666666667
235636,0.4484825
235637,0.4466333333333333
235638,0.44171333333333335
235639,0.44943000000000005
235640,0.4540216666666667
235641,0.46236916666666666
235642,0.4762416666666667
235643,0.4891391666666667
235644,0.4955475
235645,0.5073241666666667
235646,0.5191891666666666
235647,0.5283783333333333
235648,0.5378566666666666
235649,0.5419958333333333
235650,0.5519499999999999
235651,0.5683883333333333
235652,0.5861099999999999
235653,0.6080008333333334
235654,0.6144783333333332
235655,0.6168075000000001
235656,0.6091149999999999
235657,0.6009916666666667
235658,0.5960833333333334
235659,0.5953591666666667
235660,0.5943783333333333
235661,0.5965541666666667
235662,0.6026008333333334
235663,0.607915
235664,0.6204425
235665,0.6351683333333333
235666,0.6449766666666668
235667,0.6502458333333333
235668,0.6571741666666667
235669,0.6649066666666668
235670,0.679235
235671,0.6971491666666666
235672,0.7115233333333334
235673,0.7241908333333332
235674,0.7255958333333333
235675,0.7233466666666667
235676,0.7186633333333333
235677,0.7202083333333333
235678,0.7239574999999999
235679,0.7242658333333334
235680,0.7206058333333334
235681,0.71575
235682,0.7075758333333334
235683,0.69021
235684,0.6718558333333333
235685,0.6566458333333334
235686,0.6407
235687,0.6289441666666666
235688,0.61478
235689,0.6186024999999999
235690,0.6252383333333333
235691,0.6302
235692,0.6241316666666668
235693,0.6183233333333333
235694,0.609595
235695,0.60441
235696,0.6029816666666666
235697,0.6048608333333333
235698,0.612505
235699,0.6149016666666667
235700,0.6140225
235701,0.6116066666666666
235702,0.6035975
235703,0.5991433333333334
235704,0.5931233333333333
235705,0.5906825
235706,0.5816158333333334
235707,0.5779666666666666
235708,0.57531
235709,0.5627099999999999
235710,0.5452358333333333
235711,0.5349675
235712,0.5237508333333333
235713,0.5089975
235714,0.5013099999999999
235715,0.49546166666666663
235716,0.49794583333333337
235717,0.514265
235718,0.5270866666666667
235719,0.5276558333333333
235720,0.5270941666666666
235721,0.5376483333333334
235722,0.5465441666666667
235723,0.5546483333333333
235724,0.5768208333333333
235725,0.5996091666666667
235726,0.6134166666666666
235727,0.6313325
235728,0.6522491666666668
235729,0.672375
235730,0.6885175
235731,0.6972441666666666
235732,0.6943883333333333
235733,0.6969633333333334
235734,0.7005083333333334
235735,0.7011625
235736,0.6903341666666667
235737,0.6633533333333334
235738,0.6332249999999999
235739,0.6020533333333333
235740,0.5699233333333333
235741,0.5371991666666667
235742,0.5047716666666667
235743,0.4714241666666667
235744,0.43991583333333334
235745,0.4176475
235746,0.405465
235747,0.3976608333333333
235748,0.38496833333333336
235749,0.37379
235750,0.360465
235751,0.36206166666666667
235752,0.3765533333333334
235753,0.38578250000000003
235754,0.38895500000000005
235755,0.3999591666666667
235756,0.40921833333333335
235757,0.41700166666666666
235758,0.42455833333333337
235759,0.4312625
235760,0.4216908333333333
235761,0.40515833333333334
235762,0.38351083333333336
235763,0.36252416666666665
235764,0.34308416666666663
235765,0.32466249999999997
235766,0.29401916666666666
235767,0.2638175
235768,0.24096333333333333
235769,0.2222275
235770,0.19882833333333333
235771,0.1813958333333333
235772,0.16987750000000001
235773,0.15820166666666668
235774,0.14596749999999997
235775,0.1394258333333333
235776,0.13278333333333334
235777,0.13
235778,0.14024333333333333
235779,0.15174
235780,0.1642816666666667
235781,0.18792166666666668
235782,0.2149975
235783,0.24138
235784,0.2732475
235785,0.30216583333333336
235786,0.3216625
235787,0.33231249999999996
235788,0.3429583333333333
235789,0.35322250000000005
235790,0.3639575
235791,0.38052416666666666
235792,0.3915733333333334
235793,0.38943833333333333
235794,0.38797333333333334
235795,0.38611166666666663
235796,0.38533833333333334
235797,0.37400666666666665
235798,0.3613525
235799,0.33763499999999996
235800,0.31357416666666665
235801,0.3060425
235802,0.29785083333333334
235803,0.2934341666666667
235804,0.29688666666666663
235805,0.3025375
235806,0.30330999999999997
235807,0.3098683333333333
235808,0.31628
235809,0.32523416666666666
235810,0.3361008333333333
235811,0.33772833333333335
235812,0.3575658333333333
235813,0.37806416666666665
235814,0.4071241666666667
235815,0.4347991666666667
235816,0.43719
235817,0.44267500000000004
235818,0.4415791666666666
235819,0.4347058333333333
235820,0.426795
235821,0.4149716666666666
235822,0.39906
235823,0.387465
235824,0.3706333333333333
235825,0.35161583333333335
235826,0.3363333333333333
235827,0.31327916666666666
235828,0.28934999999999994
235829,0.2656091666666667
235830,0.24702583333333333
235831,0.23970166666666665
235832,0.233765
235833,0.23161500000000002
235834,0.22894416666666664
235835,0.22758583333333335
235836,0.22188916666666667
235837,0.21971083333333333
235838,0.21655833333333335
235839,0.21240916666666668
235840,0.20897583333333333
235841,0.2098141666666667
235842,0.21365083333333335
235843,0.22046083333333336
235844,0.222365
235845,0.2239016666666667
235846,0.23584166666666667
235847,0.2403325
235848,0.24510833333333334
235849,0.24976416666666668
235850,0.2608008333333333
235851,0.27137
235852,0.2774258333333333
235853,0.28796916666666666
235854,0.31227333333333335
235855,0.3378933333333333
235856,0.36332499999999995
235857,0.3846291666666667
235858,0.39777999999999997
235859,0.41163916666666667
235860,0.4244616666666667
235861,0.43199499999999996
235862,0.44179583333333333
235863,0.45952166666666666
235864,0.47791416666666664
235865,0.48193416666666666
235866,0.4900983333333333
235867,0.50018
235868,0.5053508333333333
235869,0.49993583333333336
235870,0.494645
235871,0.488905
235872,0.48475583333333333
235873,0.4798525
235874,0.47354416666666665
235875,0.47121416666666666
235876,0.4701491666666667
235877,0.4758791666666667
235878,0.4723325
235879,0.46321999999999997
235880,0.4647441666666667
235881,0.46339
235882,0.46169166666666667
235883,0.4578125
235884,0.4520958333333333
235885,0.43557166666666675
235886,0.41204166666666675
235887,0.3845791666666667
235888,0.3646608333333333
235889,0.34652333333333335
235890,0.3251800000000001
235891,0.3027275
235892,0.2776525
235893,0.25302083333333336
235894,0.2310525
235895,0.206305
235896,0.18809083333333332
235897,0.17175416666666665
235898,0.1564175
235899,0.14819416666666668
235900,0.15186583333333334
235901,0.1589391666666667
235902,0.1678875
235903,0.1799258333333333
235904,0.19691083333333334
235905,0.21113166666666666
235906,0.22344583333333334
235907,0.23647666666666664
235908,0.2518275
235909,0.26663166666666666
235910,0.28204
235911,0.30134416666666664
235912,0.32188666666666665
235913,0.34394749999999996
235914,0.3646516666666667
235915,0.3801191666666667
235916,0.3936425
235917,0.40816916666666664
235918,0.4231291666666666
235919,0.43816333333333335
235920,0.45217916666666663
235921,0.4595033333333333
235922,0.4556316666666666
235923,0.44858
235924,0.4368166666666667
235925,0.43291083333333336
235926,0.4247825
235927,0.41100666666666663
235928,0.39951000000000003
235929,0.38542
235930,0.3738841666666667
235931,0.36648416666666667
235932,0.35924666666666666
235933,0.3513283333333333
235934,0.3444475
235935,0.34214083333333334
235936,0.34972666666666663
235937,0.37576166666666666
235938,0.41024416666666663
235939,0.4493975
235940,0.4816758333333333
235941,0.5117283333333333
235942,0.5451383333333334
235943,0.5644216666666666
235944,0.5814441666666667
235945,0.5984808333333334
235946,0.6175058333333333
235947,0.6394216666666667
235948,0.6630591666666666
235949,0.6823133333333333
235950,0.6949891666666667
235951,0.7043133333333332
235952,0.7061775
235953,0.7008791666666667
235954,0.6953091666666666
235955,0.6848500000000001
235956,0.6839549999999999
235957,0.6806908333333334
235958,0.6873408333333334
235959,0.6941883333333333
235960,0.6980175000000001
235961,0.6933116666666667
235962,0.6862566666666666
235963,0.6728841666666666
235964,0.6620091666666668
235965,0.6552266666666667
235966,0.6465350000000001
235967,0.6383233333333334
235968,0.63308
235969,0.6341491666666667
235970,0.6325658333333333
235971,0.62055
235972,0.6061933333333334
235973,0.5965808333333332
235974,0.5776958333333334
235975,0.559375
235976,0.5512733333333333
235977,0.5383083333333333
235978,0.5310166666666666
235979,0.5215158333333333
235980,0.5105066666666667
235981,0.5032666666666666
235982,0.4945441666666667
235983,0.4835266666666666
235984,0.46440000000000003
235985,0.4538375
235986,0.4488633333333334
235987,0.4492808333333333
235988,0.43873333333333336
235989,0.4316975
235990,0.42713249999999997
235991,0.41434666666666664
235992,0.4042108333333333
235993,0.39346416666666667
235994,0.3845175
235995,0.38307166666666664
235996,0.39129083333333337
235997,0.4001183333333333
235998,0.4177166666666666
235999,0.44074166666666664
236000,0.4623983333333333
236001,0.4816466666666666
236002,0.5003191666666666
236003,0.52751
236004,0.5632400000000001
236005,0.6003333333333334
236006,0.6412091666666666
236007,0.6838233333333333
236008,0.72446
236009,0.7626233333333334
236010,0.7942058333333333
236011,0.8182283333333334
236012,0.8416866666666667
236013,0.8563116666666667
236014,0.8688958333333333
236015,0.8793974999999999
236016,0.8884858333333334
236017,0.8978508333333333
236018,0.906195
236019,0.9130366666666666
236020,0.9177816666666666
236021,0.9201300000000001
236022,0.9210575
236023,0.9213416666666667
236024,0.9193358333333332
236025,0.9199291666666666
236026,0.9178425
236027,0.9158766666666666
236028,0.9120825
236029,0.9079016666666667
236030,0.9050116666666667
236031,0.9006533333333333
236032,0.8951724999999999
236033,0.8899041666666666
236034,0.8843258333333334
236035,0.8798875
236036,0.8793333333333333
236037,0.8779241666666666
236038,0.8781433333333333
236039,0.8801475
236040,0.8814758333333333
236041,0.882895
236042,0.8853783333333334
236043,0.8900316666666667
236044,0.894295
236045,0.8987833333333334
236046,0.9043416666666666
236047,0.9095666666666667
236048,0.9138916666666667
236049,0.9183475
236050,0.9230916666666666
236051,0.9205433333333333
236052,0.9202766666666666
236053,0.9199666666666667
236054,0.9181491666666667
236055,0.9182016666666667
236056,0.9173125
236057,0.9163991666666667
236058,0.9152925
236059,0.9146866666666666
236060,0.913095
236061,0.9107858333333334
236062,0.9112899999999999
236063,0.9112791666666666
236064,0.9115566666666666
236065,0.9119325
236066,0.9157391666666667
236067,0.9195383333333333
236068,0.9212475
236069,0.9219916666666667
236070,0.9191558333333333
236071,0.9169891666666666
236072,0.9106183333333333
236073,0.9020983333333333
236074,0.8948758333333333
236075,0.8872391666666667
236076,0.8798975
236077,0.8693158333333333
236078,0.8601150000000001
236079,0.8498158333333333
236080,0.8410925
236081,0.8339033333333333
236082,0.8200900000000001
236083,0.8004966666666667
236084,0.785985
236085,0.7742758333333334
236086,0.7731741666666667
236087,0.7784125000000001
236088,0.7816741666666667
236089,0.7834983333333334
236090,0.7935608333333335
236091,0.804585
236092,0.8175508333333333
236093,0.8305466666666667
236094,0.8445433333333334
236095,0.8558208333333333
236096,0.8648558333333334
236097,0.8786708333333333
236098,0.8978541666666667
236099,0.90996
236100,0.9140824999999999
236101,0.8988858333333333
236102,0.8736691666666666
236103,0.8487491666666667
236104,0.8248941666666667
236105,0.7932216666666668
236106,0.7587416666666666
236107,0.7245858333333334
236108,0.6982058333333333
236109,0.6689183333333334
236110,0.639305
236111,0.6120258333333334
236112,0.5830033333333333
236113,0.5524175
236114,0.530585
236115,0.52154
236116,0.5232175
236117,0.53515
236118,0.5515683333333333
236119,0.5650166666666666
236120,0.5696541666666667
236121,0.5802841666666667
236122,0.5858966666666667
236123,0.5866466666666666
236124,0.5906374999999999
236125,0.5962841666666667
236126,0.60157
236127,0.611755
236128,0.6257533333333334
236129,0.6365599999999999
236130,0.6395991666666666
236131,0.63668
236132,0.6304225
236133,0.6214216666666666
236134,0.6157
236135,0.6212941666666666
236136,0.628475
236137,0.6432658333333332
236138,0.6588741666666666
236139,0.6745808333333334
236140,0.68965
236141,0.7047908333333334
236142,0.7218858333333333
236143,0.7349016666666668
236144,0.7457791666666667
236145,0.7544825000000001
236146,0.7668233333333333
236147,0.7786183333333334
236148,0.7936258333333334
236149,0.8084325
236150,0.8175841666666667
236151,0.8202599999999999
236152,0.8203158333333334
236153,0.8131608333333333
236154,0.8004475
236155,0.7870391666666666
236156,0.7742891666666668
236157,0.7516408333333333
236158,0.7291816666666666
236159,0.7077058333333334
236160,0.6877033333333333
236161,0.6667599999999999
236162,0.6455241666666666
236163,0.6186758333333332
236164,0.5860808333333334
236165,0.5583841666666667
236166,0.5330758333333334
236167,0.5116458333333334
236168,0.48947083333333335
236169,0.4671166666666666
236170,0.43964583333333335
236171,0.4104825
236172,0.3869491666666667
236173,0.37142583333333334
236174,0.35142833333333334
236175,0.3328466666666667
236176,0.31611666666666666
236177,0.2971766666666666
236178,0.2816516666666667
236179,0.2697191666666667
236180,0.2527775
236181,0.23567583333333336
236182,0.2125475
236183,0.19303416666666665
236184,0.17859583333333334
236185,0.172225
236186,0.16917833333333335
236187,0.17074833333333334
236188,0.166235
236189,0.1739183333333333
236190,0.18959083333333335
236191,0.20520333333333335
236192,0.22148166666666663
236193,0.23245833333333335
236194,0.233105
236195,0.23904499999999998
236196,0.24344
236197,0.2465933333333333
236198,0.25683833333333334
236199,0.275815
236200,0.2981616666666666
236201,0.315005
236202,0.3266433333333333
236203,0.33463500000000007
236204,0.3359641666666667
236205,0.3278525
236206,0.3143958333333333
236207,0.305905
236208,0.303455
236209,0.31113999999999997
236210,0.3166516666666667
236211,0.3257733333333333
236212,0.3334641666666667
236213,0.3357491666666667
236214,0.33451916666666665
236215,0.32097749999999997
236216,0.30680999999999997
236217,0.3004291666666667
236218,0.29745916666666666
236219,0.2897641666666667
236220,0.28924083333333334
236221,0.3037933333333333
236222,0.31479250000000003
236223,0.32631750000000004
236224,0.3329966666666666
236225,0.33730166666666667
236226,0.3415808333333334
236227,0.34854833333333335
236228,0.34760833333333335
236229,0.33959500000000004
236230,0.33469750000000004
236231,0.3506791666666667
236232,0.3387708333333333
236233,0.32565500000000003
236234,0.3163783333333333
236235,0.3064766666666667
236236,0.2801633333333333
236237,0.25526666666666664
236238,0.226985
236239,0.2032258333333333
236240,0.18341333333333332
236241,0.1588466666666667
236242,0.13567083333333332
236243,0.11929333333333332
236244,0.10492249999999999
236245,0.09351
236246,0.06482249999999999
236247,0.0565725
236248,0.050409999999999996
236249,0.043505
236250,0.034174166666666665
236251,0.0320475
236252,0.02941
236253,0.029899166666666668
236254,0.032314999999999997
236255,0.0350575
236256,0.04227416666666666
236257,0.0499925
236258,0.06588916666666667
236259,0.0934375
236260,0.12042583333333333
236261,0.15454500000000002
236262,0.19172666666666666
236263,0.2296725
236264,0.26511333333333337
236265,0.30532916666666665
236266,0.3598091666666667
236267,0.41537166666666664
236268,0.46920666666666666
236269,0.5254525
236270,0.5805425
236271,0.6342441666666667
236272,0.6888483333333333
236273,0.7352683333333334
236274,0.7702408333333334
236275,0.8072483333333333
236276,0.8367024999999999
236277,0.8638716666666666
236278,0.890025
236279,0.9177158333333334
236280,0.9390933333333333
236281,0.9469758333333333
236282,0.9537508333333332
236283,0.96117
236284,0.9655850000000001
236285,0.9707633333333334
236286,0.9746524999999999
236287,0.9772374999999999
236288,0.9799058333333334
236289,0.9816608333333333
236290,0.9817808333333333
236291,0.9647766666666667
236292,0.9450175000000001
236293,0.9221925
236294,0.8958983333333334
236295,0.8596941666666666
236296,0.8127808333333333
236297,0.7698575000000001
236298,0.7250374999999999
236299,0.6771874999999999
236300,0.6235641666666666
236301,0.5746141666666666
236302,0.5330866666666666
236303,0.49194750000000004
236304,0.4496
236305,0.41072166666666665
236306,0.3911808333333333
236307,0.37317
236308,0.3530083333333333
236309,0.33791999999999994
236310,0.33571333333333336
236311,0.34304583333333327
236312,0.34645333333333334
236313,0.3493808333333333
236314,0.3558583333333333
236315,0.368245
236316,0.39694583333333333
236317,0.42630416666666665
236318,0.4558733333333333
236319,0.48788666666666664
236320,0.5200716666666667
236321,0.54827
236322,0.5793583333333333
236323,0.6185841666666667
236324,0.6549033333333333
236325,0.6890766666666667
236326,0.7252583333333333
236327,0.7614058333333333
236328,0.8008525
236329,0.8404758333333333
236330,0.8789741666666665
236331,0.8964841666666667
236332,0.9049274999999999
236333,0.9125591666666667
236334,0.9188
236335,0.9228658333333333
236336,0.9284733333333333
236337,0.9323008333333332
236338,0.9324991666666667
236339,0.9346966666666667
236340,0.9362175
236341,0.9349691666666666
236342,0.9342675
236343,0.9332949999999999
236344,0.9327433333333333
236345,0.9318441666666667
236346,0.9310883333333333
236347,0.9306191666666667
236348,0.9298808333333334
236349,0.9292183333333334
236350,0.92872
236351,0.9283841666666668
236352,0.9278125
236353,0.9215525
236354,0.9081583333333333
236355,0.8877708333333333
236356,0.8668475
236357,0.8421083333333333
236358,0.8163716666666667
236359,0.7784366666666667
236360,0.741965
236361,0.7073474999999999
236362,0.6753516666666667
236363,0.6386949999999999
236364,0.6002491666666666
236365,0.5703808333333333
236366,0.5461550000000001
236367,0.52211
236368,0.5051599999999999
236369,0.48773583333333337
236370,0.47596916666666667
236371,0.4675625
236372,0.45714166666666667
236373,0.44208
236374,0.4348133333333334
236375,0.4256566666666667
236376,0.4171750000000001
236377,0.4041983333333333
236378,0.4003341666666667
236379,0.40809500000000004
236380,0.40618916666666666
236381,0.3980441666666667
236382,0.38503166666666666
236383,0.3678883333333333
236384,0.35110500000000006
236385,0.3399408333333333
236386,0.33638833333333334
236387,0.33235583333333335
236388,0.32735333333333333
236389,0.318175
236390,0.30765916666666665
236391,0.2973183333333333
236392,0.2856416666666667
236393,0.27020916666666667
236394,0.2586758333333333
236395,0.24296333333333334
236396,0.2249325
236397,0.21067166666666667
236398,0.19600749999999997
236399,0.18784333333333333
236400,0.17527416666666665
236401,0.1532775
236402,0.13962416666666666
236403,0.12840166666666666
236404,0.1231725
236405,0.12171499999999999
236406,0.11705916666666667
236407,0.1160475
236408,0.11435083333333333
236409,0.09989416666666666
236410,0.09086416666666668
236411,0.08679666666666667
236412,0.08262416666666668
236413,0.08323916666666667
236414,0.08472833333333334
236415,0.08702833333333333
236416,0.09110499999999999
236417,0.09199083333333333
236418,0.09550583333333333
236419,0.1018675
236420,0.10651666666666666
236421,0.11217083333333333
236422,0.11364666666666667
236423,0.11584833333333333
236424,0.11926250000000001
236425,0.11955666666666667
236426,0.11777916666666667
236427,0.11668333333333332
236428,0.11785083333333332
236429,0.12225
236430,0.12594333333333332
236431,0.12874833333333333
236432,0.1330725
236433,0.13971416666666667
236434,0.14368916666666667
236435,0.14616416666666668
236436,0.14498166666666668
236437,0.151535
236438,0.15858999999999998
236439,0.17103166666666667
236440,0.17548083333333334
236441,0.1812308333333333
236442,0.18634916666666665
236443,0.1855575
236444,0.17878833333333333
236445,0.17205666666666666
236446,0.16468916666666666
236447,0.15690333333333334
236448,0.14834416666666667
236449,0.15299
236450,0.15849
236451,0.16404249999999998
236452,0.16772166666666666
236453,0.1692275
236454,0.16610416666666666
236455,0.17873833333333333
236456,0.19413
236457,0.21329250000000002
236458,0.23686583333333333
236459,0.2555941666666667
236460,0.2748408333333333
236461,0.29334166666666667
236462,0.3158491666666666
236463,0.3537633333333333
236464,0.37763583333333334
236465,0.40251166666666666
236466,0.42913416666666665
236467,0.45143833333333333
236468,0.4795875
236469,0.5072291666666666
236470,0.53072
236471,0.5503266666666666
236472,0.5659933333333333
236473,0.5793566666666666
236474,0.6006158333333332
236475,0.6201575
236476,0.6368433333333333
236477,0.6469508333333333
236478,0.6470975
236479,0.6450658333333333
236480,0.6470391666666667
236481,0.6531291666666666
236482,0.6684991666666668
236483,0.6784583333333333
236484,0.6903508333333334
236485,0.7016966666666666
236486,0.7151774999999999
236487,0.7297308333333333
236488,0.7466008333333333
236489,0.7644641666666667
236490,0.7828924999999999
236491,0.8049675000000001
236492,0.8283908333333334
236493,0.8464575
236494,0.8678108333333333
236495,0.883655
236496,0.8976183333333334
236497,0.902915
236498,0.9097525
236499,0.9148200000000001
236500,0.9183158333333332
236501,0.9203808333333333
236502,0.9219683333333333
236503,0.9216341666666668
236504,0.9188216666666666
236505,0.9166383333333333
236506,0.9117333333333334
236507,0.9064708333333333
236508,0.9000341666666666
236509,0.8946875
236510,0.8910833333333333
236511,0.8866850000000001
236512,0.8824166666666666
236513,0.87627
236514,0.8668208333333334
236515,0.83892
236516,0.8091558333333334
236517,0.7798008333333334
236518,0.747085
236519,0.7084025
236520,0.670615
236521,0.6335258333333333
236522,0.5985466666666667
236523,0.5582833333333334
236524,0.5333574999999999
236525,0.5079566666666666
236526,0.4848708333333333
236527,0.4621283333333333
236528,0.43642833333333336
236529,0.40738916666666664
236530,0.3965266666666667
236531,0.39114
236532,0.38800833333333334
236533,0.3921291666666667
236534,0.39294166666666663
236535,0.39303083333333333
236536,0.39825
236537,0.4015841666666667
236538,0.42051333333333335
236539,0.4122775
236540,0.4025025
236541,0.39432500000000004
236542,0.3942725000000001
236543,0.4063725
236544,0.4221925
236545,0.42401666666666665
236546,0.4267116666666667
236547,0.43073916666666673
236548,0.44023166666666663
236549,0.45354333333333335
236550,0.46875833333333333
236551,0.4873775
236552,0.5045883333333333
236553,0.5194775
236554,0.5448716666666666
236555,0.5580091666666667
236556,0.57241
236557,0.572155
236558,0.5675108333333333
236559,0.5646458333333333
236560,0.5895941666666666
236561,0.60804
236562,0.6287808333333333
236563,0.6443983333333333
236564,0.6682425
236565,0.6898083333333334
236566,0.7064908333333334
236567,0.7254358333333333
236568,0.7355941666666668
236569,0.7468141666666667
236570,0.7719366666666667
236571,0.7900425000000001
236572,0.8150808333333334
236573,0.8361916666666667
236574,0.8571433333333334
236575,0.865425
236576,0.8790175
236577,0.887265
236578,0.8927641666666667
236579,0.8968308333333334
236580,0.9013991666666666
236581,0.9041399999999999
236582,0.9070266666666668
236583,0.9117733333333332
236584,0.9173391666666667
236585,0.9226941666666666
236586,0.9299333333333333
236587,0.938255
236588,0.9472858333333334
236589,0.9556983333333334
236590,0.9629758333333334
236591,0.9660241666666667
236592,0.9687183333333333
236593,0.9707
236594,0.97231
236595,0.973425
236596,0.9733566666666668
236597,0.9728283333333333
236598,0.9717708333333335
236599,0.9703008333333333
236600,0.9690291666666667
236601,0.9640850000000001
236602,0.9576583333333334
236603,0.9510116666666666
236604,0.9433333333333332
236605,0.9379149999999999
236606,0.9313791666666666
236607,0.9266816666666666
236608,0.9159550000000001
236609,0.9045799999999999
236610,0.8981758333333334
236611,0.8935766666666667
236612,0.8890958333333334
236613,0.8825866666666666
236614,0.8771758333333334
236615,0.8724583333333332
236616,0.8699991666666665
236617,0.8717925
236618,0.8698125
236619,0.8639916666666667
236620,0.85508
236621,0.8500583333333334
236622,0.8503216666666666
236623,0.8572025
236624,0.8657108333333333
236625,0.8691283333333334
236626,0.8633116666666666
236627,0.8510033333333333
236628,0.8342308333333333
236629,0.8153775
236630,0.8019766666666667
236631,0.7933691666666667
236632,0.7846391666666667
236633,0.7767525000000001
236634,0.7657658333333334
236635,0.7596008333333334
236636,0.75895
236637,0.753595
236638,0.7446533333333333
236639,0.7399958333333333
236640,0.7336958333333333
236641,0.7381066666666667
236642,0.7501225
236643,0.7674825000000001
236644,0.78415
236645,0.7962958333333334
236646,0.7992450000000001
236647,0.7971583333333333
236648,0.7983250000000001
236649,0.8065416666666666
236650,0.8161558333333333
236651,0.8069033333333333
236652,0.7934841666666668
236653,0.7849883333333334
236654,0.7696108333333334
236655,0.7532191666666667
236656,0.7329316666666668
236657,0.7150449999999999
236658,0.7051716666666666
236659,0.6984725
236660,0.6846091666666666
236661,0.6757758333333332
236662,0.6695125000000001
236663,0.6706316666666666
236664,0.6737241666666667
236665,0.673255
236666,0.6860158333333334
236667,0.7016966666666667
236668,0.7127316666666667
236669,0.726475
236670,0.7412891666666667
236671,0.7481691666666667
236672,0.74471
236673,0.7337658333333333
236674,0.7212358333333333
236675,0.7172875
236676,0.7132091666666668
236677,0.7077825
236678,0.6972533333333334
236679,0.6837125000000001
236680,0.6724666666666667
236681,0.6671433333333333
236682,0.6641158333333333
236683,0.6646008333333333
236684,0.6649700000000001
236685,0.6664541666666666
236686,0.6748366666666666
236687,0.6846783333333334
236688,0.6916399999999999
236689,0.6972658333333333
236690,0.6970425
236691,0.69614
236692,0.6957016666666667
236693,0.6948866666666668
236694,0.69383
236695,0.6944316666666667
236696,0.6908891666666667
236697,0.6837125
236698,0.6779708333333333
236699,0.676515
236700,0.67944
236701,0.6828416666666667
236702,0.6919816666666667
236703,0.7049075000000001
236704,0.7207516666666667
236705,0.7393566666666668
236706,0.7581308333333332
236707,0.7747758333333333
236708,0.7881291666666665
236709,0.7997133333333333
236710,0.8081658333333333
236711,0.8146983333333334
236712,0.8249616666666667
236713,0.8297483333333333
236714,0.8302441666666667
236715,0.8234666666666666
236716,0.8213516666666666
236717,0.8157091666666666
236718,0.8112866666666666
236719,0.8007808333333333
236720,0.7883141666666666
236721,0.7704183333333334
236722,0.7581375
236723,0.7478333333333335
236724,0.7464341666666667
236725,0.7392358333333333
236726,0.7202824999999999
236727,0.6958791666666666
236728,0.6728625
236729,0.6554350000000001
236730,0.6368541666666666
236731,0.6261275000000001
236732,0.6202383333333333
236733,0.6114258333333333
236734,0.603425
236735,0.6059300000000001
236736,0.6125649999999999
236737,0.6176691666666666
236738,0.6166041666666666
236739,0.6118341666666666
236740,0.6083833333333334
236741,0.6122791666666667
236742,0.6173216666666667
236743,0.6223791666666667
236744,0.6221774999999999
236745,0.6284225
236746,0.6137250000000001
236747,0.60477
236748,0.5972041666666665
236749,0.5974258333333334
236750,0.5926208333333334
236751,0.5911975
236752,0.5903616666666667
236753,0.594025
236754,0.5931716666666668
236755,0.5895691666666667
236756,0.5894991666666667
236757,0.5896475
236758,0.5975308333333333
236759,0.5985308333333333
236760,0.6020858333333333
236761,0.6190475
236762,0.6334383333333332
236763,0.6471775000000001
236764,0.6575458333333333
236765,0.6635608333333333
236766,0.6709625
236767,0.6653625000000001
236768,0.6611833333333333
236769,0.6652041666666667
236770,0.6815541666666667
236771,0.69187
236772,0.6998008333333333
236773,0.7003016666666666
236774,0.7109741666666666
236775,0.7178116666666666
236776,0.7214550000000001
236777,0.7227216666666667
236778,0.7241591666666666
236779,0.7227175
236780,0.7165458333333333
236781,0.6997033333333333
236782,0.703
236783,0.6983933333333333
236784,0.6906733333333333
236785,0.6718583333333332
236786,0.6574341666666667
236787,0.6469133333333335
236788,0.6380825
236789,0.6177591666666667
236790,0.598755
236791,0.5803458333333332
236792,0.5609241666666667
236793,0.5395766666666667
236794,0.515065
236795,0.49642166666666665
236796,0.4940266666666666
236797,0.4879425
236798,0.4980258333333333
236799,0.5109558333333334
236800,0.5335266666666667
236801,0.5559700000000001
236802,0.578065
236803,0.6005633333333332
236804,0.6314375
236805,0.6575116666666666
236806,0.6834566666666666
236807,0.7080566666666667
236808,0.7359875
236809,0.76889
236810,0.8006533333333332
236811,0.824885
236812,0.8429058333333334
236813,0.8520249999999999
236814,0.8521758333333334
236815,0.8498466666666666
236816,0.84905
236817,0.8459833333333333
236818,0.841895
236819,0.835335
236820,0.83273
236821,0.8248491666666667
236822,0.8136516666666667
236823,0.8014441666666667
236824,0.7903333333333333
236825,0.7697283333333333
236826,0.7608108333333333
236827,0.7448549999999999
236828,0.7282933333333333
236829,0.7197391666666667
236830,0.7123433333333333
236831,0.698995
236832,0.6764741666666666
236833,0.6534983333333334
236834,0.631015
236835,0.6082466666666666
236836,0.5869975
236837,0.56689
236838,0.5422058333333334
236839,0.52161
236840,0.5199741666666667
236841,0.5038616666666667
236842,0.4947908333333333
236843,0.48729333333333336
236844,0.47823166666666667
236845,0.4699508333333334
236846,0.46829333333333334
236847,0.47990666666666665
236848,0.4933916666666667
236849,0.5126858333333334
236850,0.5322241666666667
236851,0.5563241666666666
236852,0.5789875
236853,0.6083733333333333
236854,0.6360216666666667
236855,0.6579741666666667
236856,0.6832408333333333
236857,0.7087708333333335
236858,0.7348941666666667
236859,0.7590883333333333
236860,0.7712491666666667
236861,0.7833708333333333
236862,0.793485
236863,0.8055325
236864,0.8133200000000002
236865,0.8231458333333334
236866,0.8323508333333333
236867,0.8452816666666667
236868,0.8583650000000002
236869,0.8676524999999999
236870,0.8733466666666666
236871,0.8772424999999999
236872,0.8795058333333333
236873,0.8797891666666666
236874,0.8791008333333334
236875,0.884325
236876,0.8821016666666667
236877,0.8744999999999999
236878,0.8586766666666666
236879,0.8385866666666666
236880,0.8103741666666667
236881,0.7817241666666667
236882,0.7499858333333334
236883,0.7148258333333335
236884,0.6662341666666668
236885,0.6161358333333333
236886,0.567045
236887,0.5184833333333334
236888,0.47180249999999996
236889,0.4372025
236890,0.41581416666666665
236891,0.3923716666666667
236892,0.3794125
236893,0.3751225
236894,0.3746991666666667
236895,0.38049999999999995
236896,0.38333833333333334
236897,0.38599083333333334
236898,0.3906075
236899,0.41323666666666664
236900,0.44149166666666667
236901,0.46538833333333335
236902,0.4869383333333333
236903,0.5071749999999999
236904,0.5157999999999999
236905,0.5096525
236906,0.50415
236907,0.49075166666666664
236908,0.470315
236909,0.44831499999999996
236910,0.41678750000000003
236911,0.3860316666666667
236912,0.3585766666666667
236913,0.33011416666666665
236914,0.2984775
236915,0.264215
236916,0.24738500000000002
236917,0.2567391666666667
236918,0.26739416666666666
236919,0.28752916666666667
236920,0.304045
236921,0.32205083333333334
236922,0.3440491666666667
236923,0.3734625
236924,0.40494833333333335
236925,0.44116
236926,0.4831041666666667
236927,0.5299616666666667
236928,0.5716516666666667
236929,0.6190841666666668
236930,0.6686825
236931,0.7068675
236932,0.7260516666666667
236933,0.7458458333333333
236934,0.7554158333333334
236935,0.7705675
236936,0.7938991666666667
236937,0.814305
236938,0.8318516666666668
236939,0.8482166666666667
236940,0.8683816666666666
236941,0.8843866666666667
236942,0.8840075
236943,0.8792899999999999
236944,0.8621541666666666
236945,0.8335258333333333
236946,0.8034241666666666
236947,0.7664624999999999
236948,0.7249741666666666
236949,0.68192
236950,0.6390241666666667
236951,0.5975116666666666
236952,0.5565216666666667
236953,0.5211775
236954,0.483335
236955,0.44689166666666663
236956,0.4178891666666667
236957,0.3979358333333334
236958,0.38296833333333336
236959,0.3701583333333333
236960,0.3631508333333333
236961,0.352045
236962,0.3447833333333333
236963,0.33928166666666665
236964,0.33743999999999996
236965,0.33437749999999994
236966,0.3255716666666667
236967,0.31631833333333337
236968,0.3024141666666667
236969,0.2901066666666666
236970,0.27871
236971,0.2591658333333334
236972,0.24129083333333334
236973,0.22628916666666668
236974,0.21126916666666667
236975,0.1945525
236976,0.18349916666666666
236977,0.17250249999999998
236978,0.15936583333333332
236979,0.1466625
236980,0.1343275
236981,0.12414166666666666
236982,0.11379999999999998
236983,0.10030666666666667
236984,0.08788833333333333
236985,0.0729225
236986,0.05903583333333333
236987,0.045601666666666665
236988,0.03446666666666666
236989,0.027081666666666664
236990,0.024054166666666665
236991,0.019261666666666667
236992,0.014692499999999999
236993,0.012924166666666665
236994,0.009798333333333333
236995,0.007723333333333333
236996,0.005141666666666668
236997,0.0037908333333333336
236998,0.003643333333333333
236999,0.0035208333333333333
237000,0.0033525
237001,0.0033241666666666667
237002,0.0034874999999999997
237003,0.0035716666666666666
237004,0.003843333333333333
237005,0.004068333333333333
237006,0.004058333333333333
237007,0.004122499999999999
237008,0.004105833333333334
237009,0.0039925
237010,0.0037633333333333334
237011,0.0037775
237012,0.004046666666666666
237013,0.004285
237014,0.00461
237015,0.0056625
237016,0.0077925
237017,0.0111025
237018,0.01384
237019,0.017363333333333335
237020,0.020835833333333335
237021,0.027581666666666668
237022,0.035118333333333335
237023,0.055725833333333336
237024,0.07136416666666667
237025,0.0885225
237026,0.11322916666666667
237027,0.138135
237028,0.16410916666666667
237029,0.19547083333333334
237030,0.22754
237031,0.2509425
237032,0.27286166666666667
237033,0.30256416666666663
237034,0.3272941666666666
237035,0.35575083333333335
237036,0.3867175
237037,0.42022666666666664
237038,0.44270416666666673
237039,0.471205
237040,0.497635
237041,0.5185458333333334
237042,0.5352650000000001
237043,0.5452583333333333
237044,0.5495108333333333
237045,0.5542316666666667
237046,0.5655658333333332
237047,0.5745058333333333
237048,0.5782333333333333
237049,0.5868358333333333
237050,0.5955616666666667
237051,0.5945950000000001
237052,0.588865
237053,0.5824883333333334
237054,0.5761983333333334
237055,0.5683791666666667
237056,0.5575916666666667
237057,0.546385
237058,0.5440716666666667
237059,0.5493233333333334
237060,0.5468766666666667
237061,0.53668
237062,0.5258758333333333
237063,0.5100233333333334
237064,0.492
237065,0.4698083333333333
237066,0.4497216666666667
237067,0.4243566666666666
237068,0.39262749999999996
237069,0.35844916666666665
237070,0.32642333333333334
237071,0.2952133333333334
237072,0.269025
237073,0.23903333333333335
237074,0.20020416666666666
237075,0.16701166666666667
237076,0.14390166666666668
237077,0.12222749999999999
237078,0.10358166666666667
237079,0.08569750000000001
237080,0.06804083333333333
237081,0.05221
237082,0.04306750000000001
237083,0.03920166666666667
237084,0.03615416666666667
237085,0.03301916666666667
237086,0.0293275
237087,0.024720833333333338
237088,0.02054166666666667
237089,0.017859999999999997
237090,0.0154675
237091,0.011813333333333334
237092,0.010045
237093,0.009205833333333333
237094,0.0084
237095,0.007715
237096,0.007655833333333333
237097,0.008498333333333333
237098,0.008820833333333333
237099,0.009450000000000002
237100,0.010323333333333334
237101,0.012259166666666666
237102,0.013126666666666668
237103,0.014145833333333333
237104,0.015129166666666667
237105,0.016153333333333332
237106,0.016745833333333335
237107,0.017115833333333334
237108,0.0173525
237109,0.020878333333333332
237110,0.031490000000000004
237111,0.04181833333333333
237112,0.06233
237113,0.08873
237114,0.11787416666666667
237115,0.16495416666666665
237116,0.21460916666666666
237117,0.2694325
237118,0.33108583333333336
237119,0.3933975
237120,0.4559833333333333
237121,0.5187541666666667
237122,0.5816558333333333
237123,0.6425966666666667
237124,0.7028475000000001
237125,0.7560225
237126,0.8093708333333335
237127,0.8520000000000001
237128,0.8891058333333334
237129,0.9238416666666667
237130,0.9399316666666666
237131,0.9535149999999999
237132,0.9631725000000001
237133,0.9654925000000001
237134,0.9673866666666666
237135,0.9689283333333333
237136,0.9693225000000001
237137,0.96796
237138,0.9650566666666667
237139,0.9593291666666667
237140,0.9522200000000001
237141,0.9433491666666666
237142,0.9296375
237143,0.9142033333333334
237144,0.8966233333333332
237145,0.8686766666666668
237146,0.8263391666666666
237147,0.7828475
237148,0.7502925
237149,0.7189716666666667
237150,0.6875591666666666
237151,0.6582691666666667
237152,0.6280958333333333
237153,0.5918533333333333
237154,0.5526350000000001
237155,0.5125658333333333
237156,0.4734083333333334
237157,0.43066333333333334
237158,0.3940258333333333
237159,0.3587458333333334
237160,0.35104749999999996
237161,0.3571766666666667
237162,0.3675641666666667
237163,0.36355333333333334
237164,0.368075
237165,0.374325
237166,0.381315
237167,0.3913858333333333
237168,0.42162666666666665
237169,0.4567683333333334
237170,0.4937925
237171,0.5303258333333333
237172,0.5752133333333334
237173,0.6154825
237174,0.6565808333333334
237175,0.6806533333333333
237176,0.7053883333333334
237177,0.7275641666666667
237178,0.7535941666666666
237179,0.7646641666666666
237180,0.7690208333333334
237181,0.7658075
237182,0.7570058333333333
237183,0.7361208333333333
237184,0.7185166666666667
237185,0.6980366666666666
237186,0.6811716666666666
237187,0.6555175
237188,0.6311825
237189,0.6104258333333333
237190,0.5866725
237191,0.5607666666666666
237192,0.5400791666666667
237193,0.5259991666666666
237194,0.5137508333333334
237195,0.5247616666666667
237196,0.5424541666666667
237197,0.5635241666666667
237198,0.5835525
237199,0.5966966666666667
237200,0.6130183333333332
237201,0.6261008333333334
237202,0.6460233333333334
237203,0.6640966666666667
237204,0.6748316666666667
237205,0.6859925
237206,0.6995291666666666
237207,0.7097874999999999
237208,0.7228641666666665
237209,0.743745
237210,0.7481133333333333
237211,0.7527058333333334
237212,0.7593208333333333
237213,0.7662008333333332
237214,0.7785116666666667
237215,0.7891675
237216,0.8001783333333333
237217,0.8160383333333333
237218,0.8324158333333334
237219,0.8504491666666667
237220,0.8449541666666666
237221,0.8445966666666666
237222,0.8341183333333333
237223,0.8171775
237224,0.7963933333333333
237225,0.7683183333333333
237226,0.7360166666666667
237227,0.6984258333333333
237228,0.6568441666666668
237229,0.6361625
237230,0.6149491666666667
237231,0.5931858333333333
237232,0.566595
237233,0.5411874999999999
237234,0.5158466666666667
237235,0.5118066666666666
237236,0.5044841666666666
237237,0.5015083333333333
237238,0.4955508333333334
237239,0.4876058333333333
237240,0.481565
237241,0.4787241666666667
237242,0.4840733333333333
237243,0.4988291666666667
237244,0.48707
237245,0.47917
237246,0.4643925
237247,0.45080499999999996
237248,0.43980916666666664
237249,0.4265366666666667
237250,0.4193825
237251,0.40905416666666666
237252,0.4125841666666667
237253,0.41437749999999995
237254,0.41535
237255,0.4140633333333333
237256,0.41707916666666667
237257,0.4208166666666667
237258,0.4187199999999999
237259,0.4247941666666667
237260,0.4318133333333333
237261,0.4470374999999999
237262,0.46226500000000004
237263,0.47070333333333336
237264,0.48388666666666663
237265,0.49599583333333336
237266,0.5097616666666667
237267,0.5108183333333334
237268,0.5054825
237269,0.49930083333333336
237270,0.4942841666666667
237271,0.4837858333333333
237272,0.47477916666666664
237273,0.48403833333333335
237274,0.48416916666666665
237275,0.47411333333333333
237276,0.46551999999999993
237277,0.4666025
237278,0.47652583333333337
237279,0.486985
237280,0.49916083333333333
237281,0.5167275
237282,0.5220858333333334
237283,0.52203
237284,0.5255858333333333
237285,0.5346391666666667
237286,0.5421191666666666
237287,0.5434716666666667
237288,0.52549
237289,0.5058666666666667
237290,0.4985233333333333
237291,0.49085666666666666
237292,0.47579083333333333
237293,0.4527583333333333
237294,0.4475516666666667
237295,0.44171333333333335
237296,0.4325008333333333
237297,0.4370041666666667
237298,0.46069750000000004
237299,0.4753233333333334
237300,0.48777666666666664
237301,0.5021541666666667
237302,0.49716333333333335
237303,0.4964883333333333
237304,0.49921
237305,0.4953516666666667
237306,0.48408666666666667
237307,0.471955
237308,0.4679891666666667
237309,0.4413141666666666
237310,0.4120266666666667
237311,0.3782241666666667
237312,0.34230416666666663
237313,0.3001916666666667
237314,0.2692383333333333
237315,0.25175416666666667
237316,0.23112000000000002
237317,0.2243925
237318,0.21965
237319,0.2145975
237320,0.21314166666666665
237321,0.21850250000000002
237322,0.22021833333333332
237323,0.22212916666666668
237324,0.22786583333333332
237325,0.23433916666666665
237326,0.24680249999999998
237327,0.265235
237328,0.28233833333333336
237329,0.2979375
237330,0.29858250000000003
237331,0.30494416666666674
237332,0.31988
237333,0.33377500000000004
237334,0.35007583333333336
237335,0.35971916666666665
237336,0.3692616666666667
237337,0.3771558333333333
237338,0.3819858333333333
237339,0.3887066666666667
237340,0.39721166666666663
237341,0.4073541666666667
237342,0.4167166666666667
237343,0.4272875
237344,0.4315691666666666
237345,0.4499341666666667
237346,0.46854166666666663
237347,0.48031833333333335
237348,0.4942158333333333
237349,0.5181049999999999
237350,0.5423016666666667
237351,0.5644725
237352,0.57785
237353,0.5889208333333332
237354,0.5929891666666667
237355,0.573325
237356,0.5457808333333334
237357,0.5147258333333333
237358,0.48699
237359,0.46351000000000003
237360,0.42807999999999996
237361,0.3890541666666667
237362,0.3543758333333333
237363,0.31529666666666667
237364,0.265205
237365,0.22014250000000002
237366,0.17489666666666667
237367,0.1428775
237368,0.108875
237369,0.08078500000000001
237370,0.07783333333333334
237371,0.07899416666666667
237372,0.08162666666666668
237373,0.10292333333333333
237374,0.11681166666666667
237375,0.12842
237376,0.15167666666666665
237377,0.1888183333333333
237378,0.2282583333333333
237379,0.25919
237380,0.2800933333333333
237381,0.30388250000000006
237382,0.32960249999999996
237383,0.3647375
237384,0.4042333333333333
237385,0.44311
237386,0.47727499999999995
237387,0.5140666666666667
237388,0.5313875
237389,0.5576316666666667
237390,0.5865033333333334
237391,0.6021758333333334
237392,0.6039291666666667
237393,0.6073316666666667
237394,0.6198049999999999
237395,0.6432683333333333
237396,0.6599283333333333
237397,0.6670499999999999
237398,0.6699966666666667
237399,0.6740833333333334
237400,0.677665
237401,0.6870683333333333
237402,0.6913183333333334
237403,0.6844066666666666
237404,0.673295
237405,0.65722
237406,0.6442133333333333
237407,0.6395016666666665
237408,0.607765
237409,0.579085
237410,0.5522483333333333
237411,0.5314616666666667
237412,0.5189533333333334
237413,0.5012458333333333
237414,0.4826958333333334
237415,0.45939499999999994
237416,0.425395
237417,0.39514666666666665
237418,0.3786333333333333
237419,0.3636666666666667
237420,0.3539508333333334
237421,0.3480825
237422,0.32999833333333334
237423,0.33325083333333333
237424,0.3354866666666666
237425,0.3397783333333333
237426,0.3470775
237427,0.35464249999999997
237428,0.3661225
237429,0.3799125
237430,0.3978641666666667
237431,0.4276175
237432,0.45340166666666665
237433,0.48055833333333337
237434,0.5089608333333333
237435,0.5389233333333333
237436,0.56804
237437,0.6022166666666667
237438,0.6440091666666667
237439,0.6857258333333333
237440,0.7218458333333333
237441,0.7529983333333334
237442,0.7850908333333334
237443,0.8146558333333334
237444,0.8357733333333334
237445,0.8564233333333333
237446,0.873555
237447,0.8925249999999999
237448,0.9070233333333333
237449,0.9222066666666666
237450,0.9364566666666666
237451,0.9479041666666668
237452,0.9585224999999998
237453,0.9632491666666667
237454,0.9660833333333334
237455,0.96955
237456,0.9737641666666667
237457,0.9746141666666667
237458,0.9686783333333333
237459,0.9608058333333334
237460,0.9502158333333334
237461,0.9360441666666667
237462,0.9148741666666668
237463,0.8894991666666667
237464,0.8646600000000001
237465,0.8393075000000001
237466,0.8093308333333333
237467,0.7815650000000001
237468,0.7499024999999999
237469,0.739305
237470,0.7286916666666666
237471,0.7091025
237472,0.6930208333333333
237473,0.6821808333333333
237474,0.6725041666666666
237475,0.6629266666666667
237476,0.6572841666666667
237477,0.6614158333333333
237478,0.6748533333333333
237479,0.6863216666666666
237480,0.6978933333333333
237481,0.7137308333333333
237482,0.7226616666666668
237483,0.73823
237484,0.7326525
237485,0.7318341666666668
237486,0.7466483333333334
237487,0.7589558333333334
237488,0.7750950000000001
237489,0.7925266666666667
237490,0.8139741666666667
237491,0.8341816666666666
237492,0.8521908333333333
237493,0.8641366666666667
237494,0.8564741666666666
237495,0.8448916666666667
237496,0.82535
237497,0.8129083333333332
237498,0.8017191666666666
237499,0.7937724999999999
237500,0.7813558333333332
237501,0.7572125
237502,0.7290191666666667
237503,0.7029425
237504,0.6823300000000001
237505,0.6513366666666667
237506,0.6176016666666667
237507,0.58529
237508,0.5523
237509,0.5375374999999999
237510,0.5148674999999999
237511,0.4907666666666667
237512,0.4743275
237513,0.45364083333333327
237514,0.4316525
237515,0.4046041666666667
237516,0.38460833333333333
237517,0.36790833333333334
237518,0.346375
237519,0.33924000000000004
237520,0.33726500000000004
237521,0.3411583333333333
237522,0.3505533333333333
237523,0.3587325
237524,0.3749241666666666
237525,0.40373166666666666
237526,0.4344875
237527,0.4596633333333333
237528,0.48898
237529,0.5183225
237530,0.5582233333333334
237531,0.5972775000000001
237532,0.6394558333333332
237533,0.6811241666666666
237534,0.693215
237535,0.7159016666666667
237536,0.7373908333333333
237537,0.7427883333333333
237538,0.7425783333333335
237539,0.7384791666666666
237540,0.7291133333333334
237541,0.7263425
237542,0.7202108333333332
237543,0.7027225
237544,0.6813641666666667
237545,0.648635
237546,0.6058616666666666
237547,0.5652683333333334
237548,0.5236791666666667
237549,0.4881475
237550,0.44310250000000007
237551,0.394545
237552,0.35717916666666666
237553,0.329045
237554,0.2997225
237555,0.27412000000000003
237556,0.25925583333333335
237557,0.24648250000000002
237558,0.23551333333333335
237559,0.22820916666666666
237560,0.22895833333333335
237561,0.23641083333333335
237562,0.24677749999999998
237563,0.2558225
237564,0.2635425
237565,0.2751716666666667
237566,0.28587
237567,0.3001183333333334
237568,0.3191683333333334
237569,0.3359408333333333
237570,0.3431016666666667
237571,0.34806333333333334
237572,0.35905583333333335
237573,0.3760283333333333
237574,0.3881658333333334
237575,0.40284333333333333
237576,0.42586
237577,0.4409183333333333
237578,0.4593408333333333
237579,0.48335416666666664
237580,0.505055
237581,0.524305
237582,0.5331525
237583,0.54479
237584,0.5607966666666667
237585,0.5918625
237586,0.6180116666666666
237587,0.6335933333333333
237588,0.6477491666666667
237589,0.6652008333333334
237590,0.67841
237591,0.6905808333333333
237592,0.705035
237593,0.7215783333333333
237594,0.7377633333333333
237595,0.7523866666666666
237596,0.7724175
237597,0.7964358333333333
237598,0.8092391666666666
237599,0.8214583333333333
237600,0.8239258333333334
237601,0.8233483333333332
237602,0.8200324999999999
237603,0.81423
237604,0.8045025
237605,0.7934791666666666
237606,0.7765291666666667
237607,0.7553933333333334
237608,0.7287241666666666
237609,0.7001425
237610,0.6775466666666666
237611,0.6469116666666667
237612,0.6176191666666667
237613,0.5845608333333333
237614,0.5440491666666667
237615,0.5053208333333333
237616,0.45970333333333335
237617,0.4141666666666666
237618,0.37193916666666665
237619,0.33340416666666667
237620,0.2971075
237621,0.26294249999999997
237622,0.2326933333333333
237623,0.20551583333333331
237624,0.1804525
237625,0.14993833333333337
237626,0.1263075
237627,0.10291249999999999
237628,0.08550916666666668
237629,0.07386583333333334
237630,0.06449833333333334
237631,0.0625375
237632,0.06329833333333333
237633,0.06345166666666667
237634,0.06347
237635,0.062505
237636,0.060532499999999996
237637,0.05663416666666666
237638,0.052304166666666665
237639,0.047865
237640,0.045938333333333324
237641,0.04812083333333333
237642,0.049382499999999996
237643,0.05025333333333334
237644,0.054071666666666664
237645,0.0609625
237646,0.06917750000000002
237647,0.08237
237648,0.09453666666666667
237649,0.10691666666666667
237650,0.12555083333333333
237651,0.14770333333333333
237652,0.1747225
237653,0.20626833333333336
237654,0.24770583333333335
237655,0.28943
237656,0.3311791666666667
237657,0.3814033333333333
237658,0.4335441666666667
237659,0.48316
237660,0.5353691666666667
237661,0.5859425
237662,0.6328875
237663,0.6811966666666667
237664,0.7318583333333333
237665,0.7754375
237666,0.8155816666666666
237667,0.8521366666666667
237668,0.8848524999999999
237669,0.907475
237670,0.9234216666666666
237671,0.9362349999999999
237672,0.9396491666666668
237673,0.9377725
237674,0.9356708333333332
237675,0.92837
237676,0.9229525
237677,0.9101816666666667
237678,0.8963833333333333
237679,0.8785175
237680,0.8599508333333333
237681,0.8460008333333333
237682,0.8285791666666668
237683,0.8127833333333333
237684,0.7961433333333333
237685,0.7835808333333334
237686,0.7713258333333334
237687,0.7605266666666667
237688,0.7505191666666666
237689,0.7463841666666667
237690,0.7423625
237691,0.7350966666666667
237692,0.7303775
237693,0.732955
237694,0.7356491666666667
237695,0.7359424999999999
237696,0.7332125
237697,0.73441
237698,0.73535
237699,0.7462625
237700,0.7638424999999999
237701,0.7801116666666666
237702,0.795965
237703,0.8142983333333333
237704,0.8267591666666667
237705,0.8402799999999999
237706,0.8543075000000001
237707,0.8727083333333333
237708,0.88509
237709,0.8997125
237710,0.9156916666666668
237711,0.9307591666666667
237712,0.9434183333333334
237713,0.9519983333333334
237714,0.9527266666666666
237715,0.9468633333333334
237716,0.9297175000000001
237717,0.9031541666666667
237718,0.8736391666666667
237719,0.8388216666666666
237720,0.8004800000000001
237721,0.7626783333333333
237722,0.7231441666666668
237723,0.6826808333333333
237724,0.6417
237725,0.6030333333333334
237726,0.5657675
237727,0.5298200000000001
237728,0.49769166666666664
237729,0.46880333333333335
237730,0.44273500000000005
237731,0.4329516666666667
237732,0.43474583333333333
237733,0.450145
237734,0.4703916666666667
237735,0.4897433333333333
237736,0.50629
237737,0.5245883333333333
237738,0.5397583333333333
237739,0.5572866666666666
237740,0.5784158333333334
237741,0.6012308333333334
237742,0.6243658333333334
237743,0.6441149999999999
237744,0.6546225
237745,0.6634241666666667
237746,0.6723091666666667
237747,0.680075
237748,0.6795958333333333
237749,0.6770991666666666
237750,0.6803858333333334
237751,0.687735
237752,0.69366
237753,0.7046733333333334
237754,0.7083933333333334
237755,0.7022408333333332
237756,0.6814708333333334
237757,0.6474624999999999
237758,0.6174900000000001
237759,0.5966141666666667
237760,0.5801883333333333
237761,0.5557233333333332
237762,0.533745
237763,0.5116225
237764,0.4879808333333333
237765,0.4643125
237766,0.4398158333333333
237767,0.4184441666666667
237768,0.39745
237769,0.375075
237770,0.35640166666666667
237771,0.343775
237772,0.3431783333333333
237773,0.33832
237774,0.33309916666666667
237775,0.3271775
237776,0.3232208333333333
237777,0.31279500000000005
237778,0.3024141666666667
237779,0.2960891666666667
237780,0.28453249999999997
237781,0.2693966666666666
237782,0.2508533333333333
237783,0.24022083333333333
237784,0.2407525
237785,0.2458975
237786,0.2564916666666667
237787,0.26871333333333336
237788,0.28727083333333336
237789,0.29309999999999997
237790,0.30466666666666664
237791,0.3166791666666667
237792,0.33092166666666667
237793,0.34430499999999997
237794,0.34885166666666667
237795,0.3566925
237796,0.3694466666666667
237797,0.39190416666666666
237798,0.41374583333333337
237799,0.43213833333333335
237800,0.45318749999999997
237801,0.4775658333333333
237802,0.5056533333333334
237803,0.5319641666666667
237804,0.5683691666666667
237805,0.59736
237806,0.6248591666666667
237807,0.65328
237808,0.6766458333333333
237809,0.7094966666666667
237810,0.7430866666666667
237811,0.7712583333333334
237812,0.7886425
237813,0.7982583333333333
237814,0.7959625
237815,0.7856291666666667
237816,0.7716683333333333
237817,0.7547016666666667
237818,0.7411399999999999
237819,0.7247391666666666
237820,0.6997883333333333
237821,0.680405
237822,0.6564875000000001
237823,0.6318283333333333
237824,0.6070558333333335
237825,0.5821075
237826,0.5590941666666667
237827,0.5290058333333333
237828,0.4891391666666667
237829,0.45974
237830,0.43485583333333333
237831,0.4209408333333334
237832,0.40778916666666665
237833,0.38764833333333326
237834,0.36541583333333333
237835,0.3522433333333333
237836,0.33938999999999997
237837,0.3330241666666666
237838,0.3291308333333333
237839,0.32304
237840,0.31965916666666666
237841,0.32019416666666667
237842,0.3295958333333333
237843,0.35265083333333336
237844,0.37232583333333336
237845,0.3790033333333333
237846,0.37257416666666665
237847,0.35862916666666667
237848,0.34353000000000006
237849,0.329925
237850,0.3143625
237851,0.2943133333333333
237852,0.27152666666666664
237853,0.24870166666666668
237854,0.22825416666666667
237855,0.20418583333333332
237856,0.17961
237857,0.15534916666666668
237858,0.12484083333333333
237859,0.09799166666666666
237860,0.08208166666666666
237861,0.06794916666666667
237862,0.062457500000000006
237863,0.05975916666666667
237864,0.05838583333333334
237865,0.055837500000000005
237866,0.054329166666666664
237867,0.053507500000000006
237868,0.05450916666666667
237869,0.05458
237870,0.05612416666666666
237871,0.05838583333333334
237872,0.061884166666666664
237873,0.06670250000000001
237874,0.0781775
237875,0.08731
237876,0.09413166666666667
237877,0.09649583333333332
237878,0.10225166666666666
237879,0.10855833333333333
237880,0.11427083333333334
237881,0.12175416666666666
237882,0.12835833333333332
237883,0.13964916666666666
237884,0.1550116666666667
237885,0.167565
237886,0.1757375
237887,0.18356583333333332
237888,0.1890166666666667
237889,0.18283166666666667
237890,0.17826999999999998
237891,0.1776325
237892,0.18216416666666665
237893,0.18031833333333333
237894,0.17813833333333334
237895,0.17642166666666667
237896,0.1735225
237897,0.1688825
237898,0.15911833333333333
237899,0.14555
237900,0.13551249999999998
237901,0.12932416666666666
237902,0.12434166666666666
237903,0.12445833333333332
237904,0.13296583333333334
237905,0.1378175
237906,0.13709749999999998
237907,0.12868666666666667
237908,0.12276666666666666
237909,0.1172225
237910,0.11315
237911,0.11115833333333333
237912,0.11147416666666667
237913,0.1122425
237914,0.11147416666666668
237915,0.10718833333333334
237916,0.1011925
237917,0.09319916666666667
237918,0.08297916666666667
237919,0.06936
237920,0.06118500000000001
237921,0.0581075
237922,0.057334166666666665
237923,0.056890833333333335
237924,0.05664583333333333
237925,0.05708666666666666
237926,0.05510916666666667
237927,0.052958333333333336
237928,0.05098250000000001
237929,0.049967500000000005
237930,0.05010833333333333
237931,0.050494166666666666
237932,0.052351666666666664
237933,0.05332250000000001
237934,0.0528575
237935,0.05140083333333333
237936,0.049394999999999994
237937,0.049701666666666665
237938,0.049058333333333336
237939,0.0484125
237940,0.04669916666666667
237941,0.04454416666666667
237942,0.041685
237943,0.03880166666666666
237944,0.0362075
237945,0.03557333333333333
237946,0.03553166666666666
237947,0.03533166666666667
237948,0.03549
237949,0.04165083333333333
237950,0.048617499999999994
237951,0.054420833333333335
237952,0.05973916666666667
237953,0.07435
237954,0.07704910714285715
237955,0.08036057692307692
237956,0.08441562500000001
237957,0.09048181818181819
237958,0.09732125000000001
237959,0.1056013888888889
237960,0.11324687500000001
237961,0.06555625
237962,0.0673986111111111
237963,0.06754375
237964,0.06864431818181818
237965,0.07048333333333333
237966,0.07026057692307693
237967,0.07498928571428572
237968,0.07446
237969,0.0766375
237970,0.07637000000000001
237971,0.076715
237972,0.0767625
237973,0.07593666666666667
237974,0.07212416666666667
237975,0.06767666666666666
237976,0.06490666666666667
237977,0.06424833333333332
237978,0.06356416666666666
237979,0.06469833333333333
237980,0.06634749999999999
237981,0.06632833333333334
237982,0.061309999999999996
237983,0.06204833333333334
237984,0.07564916666666667
237985,0.09339
237986,0.11262166666666665
237987,0.13256333333333334
237988,0.15259833333333334
237989,0.17053416666666665
237990,0.1871525
237991,0.20447166666666666
237992,0.21903333333333336
237993,0.23832833333333334
237994,0.25610166666666667
237995,0.273505
237996,0.29864499999999994
237997,0.3172383333333333
237998,0.3337575
237999,0.33902166666666667
238000,0.34483
238001,0.32797583333333336
238002,0.3132875
238003,0.29511583333333335
238004,0.2797966666666667
238005,0.2638358333333333
238006,0.24807083333333332
238007,0.23187166666666667
238008,0.21159583333333334
238009,0.19015833333333335
238010,0.16837333333333335
238011,0.1449258333333333
238012,0.12831416666666667
238013,0.11284833333333334
238014,0.09741416666666665
238015,0.08203916666666666
238016,0.08473166666666666
238017,0.0814725
238018,0.08114833333333334
238019,0.08391166666666666
238020,0.0898225
238021,0.09611333333333333
238022,0.10499583333333333
238023,0.12023916666666666
238024,0.13520583333333333
238025,0.14982666666666666
238026,0.15443749999999998
238027,0.1609175
238028,0.16176749999999998
238029,0.16118916666666663
238030,0.16143916666666666
238031,0.17427916666666665
238032,0.191235
238033,0.21076749999999997
238034,0.22683083333333334
238035,0.23967583333333334
238036,0.25654166666666667
238037,0.2761983333333333
238038,0.2948191666666667
238039,0.30598666666666663
238040,0.3177041666666666
238041,0.33265833333333333
238042,0.34175
238043,0.3562108333333333
238044,0.3658
238045,0.3701133333333333
238046,0.35904583333333334
238047,0.346445
238048,0.33306916666666664
238049,0.32100249999999997
238050,0.31141083333333336
238051,0.29508333333333336
238052,0.27558333333333335
238053,0.24790249999999997
238054,0.22737083333333333
238055,0.20371750000000002
238056,0.18221083333333332
238057,0.16369083333333334
238058,0.14592833333333335
238059,0.13263833333333333
238060,0.12020666666666666
238061,0.11425083333333334
238062,0.10827999999999999
238063,0.10027166666666668
238064,0.091505
238065,0.0836025
238066,0.07740416666666666
238067,0.07246166666666666
238068,0.07019916666666666
238069,0.06957916666666666
238070,0.07229416666666667
238071,0.07616
238072,0.08557166666666666
238073,0.09552916666666667
238074,0.10631916666666666
238075,0.1193225
238076,0.132665
238077,0.14877333333333334
238078,0.167075
238079,0.18134666666666668
238080,0.19160333333333332
238081,0.203825
238082,0.2159616666666667
238083,0.22949999999999998
238084,0.24570833333333333
238085,0.2659725
238086,0.28607750000000004
238087,0.2970616666666667
238088,0.3087783333333333
238089,0.32235166666666665
238090,0.3409683333333334
238091,0.3550816666666667
238092,0.37136416666666666
238093,0.39093833333333333
238094,0.41543750000000007
238095,0.44966500000000004
238096,0.48190583333333337
238097,0.5124925
238098,0.5397875
238099,0.5636408333333333
238100,0.5840216666666667
238101,0.6022341666666667
238102,0.6282
238103,0.6480841666666667
238104,0.6702641666666665
238105,0.6849216666666667
238106,0.7112325
238107,0.7369658333333333
238108,0.7599233333333333
238109,0.7824074999999999
238110,0.7993908333333334
238111,0.8148091666666666
238112,0.830745
238113,0.8488908333333334
238114,0.8671016666666667
238115,0.8839825
238116,0.9032708333333334
238117,0.9193300000000001
238118,0.9395833333333333
238119,0.9552741666666668
238120,0.9710116666666667
238121,0.9782474999999999
238122,0.9817566666666667
238123,0.9812408333333333
238124,0.9788658333333334
238125,0.9743774999999999
238126,0.9677741666666666
238127,0.961485
238128,0.9559216666666667
238129,0.9509041666666668
238130,0.9449299999999999
238131,0.9374666666666668
238132,0.931345
238133,0.9244691666666667
238134,0.9162608333333334
238135,0.9096858333333333
238136,0.9031241666666667
238137,0.8973591666666666
238138,0.8890058333333334
238139,0.8805391666666667
238140,0.8720208333333335
238141,0.8722233333333332
238142,0.8732591666666667
238143,0.8723825000000001
238144,0.8625858333333334
238145,0.8569475
238146,0.8542283333333334
238147,0.8527891666666666
238148,0.8475758333333333
238149,0.8423783333333332
238150,0.8325016666666667
238151,0.8187141666666666
238152,0.8005108333333334
238153,0.7806949999999999
238154,0.7603666666666666
238155,0.7390116666666666
238156,0.7105916666666665
238157,0.6785008333333333
238158,0.6443774999999999
238159,0.6191433333333334
238160,0.5932191666666667
238161,0.5603958333333333
238162,0.5265799999999999
238163,0.494335
238164,0.4825508333333334
238165,0.47518333333333335
238166,0.4770791666666667
238167,0.4812916666666667
238168,0.49352250000000003
238169,0.5052508333333333
238170,0.5183800000000001
238171,0.5285025
238172,0.5320216666666667
238173,0.5357033333333334
238174,0.5457158333333333
238175,0.5498466666666667
238176,0.5620975
238177,0.5736983333333332
238178,0.5882141666666667
238179,0.5861216666666667
238180,0.5828816666666666
238181,0.5726108333333334
238182,0.5714058333333333
238183,0.5673966666666667
238184,0.5628291666666667
238185,0.5647266666666667
238186,0.5704358333333334
238187,0.5831191666666666
238188,0.601825
238189,0.6124125
238190,0.6259666666666667
238191,0.6411925
238192,0.6574091666666667
238193,0.6751716666666667
238194,0.6891016666666668
238195,0.70583
238196,0.7265825
238197,0.7399516666666667
238198,0.758115
238199,0.7788233333333334
238200,0.7934508333333333
238201,0.8056033333333334
238202,0.82131
238203,0.8335191666666667
238204,0.8471858333333333
238205,0.8602124999999999
238206,0.8680116666666666
238207,0.8739683333333333
238208,0.8803833333333333
238209,0.887105
238210,0.8941233333333334
238211,0.8977433333333332
238212,0.9022249999999999
238213,0.9032125000000001
238214,0.90382
238215,0.90409
238216,0.9072291666666666
238217,0.9091075
238218,0.9108358333333333
238219,0.9105725
238220,0.9105691666666667
238221,0.9140383333333334
238222,0.9178
238223,0.9177758333333333
238224,0.9178841666666667
238225,0.9151475
238226,0.9138283333333334
238227,0.91183
238228,0.9087033333333333
238229,0.9064666666666666
238230,0.9059083333333333
238231,0.9048625
238232,0.9036691666666667
238233,0.9036483333333334
238234,0.9059033333333333
238235,0.9090925000000001
238236,0.9104841666666666
238237,0.9115441666666666
238238,0.9147208333333334
238239,0.917725
238240,0.9203024999999999
238241,0.9223483333333333
238242,0.9245041666666667
238243,0.9274074999999999
238244,0.919795
238245,0.9123133333333333
238246,0.9051224999999999
238247,0.8972733333333333
238248,0.88767
238249,0.8770375
238250,0.8666008333333334
238251,0.8563425
238252,0.844275
238253,0.8312616666666667
238254,0.8189125
238255,0.8005116666666667
238256,0.7835475
238257,0.7654883333333334
238258,0.7496433333333333
238259,0.7446958333333333
238260,0.7376816666666667
238261,0.7255908333333334
238262,0.7159566666666667
238263,0.7075383333333334
238264,0.6993083333333333
238265,0.68754
238266,0.6851016666666667
238267,0.6834433333333334
238268,0.6817216666666667
238269,0.6754025
238270,0.6804225
238271,0.6751616666666667
238272,0.6653075
238273,0.6482408333333333
238274,0.6246958333333333
238275,0.6011991666666667
238276,0.5851708333333333
238277,0.5667791666666667
238278,0.5473458333333333
238279,0.531025
238280,0.5188383333333333
238281,0.5023658333333334
238282,0.48943
238283,0.4764908333333333
238284,0.47176166666666663
238285,0.46998833333333334
238286,0.4780716666666667
238287,0.49070583333333334
238288,0.5107116666666667
238289,0.5391066666666666
238290,0.5695133333333333
238291,0.59711
238292,0.6254558333333333
238293,0.6557091666666667
238294,0.6798216666666668
238295,0.6936191666666666
238296,0.697485
238297,0.6934475
238298,0.6929424999999999
238299,0.6899041666666667
238300,0.6734500000000001
238301,0.6549458333333333
238302,0.6309808333333334
238303,0.5986875
238304,0.562485
238305,0.5285691666666666
238306,0.4898516666666667
238307,0.45013
238308,0.40883749999999996
238309,0.3668133333333333
238310,0.3375108333333333
238311,0.311585
238312,0.30953083333333337
238313,0.3089508333333333
238314,0.30674416666666665
238315,0.3119466666666667
238316,0.31979500000000005
238317,0.3312866666666666
238318,0.3493116666666667
238319,0.3645091666666667
238320,0.38121000000000005
238321,0.4000591666666667
238322,0.4171991666666667
238323,0.44102916666666664
238324,0.46479833333333337
238325,0.48340500000000003
238326,0.50508
238327,0.50461
238328,0.49642250000000004
238329,0.4898025
238330,0.4818108333333333
238331,0.47750583333333335
238332,0.4816375
238333,0.48478583333333336
238334,0.48966666666666664
238335,0.48871416666666667
238336,0.4954308333333333
238337,0.51038
238338,0.5084308333333334
238339,0.5170941666666666
238340,0.5190733333333334
238341,0.5151916666666666
238342,0.5203891666666667
238343,0.5303175
238344,0.5341524999999999
238345,0.52331
238346,0.5051966666666666
238347,0.4856083333333333
238348,0.47089
238349,0.45844583333333333
238350,0.4439725
238351,0.42406916666666666
238352,0.4006866666666667
238353,0.387075
238354,0.3650791666666667
238355,0.3491375
238356,0.33293000000000006
238357,0.31753250000000005
238358,0.3097433333333333
238359,0.30366166666666666
238360,0.3117141666666667
238361,0.32680333333333333
238362,0.32718083333333337
238363,0.3241866666666667
238364,0.3153841666666667
238365,0.3096125
238366,0.3050125
238367,0.3198983333333334
238368,0.3318508333333333
238369,0.3433758333333333
238370,0.3553841666666667
238371,0.3706175
238372,0.37492000000000003
238373,0.37431083333333337
238374,0.37666083333333333
238375,0.38383750000000005
238376,0.38566833333333334
238377,0.39100416666666665
238378,0.39292000000000005
238379,0.4077975
238380,0.43328666666666665
238381,0.45416416666666665
238382,0.4691933333333333
238383,0.49158916666666663
238384,0.5105325
238385,0.5215425
238386,0.5357433333333332
238387,0.5510741666666666
238388,0.5612133333333332
238389,0.5721575
238390,0.5758416666666667
238391,0.5791891666666668
238392,0.5659791666666667
238393,0.5623283333333333
238394,0.5488166666666667
238395,0.5289291666666667
238396,0.5296941666666667
238397,0.519505
238398,0.5111008333333333
238399,0.50912
238400,0.5154208333333333
238401,0.5089733333333334
238402,0.5086791666666667
238403,0.5052066666666667
238404,0.5043108333333334
238405,0.5188091666666667
238406,0.53811
238407,0.5778716666666667
238408,0.6111466666666667
238409,0.6412258333333333
238410,0.6643783333333333
238411,0.6731075
238412,0.6800341666666667
238413,0.6834541666666668
238414,0.68544
238415,0.6899741666666668
238416,0.7020616666666667
238417,0.7031175
238418,0.7131591666666667
238419,0.7279708333333333
238420,0.7294183333333333
238421,0.7190458333333333
238422,0.7180916666666667
238423,0.7228666666666667
238424,0.7364750000000001
238425,0.7559983333333334
238426,0.774355
238427,0.7900858333333333
238428,0.8050274999999999
238429,0.8207875
238430,0.8357166666666667
238431,0.8537350000000001
238432,0.8803558333333333
238433,0.9022958333333333
238434,0.9168233333333333
238435,0.9316516666666668
238436,0.95445
238437,0.971105
238438,0.9809625
238439,0.9877116666666665
238440,0.99096
238441,0.9928091666666667
238442,0.9940908333333334
238443,0.9946916666666666
238444,0.995105
238445,0.9951599999999999
238446,0.9941891666666666
238447,0.9934658333333333
238448,0.9922416666666667
238449,0.9902350000000001
238450,0.9875566666666666
238451,0.9818183333333333
238452,0.9748475
238453,0.9630191666666668
238454,0.9472100000000001
238455,0.9319033333333333
238456,0.9173116666666666
238457,0.90314
238458,0.8932616666666667
238459,0.8827008333333333
238460,0.87166
238461,0.859205
238462,0.8369558333333333
238463,0.8124783333333333
238464,0.7797466666666666
238465,0.7477874999999999
238466,0.7062674999999999
238467,0.6642033333333333
238468,0.6242083333333334
238469,0.5847341666666667
238470,0.5442433333333334
238471,0.5075274999999999
238472,0.4698508333333333
238473,0.42971166666666666
238474,0.38171666666666665
238475,0.3327125
238476,0.28440750000000004
238477,0.24544249999999998
238478,0.20906833333333333
238479,0.18707749999999998
238480,0.16316500000000003
238481,0.14663166666666666
238482,0.13121166666666667
238483,0.11947916666666666
238484,0.11101583333333333
238485,0.10243333333333333
238486,0.089095
238487,0.07987333333333332
238488,0.06958666666666667
238489,0.07428666666666667
238490,0.0785425
238491,0.0940875
238492,0.10996
238493,0.12050999999999999
238494,0.12141083333333333
238495,0.12263416666666667
238496,0.12776083333333335
238497,0.13419166666666668
238498,0.14090666666666665
238499,0.1459375
238500,0.15038500000000002
238501,0.15550499999999998
238502,0.15836333333333336
238503,0.15719916666666667
238504,0.15256750000000002
238505,0.14942833333333333
238506,0.13761583333333333
238507,0.12554916666666666
238508,0.12300416666666666
238509,0.12377166666666667
238510,0.12297583333333334
238511,0.12342083333333333
238512,0.12256666666666667
238513,0.12158333333333333
238514,0.12228666666666667
238515,0.12280333333333333
238516,0.1231525
238517,0.12037333333333335
238518,0.11997833333333333
238519,0.117245
238520,0.11670749999999999
238521,0.11790583333333335
238522,0.1168725
238523,0.111805
238524,0.10674416666666667
238525,0.10697166666666667
238526,0.11809333333333334
238527,0.13321
238528,0.14701666666666666
238529,0.15479583333333335
238530,0.1716675
238531,0.19527
238532,0.22205250000000004
238533,0.245305
238534,0.2690291666666667
238535,0.2902591666666667
238536,0.3123108333333333
238537,0.3333316666666667
238538,0.359405
238539,0.387685
238540,0.41588583333333334
238541,0.4373841666666667
238542,0.4571575
238543,0.48332916666666664
238544,0.5210175
238545,0.5456008333333333
238546,0.5581166666666667
238547,0.5673633333333333
238548,0.5783308333333333
238549,0.5849891666666667
238550,0.5793975
238551,0.5699366666666666
238552,0.5640025000000001
238553,0.5556833333333333
238554,0.538645
238555,0.5256375
238556,0.5067675
238557,0.48352500000000004
238558,0.45449749999999994
238559,0.4237933333333333
238560,0.3989125
238561,0.37285666666666667
238562,0.34266583333333334
238563,0.31208916666666664
238564,0.2822733333333334
238565,0.26753249999999995
238566,0.25610416666666663
238567,0.2493175
238568,0.242695
238569,0.25480749999999996
238570,0.26322833333333334
238571,0.2735258333333333
238572,0.29647083333333335
238573,0.32259083333333327
238574,0.33209666666666665
238575,0.34721916666666675
238576,0.36698416666666667
238577,0.3977191666666666
238578,0.43260583333333336
238579,0.46941499999999997
238580,0.5105016666666666
238581,0.5516825
238582,0.58612
238583,0.6166333333333334
238584,0.6360191666666667
238585,0.6530991666666668
238586,0.6747208333333333
238587,0.6868008333333333
238588,0.6922758333333333
238589,0.7136674999999999
238590,0.7299025
238591,0.7507166666666668
238592,0.7676758333333333
238593,0.7836233333333333
238594,0.80001
238595,0.8086766666666667
238596,0.8129841666666667
238597,0.8145399999999999
238598,0.8170333333333333
238599,0.8210408333333333
238600,0.8286858333333332
238601,0.8323783333333333
238602,0.8363625
238603,0.8435516666666666
238604,0.8469216666666667
238605,0.8487441666666666
238606,0.8458833333333333
238607,0.8407008333333333
238608,0.8340416666666667
238609,0.8236358333333335
238610,0.8148791666666667
238611,0.8066308333333333
238612,0.7990274999999999
238613,0.7916475
238614,0.7859216666666667
238615,0.7680625
238616,0.7433316666666666
238617,0.7168633333333333
238618,0.68998
238619,0.6555208333333333
238620,0.6190533333333333
238621,0.5758433333333334
238622,0.5307541666666666
238623,0.48921416666666667
238624,0.446695
238625,0.4030158333333333
238626,0.3577025
238627,0.31615916666666666
238628,0.2747925
238629,0.23134916666666666
238630,0.19854916666666664
238631,0.1728583333333333
238632,0.14691083333333335
238633,0.12213666666666666
238634,0.105375
238635,0.09292666666666667
238636,0.09295333333333332
238637,0.09630666666666668
238638,0.1007825
238639,0.11090833333333333
238640,0.12307583333333333
238641,0.13802499999999998
238642,0.1639225
238643,0.19352083333333334
238644,0.22204083333333333
238645,0.24643833333333334
238646,0.27076666666666666
238647,0.29981833333333335
238648,0.33156166666666664
238649,0.37407999999999997
238650,0.4185958333333334
238651,0.45610249999999997
238652,0.4947358333333334
238653,0.5321258333333333
238654,0.5686724999999999
238655,0.6032375000000001
238656,0.6402924999999999
238657,0.6664941666666667
238658,0.6866641666666667
238659,0.70809
238660,0.7324333333333333
238661,0.75699
238662,0.7762300000000001
238663,0.7923141666666667
238664,0.7951341666666667
238665,0.7970541666666667
238666,0.802805
238667,0.802875
238668,0.7994858333333333
238669,0.7948691666666667
238670,0.7871225000000001
238671,0.782525
238672,0.774265
238673,0.7716333333333333
238674,0.7661825
238675,0.7605091666666667
238676,0.7542574999999999
238677,0.7460825000000001
238678,0.7398033333333334
238679,0.7376791666666667
238680,0.723565
238681,0.6965908333333334
238682,0.6746041666666667
238683,0.6508083333333333
238684,0.6282658333333333
238685,0.6081366666666667
238686,0.5886008333333332
238687,0.5776874999999999
238688,0.5573266666666666
238689,0.5310508333333334
238690,0.5106875
238691,0.49116333333333334
238692,0.473445
238693,0.459095
238694,0.4406341666666666
238695,0.43131416666666667
238696,0.4338775
238697,0.4379833333333333
238698,0.4435958333333333
238699,0.45084166666666664
238700,0.4601133333333333
238701,0.4595708333333333
238702,0.4543066666666667
238703,0.4590491666666666
238704,0.47213999999999995
238705,0.47365749999999995
238706,0.4753433333333333
238707,0.48475
238708,0.492255
238709,0.4968383333333334
238710,0.5010399999999999
238711,0.5062441666666666
238712,0.5112216666666667
238713,0.5161625
238714,0.5185633333333334
238715,0.516735
238716,0.5187275
238717,0.5182008333333333
238718,0.51802
238719,0.52226
238720,0.536335
238721,0.5523783333333334
238722,0.5629700000000001
238723,0.568055
238724,0.5798416666666667
238725,0.5964875000000001
238726,0.6178925
238727,0.6337008333333334
238728,0.6509683333333334
238729,0.6692374999999999
238730,0.6943108333333333
238731,0.7188658333333334
238732,0.7463650000000001
238733,0.76981
238734,0.7838449999999999
238735,0.7942925
238736,0.8019216666666666
238737,0.8111691666666666
238738,0.8212974999999999
238739,0.8330516666666666
238740,0.84031
238741,0.8415008333333334
238742,0.8446166666666667
238743,0.8483083333333333
238744,0.8482933333333335
238745,0.8417358333333332
238746,0.8348708333333333
238747,0.8189608333333334
238748,0.8027241666666666
238749,0.7890366666666667
238750,0.7742933333333333
238751,0.755205
238752,0.7305866666666667
238753,0.7067216666666667
238754,0.6825166666666667
238755,0.6660091666666668
238756,0.6454991666666667
238757,0.6284241666666667
238758,0.6118950000000001
238759,0.59283
238760,0.5892700000000001
238761,0.5878358333333333
238762,0.5972658333333334
238763,0.6079016666666667
238764,0.6222816666666666
238765,0.6374125
238766,0.6565316666666667
238767,0.6823433333333334
238768,0.7077533333333333
238769,0.7317833333333332
238770,0.7475183333333333
238771,0.7681858333333333
238772,0.7894008333333333
238773,0.8104708333333334
238774,0.8381183333333333
238775,0.8520350000000001
238776,0.8630574999999999
238777,0.8714366666666666
238778,0.8789041666666667
238779,0.8834599999999999
238780,0.88526
238781,0.8843441666666666
238782,0.8748874999999999
238783,0.8633816666666667
238784,0.8512483333333333
238785,0.8349274999999999
238786,0.8127191666666665
238787,0.784225
238788,0.7503675
238789,0.7122241666666668
238790,0.6809466666666667
238791,0.6532116666666667
238792,0.6331583333333334
238793,0.6172258333333333
238794,0.5993441666666667
238795,0.5886316666666666
238796,0.5820175
238797,0.5837283333333334
238798,0.5868183333333333
238799,0.5915533333333334
238800,0.6015991666666667
238801,0.6162608333333334
238802,0.6361991666666668
238803,0.6643933333333334
238804,0.6964483333333332
238805,0.7222649999999999
238806,0.7438275
238807,0.7595791666666666
238808,0.76852
238809,0.7718825
238810,0.7720316666666667
238811,0.7676091666666667
238812,0.7611024999999999
238813,0.7589808333333333
238814,0.7543791666666666
238815,0.7516133333333334
238816,0.7492916666666667
238817,0.7460083333333334
238818,0.7397549999999999
238819,0.7313966666666667
238820,0.7246808333333334
238821,0.7218166666666667
238822,0.7116791666666666
238823,0.6984908333333333
238824,0.6912408333333333
238825,0.6769183333333333
238826,0.6665391666666666
238827,0.6558008333333334
238828,0.6463475
238829,0.6418475000000001
238830,0.638465
238831,0.6339933333333333
238832,0.6279958333333333
238833,0.6240016666666667
238834,0.6167608333333334
238835,0.6072766666666667
238836,0.5991141666666667
238837,0.5977716666666667
238838,0.6019183333333334
238839,0.6057683333333334
238840,0.6133258333333332
238841,0.6202000000000001
238842,0.6308050000000001
238843,0.6381183333333333
238844,0.6476866666666666
238845,0.654
238846,0.6594791666666666
238847,0.670965
238848,0.6801016666666667
238849,0.6981025
238850,0.7165
238851,0.7300316666666666
238852,0.7445058333333333
238853,0.7575725
238854,0.7734625
238855,0.7920041666666667
238856,0.8104658333333333
238857,0.8244183333333334
238858,0.8372483333333333
238859,0.8433475
238860,0.8493633333333332
238861,0.8553658333333334
238862,0.8568250000000001
238863,0.8578883333333334
238864,0.8531949999999999
238865,0.8472683333333334
238866,0.8436591666666667
238867,0.833565
238868,0.8111658333333334
238869,0.7863074999999999
238870,0.7611858333333333
238871,0.7400541666666667
238872,0.7273258333333333
238873,0.7163141666666667
238874,0.7102891666666667
238875,0.7071458333333334
238876,0.7104116666666668
238877,0.7143516666666667
238878,0.7188533333333333
238879,0.7242933333333333
238880,0.7309441666666666
238881,0.7367475
238882,0.7451525
238883,0.7667883333333333
238884,0.7885291666666667
238885,0.81254
238886,0.8318583333333334
238887,0.8428558333333334
238888,0.8496608333333333
238889,0.8458083333333334
238890,0.8404775000000001
238891,0.8270941666666667
238892,0.8119316666666666
238893,0.7990516666666667
238894,0.7901733333333334
238895,0.7794275
238896,0.7603041666666666
238897,0.73632
238898,0.7108924999999999
238899,0.6819016666666666
238900,0.6461283333333333
238901,0.6052433333333334
238902,0.5648716666666667
238903,0.5271366666666667
238904,0.5002549999999999
238905,0.47562333333333334
238906,0.45555416666666665
238907,0.4386283333333333
238908,0.42325833333333335
238909,0.41026416666666665
238910,0.3965008333333333
238911,0.3958816666666667
238912,0.40796999999999994
238913,0.435455
238914,0.4687125
238915,0.5054158333333334
238916,0.5497166666666666
238917,0.5915808333333333
238918,0.6327
238919,0.6666525
238920,0.6959483333333334
238921,0.7297208333333333
238922,0.7558641666666667
238923,0.7726016666666666
238924,0.7809691666666667
238925,0.7897625
238926,0.7914808333333333
238927,0.7831899999999999
238928,0.7505275
238929,0.7206124999999999
238930,0.6883958333333333
238931,0.6585716666666667
238932,0.6245933333333333
238933,0.586325
238934,0.5525166666666668
238935,0.5199833333333334
238936,0.4824733333333333
238937,0.4521225
238938,0.42362583333333337
238939,0.3938966666666667
238940,0.36215166666666665
238941,0.33235833333333337
238942,0.30722666666666665
238943,0.2908016666666667
238944,0.27145416666666666
238945,0.2532258333333333
238946,0.23047333333333334
238947,0.21164750000000002
238948,0.19943833333333333
238949,0.18395
238950,0.16722166666666669
238951,0.14980333333333334
238952,0.13063083333333333
238953,0.114515
238954,0.10186916666666666
238955,0.09589666666666667
238956,0.08793583333333332
238957,0.0805525
238958,0.07358916666666666
238959,0.06577166666666666
238960,0.05856833333333333
238961,0.05128416666666667
238962,0.04663416666666667
238963,0.0427225
238964,0.041875833333333334
238965,0.047231666666666665
238966,0.05632166666666667
238967,0.07082000000000001
238968,0.0858825
238969,0.09750666666666667
238970,0.10492083333333334
238971,0.11192666666666667
238972,0.11568333333333335
238973,0.11822
238974,0.12057166666666667
238975,0.1252383333333333
238976,0.12791166666666667
238977,0.1286225
238978,0.12627833333333333
238979,0.122085
238980,0.1121375
238981,0.09919583333333333
238982,0.08092916666666666
238983,0.06234166666666666
238984,0.04839333333333333
238985,0.037609166666666666
238986,0.029419166666666666
238987,0.02335
238988,0.0214875
238989,0.021319166666666667
238990,0.01974
238991,0.0195975
238992,0.020085833333333337
238993,0.023008333333333332
238994,0.024169166666666665
238995,0.024958333333333336
238996,0.0258425
238997,0.026764166666666665
238998,0.029925833333333332
238999,0.03626
239000,0.04380666666666667
239001,0.04921916666666667
239002,0.05715666666666667
239003,0.06132250000000001
239004,0.06490416666666667
239005,0.06611833333333333
239006,0.0682125
239007,0.07557499999999999
239008,0.08335
239009,0.10054416666666667
239010,0.1216575
239011,0.14990166666666666
239012,0.18465666666666666
239013,0.20147500000000002
239014,0.22208666666666668
239015,0.26021
239016,0.30141333333333337
239017,0.3442691666666667
239018,0.38947499999999996
239019,0.4370441666666667
239020,0.48912083333333334
239021,0.5454833333333333
239022,0.5988950000000001
239023,0.6512083333333333
239024,0.6965
239025,0.7381800000000001
239026,0.7731866666666666
239027,0.8021783333333334
239028,0.8473400000000001
239029,0.8854416666666666
239030,0.9049075
239031,0.9236533333333334
239032,0.9380733333333333
239033,0.95267
239034,0.9647916666666667
239035,0.9741241666666666
239036,0.97866
239037,0.982245
239038,0.9844766666666666
239039,0.9848075
239040,0.9851858333333333
239041,0.98438
239042,0.9819125
239043,0.9777933333333334
239044,0.9671458333333334
239045,0.9496891666666667
239046,0.9317775
239047,0.9080066666666667
239048,0.8800891666666666
239049,0.8520291666666666
239050,0.814745
239051,0.7727225000000001
239052,0.7285441666666667
239053,0.6701091666666668
239054,0.61079
239055,0.5499224999999999
239056,0.486975
239057,0.42513500000000004
239058,0.3646025
239059,0.3108666666666667
239060,0.26373
239061,0.2167125
239062,0.17630833333333337
239063,0.1393925
239064,0.10232416666666667
239065,0.07464083333333332
239066,0.052119166666666675
239067,0.03143833333333333
239068,0.0267375
239069,0.024361666666666667
239070,0.022843333333333334
239071,0.023565
239072,0.02439166666666667
239073,0.025464166666666666
239074,0.026945833333333336
239075,0.02828666666666667
239076,0.029579166666666667
239077,0.03047416666666667
239078,0.0484625
239079,0.06943833333333332
239080,0.08312916666666667
239081,0.09453
239082,0.10722583333333334
239083,0.11638916666666667
239084,0.12591500000000003
239085,0.13392500000000002
239086,0.14259166666666667
239087,0.15095916666666667
239088,0.1570541666666667
239089,0.1615933333333333
239090,0.16729249999999998
239091,0.1730825
239092,0.17731250000000004
239093,0.16751583333333334
239094,0.15524166666666664
239095,0.14978
239096,0.14740000000000003
239097,0.14163916666666668
239098,0.13717500000000002
239099,0.12950333333333333
239100,0.1240925
239101,0.11838833333333333
239102,0.112115
239103,0.10958583333333333
239104,0.10634833333333332
239105,0.10614416666666666
239106,0.10774416666666667
239107,0.1104125
239108,0.10986166666666666
239109,0.11136249999999999
239110,0.11946666666666667
239111,0.12433000000000001
239112,0.13389333333333334
239113,0.14658583333333333
239114,0.16693333333333332
239115,0.18681833333333336
239116,0.21051999999999998
239117,0.23584416666666666
239118,0.25793166666666667
239119,0.289605
239120,0.32528166666666664
239121,0.3564308333333333
239122,0.3908366666666667
239123,0.42678666666666665
239124,0.46411916666666664
239125,0.4847791666666667
239126,0.5196525
239127,0.5560983333333333
239128,0.5897483333333332
239129,0.6179341666666667
239130,0.6305599999999999
239131,0.6514641666666666
239132,0.6713008333333333
239133,0.6822091666666666
239134,0.6787975
239135,0.6780241666666668
239136,0.6729133333333334
239137,0.664905
239138,0.6625966666666666
239139,0.6562583333333334
239140,0.6648841666666667
239141,0.6622891666666667
239142,0.6573841666666667
239143,0.6462775000000001
239144,0.6398958333333333
239145,0.6495375
239146,0.6482216666666667
239147,0.6452458333333334
239148,0.6534
239149,0.6659608333333333
239150,0.6672566666666666
239151,0.6756491666666666
239152,0.6766716666666667
239153,0.6679583333333333
239154,0.6644950000000001
239155,0.6724091666666666
239156,0.6802316666666666
239157,0.686665
239158,0.7004133333333333
239159,0.7108500000000001
239160,0.7271516666666665
239161,0.7402366666666667
239162,0.7539533333333333
239163,0.7680016666666667
239164,0.7835466666666666
239165,0.7996741666666668
239166,0.8174966666666666
239167,0.8429733333333334
239168,0.8712983333333334
239169,0.8927616666666667
239170,0.90056
239171,0.9055825
239172,0.9089558333333334
239173,0.9124175
239174,0.9176583333333334
239175,0.91767
239176,0.9171983333333332
239177,0.920905
239178,0.922785
239179,0.9226883333333333
239180,0.9114633333333333
239181,0.8978741666666666
239182,0.8751758333333334
239183,0.8536916666666666
239184,0.8368325
239185,0.7980108333333333
239186,0.7636633333333334
239187,0.7260816666666667
239188,0.6870175
239189,0.6387283333333333
239190,0.59211
239191,0.5481966666666668
239192,0.4980966666666667
239193,0.4466791666666667
239194,0.395995
239195,0.35386083333333335
239196,0.32245583333333333
239197,0.29896416666666664
239198,0.2693183333333334
239199,0.24010416666666667
239200,0.23278333333333334
239201,0.22517083333333335
239202,0.21641916666666666
239203,0.2077575
239204,0.21038916666666668
239205,0.21023166666666665
239206,0.2122666666666667
239207,0.2176533333333333
239208,0.22316666666666668
239209,0.23089666666666667
239210,0.24876666666666664
239211,0.26458666666666664
239212,0.286365
239213,0.3131875
239214,0.34692
239215,0.3725833333333333
239216,0.38944416666666665
239217,0.41663666666666666
239218,0.44610916666666667
239219,0.47435083333333333
239220,0.5054658333333334
239221,0.5005358333333334
239222,0.49693
239223,0.49954666666666664
239224,0.5078475
239225,0.5042883333333333
239226,0.4950708333333333
239227,0.48126083333333336
239228,0.46291333333333334
239229,0.4278166666666667
239230,0.39472250000000003
239231,0.3670741666666667
239232,0.33166583333333327
239233,0.29446916666666667
239234,0.25242166666666666
239235,0.20945916666666664
239236,0.19779083333333333
239237,0.1859025
239238,0.1705041666666667
239239,0.15167250000000002
239240,0.13927916666666668
239241,0.12791833333333333
239242,0.11845333333333334
239243,0.11248
239244,0.11446500000000001
239245,0.12326333333333332
239246,0.15205166666666667
239247,0.18062250000000002
239248,0.2112275
239249,0.24479749999999997
239250,0.2737208333333333
239251,0.3053
239252,0.34134666666666663
239253,0.3777933333333333
239254,0.4106283333333333
239255,0.43650249999999996
239256,0.46033833333333335
239257,0.48809416666666666
239258,0.522405
239259,0.5509299999999999
239260,0.5750041666666666
239261,0.5802958333333333
239262,0.5883616666666668
239263,0.5924641666666666
239264,0.5992808333333334
239265,0.6078358333333334
239266,0.6159333333333333
239267,0.6048466666666668
239268,0.5959916666666666
239269,0.5788783333333334
239270,0.5672966666666668
239271,0.5588216666666668
239272,0.5333016666666667
239273,0.5050858333333333
239274,0.48220583333333333
239275,0.46543500000000004
239276,0.44919
239277,0.43685083333333335
239278,0.439195
239279,0.43727333333333335
239280,0.4380483333333334
239281,0.44043166666666667
239282,0.4547908333333333
239283,0.4628091666666666
239284,0.4776108333333333
239285,0.49063666666666667
239286,0.49691833333333335
239287,0.5079583333333333
239288,0.5137075
239289,0.5201358333333334
239290,0.5149616666666667
239291,0.49594916666666666
239292,0.4710183333333333
239293,0.4330475
239294,0.3947158333333334
239295,0.35520666666666667
239296,0.3138816666666667
239297,0.27971416666666665
239298,0.24440000000000003
239299,0.21273666666666669
239300,0.1782008333333333
239301,0.14547666666666667
239302,0.11833083333333334
239303,0.09435166666666667
239304,0.06945333333333334
239305,0.0520025
239306,0.04846666666666666
239307,0.04978333333333333
239308,0.051879999999999996
239309,0.0550325
239310,0.063725
239311,0.07249
239312,0.07901333333333334
239313,0.0908225
239314,0.10331583333333333
239315,0.12235833333333333
239316,0.14148249999999998
239317,0.16048
239318,0.17442166666666667
239319,0.18884083333333335
239320,0.20226249999999998
239321,0.21487416666666667
239322,0.22476166666666667
239323,0.23834750000000002
239324,0.252655
239325,0.24707083333333335
239326,0.24827416666666666
239327,0.24813833333333332
239328,0.2507641666666667
239329,0.2543241666666667
239330,0.25574583333333334
239331,0.2591275
239332,0.2627241666666667
239333,0.27237416666666664
239334,0.27772583333333334
239335,0.28551750000000004
239336,0.29152
239337,0.2945066666666667
239338,0.2897291666666667
239339,0.2838408333333334
239340,0.29242666666666667
239341,0.29679083333333334
239342,0.3007983333333334
239343,0.30859
239344,0.30703916666666664
239345,0.3065966666666667
239346,0.30273333333333335
239347,0.3027116666666666
239348,0.3103458333333334
239349,0.32173416666666665
239350,0.3255583333333333
239351,0.3360366666666667
239352,0.3476183333333333
239353,0.36278
239354,0.38632333333333335
239355,0.413545
239356,0.43726333333333334
239357,0.46007999999999993
239358,0.4753616666666666
239359,0.5010433333333334
239360,0.524345
239361,0.5502900000000001
239362,0.5679325
239363,0.5906783333333333
239364,0.6121
239365,0.6399833333333333
239366,0.6660133333333333
239367,0.6959616666666667
239368,0.7246225000000001
239369,0.740785
239370,0.7533041666666667
239371,0.7678308333333334
239372,0.7787291666666667
239373,0.7872791666666666
239374,0.7957000000000001
239375,0.79861
239376,0.80058
239377,0.8117641666666667
239378,0.8075025
239379,0.8068908333333333
239380,0.8006616666666666
239381,0.7843300000000001
239382,0.7681574999999999
239383,0.7505975
239384,0.7347366666666667
239385,0.7196075
239386,0.70192
239387,0.68688
239388,0.6723991666666667
239389,0.6522366666666667
239390,0.64396
239391,0.6409900000000001
239392,0.6355583333333333
239393,0.6351575
239394,0.6294058333333333
239395,0.6271475
239396,0.6321775
239397,0.634225
239398,0.6360833333333333
239399,0.6473958333333333
239400,0.6583766666666667
239401,0.6729066666666665
239402,0.6850583333333333
239403,0.7003216666666667
239404,0.7100366666666666
239405,0.7167508333333333
239406,0.7216108333333333
239407,0.7205291666666667
239408,0.7134433333333333
239409,0.7109000000000001
239410,0.7098941666666667
239411,0.7092233333333333
239412,0.7111333333333333
239413,0.7223866666666666
239414,0.7247041666666667
239415,0.7262725000000001
239416,0.7265241666666667
239417,0.7315016666666667
239418,0.7347525
239419,0.7441416666666666
239420,0.7447608333333334
239421,0.7458125
239422,0.7518583333333333
239423,0.7554041666666667
239424,0.7534583333333332
239425,0.7536041666666666
239426,0.751205
239427,0.7442650000000001
239428,0.7314258333333333
239429,0.7220483333333333
239430,0.7140266666666668
239431,0.7037233333333333
239432,0.6910616666666666
239433,0.6801175
239434,0.6765375
239435,0.6817825
239436,0.6869350000000001
239437,0.6896950000000001
239438,0.6935408333333334
239439,0.7039083333333332
239440,0.70991
239441,0.7156325
239442,0.72627
239443,0.7347766666666666
239444,0.7430508333333333
239445,0.7473583333333332
239446,0.7523641666666667
239447,0.7499416666666666
239448,0.7418899999999999
239449,0.7281216666666667
239450,0.7157675
239451,0.6767941666666667
239452,0.6368816666666667
239453,0.60337
239454,0.5627875000000001
239455,0.5175741666666667
239456,0.47384416666666673
239457,0.4299991666666667
239458,0.38684666666666667
239459,0.34333250000000004
239460,0.3092725
239461,0.27528583333333334
239462,0.25499
239463,0.2406666666666667
239464,0.22917666666666667
239465,0.21543583333333333
239466,0.22418083333333333
239467,0.23603499999999997
239468,0.248665
239469,0.26678583333333333
239470,0.28725
239471,0.31048749999999997
239472,0.32831
239473,0.3440291666666667
239474,0.3645283333333333
239475,0.3819033333333333
239476,0.40722416666666666
239477,0.433425
239478,0.45836166666666667
239479,0.47945
239480,0.4937375
239481,0.5134425
239482,0.52532
239483,0.53278
239484,0.5422141666666666
239485,0.5581466666666667
239486,0.5722966666666667
239487,0.5937575
239488,0.6216825
239489,0.6482166666666667
239490,0.6743858333333334
239491,0.6920408333333333
239492,0.7013841666666667
239493,0.70856
239494,0.6818458333333334
239495,0.6596924999999999
239496,0.6263725
239497,0.6000708333333333
239498,0.5733983333333333
239499,0.5435633333333333
239500,0.51187
239501,0.478145
239502,0.43911999999999995
239503,0.39649
239504,0.35026666666666667
239505,0.3085283333333333
239506,0.26856833333333335
239507,0.23316416666666664
239508,0.20022583333333335
239509,0.20689833333333332
239510,0.21714833333333333
239511,0.2297375
239512,0.2388475
239513,0.254425
239514,0.27047666666666664
239515,0.2892041666666667
239516,0.3149608333333333
239517,0.3437016666666667
239518,0.36984416666666664
239519,0.39422583333333333
239520,0.411585
239521,0.44237000000000004
239522,0.4674341666666667
239523,0.47850333333333334
239524,0.4808808333333333
239525,0.47370083333333335
239526,0.4678566666666667
239527,0.4584308333333333
239528,0.4429716666666667
239529,0.4263283333333333
239530,0.4077308333333333
239531,0.38623833333333335
239532,0.3776491666666667
239533,0.3793491666666667
239534,0.390465
239535,0.40264249999999996
239536,0.40188666666666667
239537,0.40412916666666665
239538,0.42119416666666665
239539,0.44514166666666666
239540,0.4785808333333333
239541,0.518685
239542,0.5651166666666666
239543,0.6057783333333333
239544,0.6484941666666667
239545,0.6903933333333333
239546,0.7348441666666667
239547,0.7674733333333333
239548,0.7924566666666667
239549,0.8106308333333333
239550,0.8268658333333332
239551,0.8442391666666667
239552,0.8613941666666667
239553,0.8741725
239554,0.8839041666666667
239555,0.8909783333333333
239556,0.8955291666666666
239557,0.8861074999999999
239558,0.8801083333333334
239559,0.8765158333333333
239560,0.8713091666666666
239561,0.8597716666666666
239562,0.8434883333333333
239563,0.8270199999999999
239564,0.805075
239565,0.7812041666666667
239566,0.74329
239567,0.6998291666666667
239568,0.6611250000000001
239569,0.6232916666666667
239570,0.5894883333333334
239571,0.5571908333333333
239572,0.5376866666666665
239573,0.522835
239574,0.4990858333333333
239575,0.47870583333333333
239576,0.458555
239577,0.44336250000000005
239578,0.43037916666666665
239579,0.42305
239580,0.4208558333333333
239581,0.4320308333333333
239582,0.46000749999999996
239583,0.4886183333333333
239584,0.5156025000000001
239585,0.5400825
239586,0.5605183333333333
239587,0.5852158333333333
239588,0.6097483333333334
239589,0.6406741666666667
239590,0.6684633333333333
239591,0.6865475
239592,0.6986283333333334
239593,0.7049741666666667
239594,0.7206633333333333
239595,0.735255
239596,0.7447858333333334
239597,0.7327608333333333
239598,0.7166741666666666
239599,0.70509
239600,0.6960700000000001
239601,0.6917774999999999
239602,0.6793791666666668
239603,0.66667
239604,0.6481083333333333
239605,0.629125
239606,0.6205508333333333
239607,0.6177341666666667
239608,0.6147041666666666
239609,0.5976049999999999
239610,0.5792516666666666
239611,0.5632108333333333
239612,0.5603591666666666
239613,0.5594808333333333
239614,0.5570025
239615,0.5525166666666667
239616,0.5492058333333333
239617,0.5543291666666668
239618,0.5617141666666666
239619,0.575225
239620,0.596325
239621,0.6186408333333334
239622,0.643945
239623,0.6724208333333334
239624,0.7031766666666667
239625,0.7331
239626,0.765255
239627,0.7941433333333333
239628,0.8222183333333334
239629,0.8477750000000001
239630,0.8712725
239631,0.8891658333333333
239632,0.9045108333333334
239633,0.9154083333333334
239634,0.92359
239635,0.9250225000000001
239636,0.9260983333333334
239637,0.9204583333333333
239638,0.9143516666666667
239639,0.9052483333333333
239640,0.8961100000000001
239641,0.8859233333333333
239642,0.8763891666666666
239643,0.8642725
239644,0.8490008333333333
239645,0.8329666666666667
239646,0.8246775
239647,0.8169766666666667
239648,0.8100208333333333
239649,0.8100325
239650,0.8110016666666666
239651,0.8122624999999999
239652,0.8139516666666666
239653,0.8184091666666666
239654,0.8247658333333333
239655,0.8295208333333334
239656,0.8315850000000001
239657,0.8333741666666667
239658,0.8365308333333332
239659,0.8431741666666667
239660,0.8525308333333333
239661,0.855545
239662,0.8576316666666666
239663,0.8629241666666666
239664,0.8643316666666666
239665,0.8665225
239666,0.8692008333333334
239667,0.8730991666666666
239668,0.8756291666666667
239669,0.8790141666666667
239670,0.8838966666666667
239671,0.8866025
239672,0.888835
239673,0.8906758333333333
239674,0.8928975
239675,0.8922316666666666
239676,0.8870883333333334
239677,0.8824458333333334
239678,0.8748616666666666
239679,0.8681966666666667
239680,0.8617133333333334
239681,0.8573625
239682,0.8524508333333334
239683,0.848525
239684,0.845195
239685,0.8432391666666667
239686,0.8463025000000001
239687,0.8482541666666666
239688,0.8525816666666667
239689,0.8560066666666668
239690,0.8610566666666667
239691,0.8695408333333334
239692,0.87796
239693,0.8868983333333332
239694,0.8934641666666666
239695,0.8987099999999999
239696,0.9026025
239697,0.9040425
239698,0.901695
239699,0.9040541666666667
239700,0.9053016666666667
239701,0.9056441666666666
239702,0.90737
239703,0.9084675000000001
239704,0.9092341666666666
239705,0.9089333333333334
239706,0.9095558333333333
239707,0.9103866666666668
239708,0.9113066666666667
239709,0.9115758333333334
239710,0.9125150000000001
239711,0.9132183333333332
239712,0.9168558333333333
239713,0.9229758333333334
239714,0.9232233333333333
239715,0.9230824999999999
239716,0.8851216666666667
239717,0.8459208333333333
239718,0.8079466666666666
239719,0.7688366666666667
239720,0.7242266666666667
239721,0.6832391666666667
239722,0.6395141666666666
239723,0.5915133333333333
239724,0.5401983333333333
239725,0.4865608333333333
239726,0.4257775
239727,0.3648225
239728,0.3035258333333334
239729,0.24445333333333336
239730,0.18787666666666666
239731,0.17056583333333333
239732,0.15638583333333334
239733,0.14527833333333331
239734,0.1472725
239735,0.1555
239736,0.15872416666666667
239737,0.16732166666666667
239738,0.18083333333333332
239739,0.20168333333333335
239740,0.22713250000000001
239741,0.254795
239742,0.28118583333333336
239743,0.3063866666666667
239744,0.32538083333333334
239745,0.34650583333333335
239746,0.35934000000000005
239747,0.3702116666666667
239748,0.3771483333333333
239749,0.3729558333333333
239750,0.3664383333333333
239751,0.36021166666666665
239752,0.34967500000000007
239753,0.33705416666666665
239754,0.31915750000000004
239755,0.29904000000000003
239756,0.2831916666666667
239757,0.2744066666666667
239758,0.27388
239759,0.2730358333333333
239760,0.270475
239761,0.2789316666666667
239762,0.27982666666666667
239763,0.28347333333333335
239764,0.28252333333333335
239765,0.2747191666666666
239766,0.26513
239767,0.256255
239768,0.24790916666666665
239769,0.24139583333333334
239770,0.24402500000000002
239771,0.25068416666666665
239772,0.2563433333333333
239773,0.24797583333333334
239774,0.23961583333333333
239775,0.23187166666666664
239776,0.22590833333333335
239777,0.23087583333333334
239778,0.23354666666666668
239779,0.24090333333333333
239780,0.2548225
239781,0.26910249999999997
239782,0.283405
239783,0.29929
239784,0.3140733333333333
239785,0.31714
239786,0.3167483333333333
239787,0.31268749999999995
239788,0.3247991666666667
239789,0.34719583333333337
239790,0.3757
239791,0.40220333333333336
239792,0.42236083333333335
239793,0.44062
239794,0.4553566666666667
239795,0.47109333333333336
239796,0.4883308333333333
239797,0.5184983333333333
239798,0.5524883333333332
239799,0.5829258333333333
239800,0.6204766666666667
239801,0.65375
239802,0.6859216666666668
239803,0.7095616666666665
239804,0.7266183333333334
239805,0.7303324999999999
239806,0.7289899999999999
239807,0.733185
239808,0.7343666666666666
239809,0.7407616666666667
239810,0.7455708333333334
239811,0.7586741666666668
239812,0.7597608333333333
239813,0.7549633333333333
239814,0.7567041666666667
239815,0.7559858333333334
239816,0.7490208333333334
239817,0.7402416666666666
239818,0.7349141666666666
239819,0.7252466666666667
239820,0.7203766666666667
239821,0.7192825
239822,0.7146616666666666
239823,0.7204291666666668
239824,0.7244308333333332
239825,0.7323683333333333
239826,0.72823
239827,0.7257125
239828,0.7231508333333333
239829,0.7148249999999999
239830,0.7082525000000001
239831,0.7033725
239832,0.6965583333333334
239833,0.6870516666666667
239834,0.6850649999999999
239835,0.6805625000000001
239836,0.6658825
239837,0.65664
239838,0.644585
239839,0.633345
239840,0.6341791666666666
239841,0.6464658333333333
239842,0.6590208333333334
239843,0.6739508333333333
239844,0.6921166666666666
239845,0.7067275
239846,0.7287666666666667
239847,0.7538691666666667
239848,0.7723275
239849,0.7879491666666667
239850,0.8071858333333334
239851,0.8383608333333333
239852,0.8613208333333334
239853,0.8797558333333334
239854,0.8963141666666666
239855,0.8976991666666667
239856,0.8911408333333334
239857,0.8760716666666667
239858,0.8482283333333333
239859,0.8217366666666667
239860,0.793785
239861,0.7592958333333334
239862,0.7233324999999999
239863,0.6765325000000001
239864,0.6305166666666666
239865,0.5827175
239866,0.53036
239867,0.47967
239868,0.432395
239869,0.3876225
239870,0.34173749999999997
239871,0.3004225
239872,0.266055
239873,0.2408725
239874,0.2175116666666667
239875,0.1925325
239876,0.172625
239877,0.15845166666666669
239878,0.17475083333333333
239879,0.1872791666666667
239880,0.210975
239881,0.23678416666666666
239882,0.2656275
239883,0.2972683333333333
239884,0.32624
239885,0.3553625
239886,0.3754758333333334
239887,0.40258083333333333
239888,0.4344458333333333
239889,0.4475758333333334
239890,0.468445
239891,0.4888775
239892,0.5069116666666666
239893,0.5159666666666667
239894,0.5322583333333334
239895,0.5377416666666667
239896,0.5411058333333333
239897,0.5399733333333334
239898,0.5328516666666666
239899,0.53264
239900,0.5397833333333334
239901,0.5485016666666667
239902,0.5512433333333333
239903,0.5498341666666666
239904,0.5613358333333333
239905,0.5566466666666667
239906,0.5622491666666666
239907,0.55991
239908,0.5435816666666666
239909,0.5210766666666667
239910,0.4957575
239911,0.47095
239912,0.44149666666666665
239913,0.4115566666666667
239914,0.375255
239915,0.3333316666666667
239916,0.294745
239917,0.253785
239918,0.21440916666666665
239919,0.17833333333333334
239920,0.15384583333333335
239921,0.12357749999999999
239922,0.10619916666666666
239923,0.10834583333333334
239924,0.116055
239925,0.12980166666666668
239926,0.14450500000000002
239927,0.16323416666666665
239928,0.17984
239929,0.19703083333333332
239930,0.21964083333333334
239931,0.24367333333333333
239932,0.269895
239933,0.3046791666666666
239934,0.3397341666666666
239935,0.37129666666666666
239936,0.3943
239937,0.4125358333333333
239938,0.41802999999999996
239939,0.42004583333333334
239940,0.41792833333333335
239941,0.4141766666666667
239942,0.41359416666666665
239943,0.41555416666666667
239944,0.42221666666666663
239945,0.41980416666666664
239946,0.413575
239947,0.40579750000000003
239948,0.38407083333333336
239949,0.3576158333333333
239950,0.3280458333333333
239951,0.30597166666666664
239952,0.2880341666666667
239953,0.2696308333333333
239954,0.2527275
239955,0.24366166666666667
239956,0.244955
239957,0.24994166666666665
239958,0.2565191666666667
239959,0.2856125
239960,0.3201566666666667
239961,0.3580158333333333
239962,0.39638500000000004
239963,0.4413991666666667
239964,0.49185416666666665
239965,0.5495133333333334
239966,0.6068325
239967,0.6595666666666666
239968,0.7156008333333334
239969,0.7709491666666666
239970,0.8198516666666666
239971,0.86
239972,0.8970058333333333
239973,0.9334133333333333
239974,0.9426208333333332
239975,0.9508041666666666
239976,0.9586591666666667
239977,0.9660008333333333
239978,0.9723799999999999
239979,0.9773166666666667
239980,0.9808208333333333
239981,0.9833916666666667
239982,0.9851091666666666
239983,0.98627
239984,0.9878
239985,0.9889908333333334
239986,0.9901083333333334
239987,0.9916750000000001
239988,0.9931424999999999
239989,0.9943341666666666
239990,0.9956183333333334
239991,0.9965658333333334
239992,0.9973516666666667
239993,0.9978358333333333
239994,0.9982341666666666
239995,0.9985283333333332
239996,0.9988174999999999
239997,0.99909
239998,0.9989075
239999,0.9982508333333333
240000,0.9966366666666667
240001,0.9773374999999999
240002,0.9473008333333334
240003,0.9110433333333334
240004,0.8673941666666667
240005,0.8185675
240006,0.7653466666666666
240007,0.7150624999999999
240008,0.6645749999999999
240009,0.6132066666666667
240010,0.5633558333333334
240011,0.5162141666666666
240012,0.46067916666666664
240013,0.40125
240014,0.34065249999999997
240015,0.2806191666666667
240016,0.23780333333333334
240017,0.20357583333333334
240018,0.1766375
240019,0.15897916666666664
240020,0.148025
240021,0.14107583333333334
240022,0.13429083333333333
240023,0.1315575
240024,0.13277333333333333
240025,0.13188666666666665
240026,0.12942333333333333
240027,0.13382833333333333
240028,0.14496583333333335
240029,0.15496000000000001
240030,0.1700158333333333
240031,0.18376333333333333
240032,0.19996500000000003
240033,0.2162425
240034,0.2249425
240035,0.23740750000000002
240036,0.24966083333333336
240037,0.26224416666666667
240038,0.2680675
240039,0.26947916666666666
240040,0.27966166666666664
240041,0.28381333333333336
240042,0.2908708333333333
240043,0.30020416666666666
240044,0.30589416666666663
240045,0.3079875
240046,0.3129691666666667
240047,0.31711083333333334
240048,0.32124166666666665
240049,0.33225166666666667
240050,0.3448441666666666
240051,0.3565466666666667
240052,0.34805583333333334
240053,0.34151000000000004
240054,0.33660416666666665
240055,0.328495
240056,0.3206808333333333
240057,0.3138
240058,0.30524000000000007
240059,0.29651250000000007
240060,0.2899758333333333
240061,0.2863358333333333
240062,0.2828758333333333
240063,0.2797733333333333
240064,0.275875
240065,0.26213583333333335
240066,0.25270166666666666
240067,0.259045
240068,0.267575
240069,0.2781958333333333
240070,0.28398833333333334
240071,0.2844908333333333
240072,0.2826416666666667
240073,0.27756000000000003
240074,0.2787925
240075,0.27792583333333337
240076,0.2702675
240077,0.2615825
240078,0.25019166666666665
240079,0.23888583333333335
240080,0.22969166666666668
240081,0.21749749999999998
240082,0.20495999999999998
240083,0.19078416666666667
240084,0.17531083333333336
240085,0.15808333333333333
240086,0.14981666666666668
240087,0.14431666666666668
240088,0.13771999999999998
240089,0.13161166666666665
240090,0.1211
240091,0.1120175
240092,0.10384833333333333
240093,0.09745083333333333
240094,0.090525
240095,0.0825825
240096,0.07484083333333333
240097,0.06790166666666668
240098,0.06179916666666666
240099,0.054961666666666666
240100,0.049431666666666665
240101,0.045058333333333325
240102,0.0377
240103,0.03211833333333333
240104,0.02548166666666667
240105,0.02279375
240106,0.02124423076923077
240107,0.020021875
240108,0.017831818181818185
240109,0.015277500000000003
240110,0.015261111111111114
240111,0.015212500000000004
240112,0.0379453125
240113,0.044991666666666666
240114,0.04897625
240115,0.06487727272727273
240116,0.078925
240117,0.09987307692307693
240118,0.12340625000000001
240119,0.14463166666666666
240120,0.1724725
240121,0.20713833333333334
240122,0.24561333333333335
240123,0.28214083333333334
240124,0.3199016666666667
240125,0.3561533333333333
240126,0.39324250000000005
240127,0.4179608333333333
240128,0.44517833333333334
240129,0.4714966666666667
240130,0.4901533333333334
240131,0.5115458333333334
240132,0.5218200000000001
240133,0.5268783333333334
240134,0.5299775
240135,0.5389083333333333
240136,0.540425
240137,0.5405216666666667
240138,0.5440533333333334
240139,0.5422341666666667
240140,0.5403275000000001
240141,0.5334858333333333
240142,0.5381549999999999
240143,0.5325225
240144,0.5251266666666666
240145,0.5142558333333332
240146,0.4973058333333333
240147,0.47823000000000004
240148,0.45569
240149,0.43645833333333334
240150,0.4158325
240151,0.3990266666666667
240152,0.36930166666666664
240153,0.33882833333333334
240154,0.3080375
240155,0.27713583333333336
240156,0.24960916666666666
240157,0.221305
240158,0.1979466666666667
240159,0.17629999999999998
240160,0.15668
240161,0.13939916666666666
240162,0.12799583333333334
240163,0.11832000000000001
240164,0.10671083333333334
240165,0.09171916666666666
240166,0.075475
240167,0.06806916666666667
240168,0.060580833333333334
240169,0.05577916666666667
240170,0.05648916666666667
240171,0.0527575
240172,0.0510925
240173,0.04792166666666667
240174,0.046294166666666664
240175,0.045575
240176,0.0486025
240177,0.048635833333333336
240178,0.05023166666666667
240179,0.054733333333333335
240180,0.056404166666666665
240181,0.0567425
240182,0.05790833333333334
240183,0.0563125
240184,0.05422416666666667
240185,0.04828666666666667
240186,0.04602083333333333
240187,0.04293416666666667
240188,0.042429166666666664
240189,0.04340750000000001
240190,0.043335000000000005
240191,0.04062916666666667
240192,0.041063333333333334
240193,0.04311833333333334
240194,0.04176083333333333
240195,0.044579999999999995
240196,0.046913333333333335
240197,0.048875833333333334
240198,0.0527875
240199,0.056678333333333324
240200,0.06193083333333333
240201,0.07043666666666668
240202,0.07710583333333333
240203,0.08442583333333334
240204,0.09068833333333333
240205,0.09496166666666667
240206,0.09611916666666667
240207,0.09626666666666668
240208,0.09476333333333332
240209,0.0933475
240210,0.08904916666666667
240211,0.08557000000000001
240212,0.08307916666666666
240213,0.08814166666666666
240214,0.11128083333333333
240215,0.13752166666666668
240216,0.1620175
240217,0.18796500000000002
240218,0.20835
240219,0.2275083333333333
240220,0.25125166666666665
240221,0.2800891666666666
240222,0.3082133333333334
240223,0.33802
240224,0.36767416666666664
240225,0.3943991666666667
240226,0.41754083333333336
240227,0.44758000000000003
240228,0.4760083333333333
240229,0.4874166666666666
240230,0.49573666666666666
240231,0.5097008333333333
240232,0.52333
240233,0.541075
240234,0.554285
240235,0.5615033333333332
240236,0.5639583333333333
240237,0.5607291666666666
240238,0.5465333333333333
240239,0.5219658333333334
240240,0.5013525
240241,0.4852333333333333
240242,0.4604775
240243,0.4291491666666667
240244,0.3971216666666667
240245,0.3666725
240246,0.32896000000000003
240247,0.29044083333333337
240248,0.25067833333333334
240249,0.21704416666666668
240250,0.18625333333333333
240251,0.1577
240252,0.1362825
240253,0.12502416666666666
240254,0.12407083333333334
240255,0.12153
240256,0.122535
240257,0.12675
240258,0.13296333333333335
240259,0.13420833333333335
240260,0.133225
240261,0.13672333333333334
240262,0.14398083333333334
240263,0.1535075
240264,0.15988999999999998
240265,0.16605083333333331
240266,0.17335250000000002
240267,0.18170333333333336
240268,0.19331916666666668
240269,0.2094125
240270,0.22757333333333332
240271,0.2417225
240272,0.25615666666666664
240273,0.2659825
240274,0.2798616666666666
240275,0.27750416666666666
240276,0.27275
240277,0.2650633333333333
240278,0.2600616666666667
240279,0.26038083333333334
240280,0.26113916666666664
240281,0.25993333333333335
240282,0.25730749999999997
240283,0.24836333333333335
240284,0.2327766666666667
240285,0.21674666666666667
240286,0.20157666666666665
240287,0.18106083333333334
240288,0.1723775
240289,0.16817166666666666
240290,0.1852391666666667
240291,0.20484416666666666
240292,0.22921416666666666
240293,0.25073
240294,0.27255833333333335
240295,0.2961716666666667
240296,0.3208466666666666
240297,0.34746333333333335
240298,0.37692749999999997
240299,0.40350083333333336
240300,0.4330116666666667
240301,0.459615
240302,0.48548
240303,0.5034991666666666
240304,0.5198466666666667
240305,0.5299133333333333
240306,0.5335883333333334
240307,0.5362458333333334
240308,0.5516191666666667
240309,0.5598008333333334
240310,0.5661175
240311,0.5678341666666668
240312,0.5690425
240313,0.5651208333333334
240314,0.5637566666666667
240315,0.5579016666666666
240316,0.5522508333333334
240317,0.5505758333333334
240318,0.5521375000000001
240319,0.54801
240320,0.5418283333333334
240321,0.5351183333333334
240322,0.5322016666666667
240323,0.5265666666666667
240324,0.5278983333333334
240325,0.53143
240326,0.5388433333333335
240327,0.5154883333333333
240328,0.4990275
240329,0.487325
240330,0.47737833333333335
240331,0.4687291666666667
240332,0.4607241666666667
240333,0.45284416666666666
240334,0.448955
240335,0.44748166666666667
240336,0.4489958333333333
240337,0.44609499999999996
240338,0.43193
240339,0.41518416666666663
240340,0.39666416666666665
240341,0.37972
240342,0.38702583333333335
240343,0.39159
240344,0.3957283333333333
240345,0.3959475
240346,0.40001499999999995
240347,0.40956333333333333
240348,0.42653250000000004
240349,0.4498375
240350,0.468825
240351,0.49043083333333326
240352,0.504255
240353,0.5197216666666666
240354,0.5377799999999999
240355,0.5562283333333333
240356,0.5750491666666666
240357,0.6031183333333333
240358,0.6262766666666667
240359,0.6519099999999999
240360,0.6776033333333333
240361,0.6977675
240362,0.7084758333333333
240363,0.708525
240364,0.6982716666666666
240365,0.6904033333333334
240366,0.6778391666666667
240367,0.66923
240368,0.6596858333333333
240369,0.6445900000000001
240370,0.6271175000000001
240371,0.6109249999999999
240372,0.5916408333333334
240373,0.5730533333333333
240374,0.5551633333333333
240375,0.5255008333333333
240376,0.49690833333333334
240377,0.4730933333333333
240378,0.45294
240379,0.4375583333333334
240380,0.42493499999999995
240381,0.41323000000000004
240382,0.4054816666666667
240383,0.3910633333333333
240384,0.37796749999999996
240385,0.36610499999999996
240386,0.3510725
240387,0.34487166666666663
240388,0.34385499999999997
240389,0.34032999999999997
240390,0.3539175
240391,0.3665091666666667
240392,0.3798816666666667
240393,0.38907166666666665
240394,0.3996958333333333
240395,0.40285166666666666
240396,0.40412750000000003
240397,0.401565
240398,0.41207916666666666
240399,0.426245
240400,0.44211666666666666
240401,0.4562458333333333
240402,0.46062250000000005
240403,0.4699041666666667
240404,0.4761325
240405,0.470505
240406,0.46075499999999997
240407,0.4494491666666667
240408,0.437305
240409,0.4256216666666667
240410,0.42184583333333336
240411,0.42128750000000004
240412,0.42462416666666664
240413,0.41637083333333336
240414,0.41311916666666665
240415,0.40962583333333336
240416,0.4080758333333333
240417,0.40273749999999997
240418,0.39528083333333336
240419,0.3856
240420,0.3959941666666667
240421,0.4209133333333333
240422,0.44562
240423,0.47353166666666674
240424,0.5007925
240425,0.5240916666666666
240426,0.5435333333333333
240427,0.5583966666666667
240428,0.5833666666666667
240429,0.6007975
240430,0.6202375
240431,0.639555
240432,0.6599866666666667
240433,0.6742366666666667
240434,0.6958016666666667
240435,0.7118125000000001
240436,0.72089
240437,0.7308141666666667
240438,0.7419116666666666
240439,0.7490083333333334
240440,0.7583249999999999
240441,0.7720291666666665
240442,0.7859099999999999
240443,0.7954399999999999
240444,0.8075291666666666
240445,0.8174475
240446,0.8260666666666666
240447,0.8373608333333333
240448,0.8514166666666667
240449,0.8574383333333332
240450,0.8541341666666666
240451,0.845575
240452,0.8325375
240453,0.8174908333333334
240454,0.8023366666666667
240455,0.7936266666666666
240456,0.7891600000000001
240457,0.789415
240458,0.7930375000000001
240459,0.7947675000000001
240460,0.7930091666666667
240461,0.7927475
240462,0.7919683333333333
240463,0.7913175
240464,0.7943483333333334
240465,0.7998041666666666
240466,0.808875
240467,0.8205291666666666
240468,0.8301700000000001
240469,0.8410558333333333
240470,0.8463266666666667
240471,0.8495216666666666
240472,0.8448050000000001
240473,0.8405766666666666
240474,0.836565
240475,0.8346266666666666
240476,0.8314591666666667
240477,0.8253466666666667
240478,0.8167583333333333
240479,0.8026675
240480,0.7991283333333333
240481,0.7901050000000001
240482,0.7832650000000001
240483,0.7767883333333333
240484,0.770755
240485,0.7618458333333333
240486,0.7483391666666667
240487,0.7396816666666666
240488,0.7307325
240489,0.7204533333333334
240490,0.7117425
240491,0.7054899999999998
240492,0.7034291666666665
240493,0.6996375
240494,0.6963958333333333
240495,0.6855125
240496,0.6825433333333333
240497,0.6771383333333333
240498,0.6787216666666666
240499,0.6825291666666666
240500,0.6867991666666667
240501,0.6900116666666666
240502,0.6872208333333333
240503,0.6820225000000001
240504,0.6765024999999999
240505,0.6559583333333333
240506,0.6293916666666667
240507,0.6061658333333333
240508,0.5861683333333333
240509,0.5683658333333333
240510,0.5461825
240511,0.51673
240512,0.48962416666666664
240513,0.457675
240514,0.4261475
240515,0.3925916666666667
240516,0.3637833333333333
240517,0.33942750000000005
240518,0.3126841666666667
240519,0.2870525
240520,0.2756733333333334
240521,0.2654591666666667
240522,0.2514325
240523,0.24633500000000003
240524,0.24514416666666666
240525,0.24755166666666667
240526,0.26328999999999997
240527,0.27866583333333333
240528,0.28986833333333334
240529,0.29975583333333333
240530,0.3090058333333333
240531,0.3152825
240532,0.31933666666666666
240533,0.32397
240534,0.32975916666666666
240535,0.34720416666666665
240536,0.37412416666666665
240537,0.39974333333333334
240538,0.42401
240539,0.4447533333333333
240540,0.467735
240541,0.47603083333333335
240542,0.4854775
240543,0.49815166666666666
240544,0.5014325
240545,0.5120508333333333
240546,0.5084158333333334
240547,0.5088491666666666
240548,0.4940908333333333
240549,0.48013749999999994
240550,0.45517416666666666
240551,0.4258108333333333
240552,0.4033583333333333
240553,0.37170416666666667
240554,0.34405583333333334
240555,0.32121416666666663
240556,0.3111175
240557,0.29844000000000004
240558,0.27499833333333334
240559,0.26215333333333335
240560,0.2361775
240561,0.22604416666666666
240562,0.21313833333333332
240563,0.2210041666666667
240564,0.22799333333333335
240565,0.23359583333333334
240566,0.23108416666666667
240567,0.22318833333333332
240568,0.21954916666666666
240569,0.21540916666666668
240570,0.21267833333333333
240571,0.20066916666666668
240572,0.18904583333333333
240573,0.18787916666666668
240574,0.18122333333333335
240575,0.18625583333333334
240576,0.19274083333333333
240577,0.19756416666666665
240578,0.196015
240579,0.19506583333333333
240580,0.19509416666666665
240581,0.20331833333333332
240582,0.2058625
240583,0.20937166666666668
240584,0.207325
240585,0.1999
240586,0.196135
240587,0.19815
240588,0.208425
240589,0.223665
240590,0.23879833333333333
240591,0.24939333333333333
240592,0.25788083333333334
240593,0.261395
240594,0.2727875
240595,0.2856
240596,0.2990141666666667
240597,0.316685
240598,0.3268091666666667
240599,0.3418525
240600,0.37123083333333334
240601,0.40112333333333333
240602,0.4203
240603,0.4229516666666667
240604,0.43376583333333335
240605,0.4415383333333333
240606,0.4555683333333334
240607,0.4765
240608,0.5063016666666666
240609,0.5283641666666666
240610,0.5493541666666667
240611,0.5689233333333334
240612,0.5902566666666667
240613,0.6196316666666667
240614,0.6515975
240615,0.6657425
240616,0.6760116666666668
240617,0.6924841666666667
240618,0.7196266666666666
240619,0.7384258333333332
240620,0.7598625
240621,0.7775766666666667
240622,0.7967358333333333
240623,0.8127075
240624,0.829585
240625,0.8466858333333335
240626,0.8627325
240627,0.8783083333333334
240628,0.8906075
240629,0.9002783333333333
240630,0.9103583333333334
240631,0.9225758333333333
240632,0.9323908333333334
240633,0.9389966666666667
240634,0.9433366666666667
240635,0.9462183333333333
240636,0.949985
240637,0.9463858333333334
240638,0.9369708333333333
240639,0.92491
240640,0.91297
240641,0.8991825
240642,0.87617
240643,0.8423033333333334
240644,0.8006358333333333
240645,0.7625066666666667
240646,0.7233141666666667
240647,0.6993858333333333
240648,0.6760766666666667
240649,0.6548116666666667
240650,0.6400950000000001
240651,0.6233900000000001
240652,0.6167658333333333
240653,0.6070716666666667
240654,0.5959841666666666
240655,0.5732133333333334
240656,0.5525983333333334
240657,0.5344541666666667
240658,0.5258625
240659,0.5175125
240660,0.5043891666666667
240661,0.49250166666666667
240662,0.4634641666666667
240663,0.4347108333333333
240664,0.4147133333333333
240665,0.38993416666666664
240666,0.35848583333333334
240667,0.31804416666666663
240668,0.28264833333333333
240669,0.24705833333333335
240670,0.22946833333333333
240671,0.21252166666666666
240672,0.2022641666666667
240673,0.18883999999999998
240674,0.17861666666666665
240675,0.16867583333333333
240676,0.158125
240677,0.14978416666666666
240678,0.14615
240679,0.12915916666666666
240680,0.11207666666666667
240681,0.10082583333333334
240682,0.09349999999999999
240683,0.09114666666666667
240684,0.0922575
240685,0.08575333333333333
240686,0.079545
240687,0.07241583333333333
240688,0.06734333333333332
240689,0.065145
240690,0.06817833333333333
240691,0.07172916666666666
240692,0.08517166666666666
240693,0.09536166666666666
240694,0.11496833333333333
240695,0.13692833333333335
240696,0.16662416666666668
240697,0.1992708333333333
240698,0.22406166666666666
240699,0.245835
240700,0.26832666666666666
240701,0.28728583333333335
240702,0.3108241666666667
240703,0.33701166666666665
240704,0.3555325
240705,0.3700425
240706,0.37857749999999996
240707,0.38278
240708,0.3860275
240709,0.3762991666666667
240710,0.3621575
240711,0.34119916666666666
240712,0.3207975
240713,0.31312833333333334
240714,0.3057683333333333
240715,0.303915
240716,0.30828833333333333
240717,0.307175
240718,0.3042183333333333
240719,0.30916333333333335
240720,0.31153583333333335
240721,0.3191125
240722,0.3221541666666667
240723,0.3240125
240724,0.3318983333333333
240725,0.3459275
240726,0.3538216666666667
240727,0.36084083333333333
240728,0.37721750000000004
240729,0.38161999999999996
240730,0.3808316666666667
240731,0.3803066666666667
240732,0.38177833333333333
240733,0.3853258333333333
240734,0.3837225
240735,0.3954625
240736,0.4033325
240737,0.407385
240738,0.41126333333333337
240739,0.4188541666666667
240740,0.4191958333333333
240741,0.42272499999999996
240742,0.4223416666666667
240743,0.41367583333333335
240744,0.41558833333333334
240745,0.41642833333333334
240746,0.41888833333333336
240747,0.4301508333333333
240748,0.44621666666666665
240749,0.46838499999999994
240750,0.4838125
240751,0.49705916666666666
240752,0.513595
240753,0.5320374999999999
240754,0.5478175000000001
240755,0.5690966666666667
240756,0.5824608333333333
240757,0.5955016666666667
240758,0.5986083333333333
240759,0.6150258333333334
240760,0.6298483333333333
240761,0.635095
240762,0.6291916666666667
240763,0.6136791666666667
240764,0.6035283333333332
240765,0.5875316666666667
240766,0.5798541666666668
240767,0.5722791666666667
240768,0.5650383333333333
240769,0.5530425
240770,0.5418975
240771,0.5399575
240772,0.5381149999999999
240773,0.5488483333333334
240774,0.5481425000000001
240775,0.5470900000000001
240776,0.5497608333333334
240777,0.5491866666666667
240778,0.5532541666666667
240779,0.5523408333333334
240780,0.5511141666666667
240781,0.5457575
240782,0.5429466666666667
240783,0.5462066666666666
240784,0.5531216666666666
240785,0.5602400000000001
240786,0.567005
240787,0.5767383333333334
240788,0.5788816666666666
240789,0.5823891666666666
240790,0.5834008333333334
240791,0.5836450000000001
240792,0.5802533333333333
240793,0.57746
240794,0.577755
240795,0.5815175
240796,0.5863783333333333
240797,0.5801
240798,0.5639908333333333
240799,0.5486424999999999
240800,0.5305166666666666
240801,0.5163541666666667
240802,0.5005783333333333
240803,0.48333583333333335
240804,0.4701608333333333
240805,0.4597591666666666
240806,0.44547333333333333
240807,0.4376083333333333
240808,0.42825666666666673
240809,0.416875
240810,0.41341916666666667
240811,0.41479916666666666
240812,0.4044625
240813,0.3877966666666667
240814,0.3711858333333333
240815,0.3537633333333333
240816,0.3361291666666667
240817,0.31651416666666665
240818,0.2990275
240819,0.27809333333333336
240820,0.26285416666666667
240821,0.2547491666666667
240822,0.246355
240823,0.23493083333333334
240824,0.2476691666666667
240825,0.2527833333333333
240826,0.2525483333333333
240827,0.2743441666666666
240828,0.3070566666666667
240829,0.34300416666666667
240830,0.3757941666666666
240831,0.4031091666666667
240832,0.43706083333333334
240833,0.4680491666666667
240834,0.4987783333333333
240835,0.5280091666666666
240836,0.5574075000000001
240837,0.5865174999999999
240838,0.6214816666666666
240839,0.6335341666666667
240840,0.6457958333333333
240841,0.6586
240842,0.6700183333333334
240843,0.6827500000000001
240844,0.6919708333333333
240845,0.7015491666666667
240846,0.7180333333333333
240847,0.730665
240848,0.7470075
240849,0.7548508333333335
240850,0.7631675
240851,0.7697683333333334
240852,0.7811358333333334
240853,0.7937716666666667
240854,0.8065366666666667
240855,0.81972
240856,0.8267475
240857,0.8335958333333333
240858,0.838155
240859,0.8421025
240860,0.8501133333333333
240861,0.8575775
240862,0.8650191666666666
240863,0.8666183333333333
240864,0.8750316666666667
240865,0.8774491666666666
240866,0.8874441666666667
240867,0.8960174999999999
240868,0.9008125
240869,0.90123
240870,0.8974616666666666
240871,0.8990125
240872,0.896775
240873,0.8902833333333333
240874,0.8787416666666666
240875,0.8568833333333333
240876,0.8336966666666666
240877,0.8100925
240878,0.8011633333333333
240879,0.79677
240880,0.7946658333333334
240881,0.7880683333333333
240882,0.7822575
240883,0.7791150000000001
240884,0.7778025
240885,0.7785274999999999
240886,0.78089
240887,0.7865750000000001
240888,0.7971291666666667
240889,0.8096741666666667
240890,0.8286608333333334
240891,0.8164341666666667
240892,0.8042216666666667
240893,0.7773375
240894,0.7544675000000001
240895,0.7320608333333333
240896,0.706975
240897,0.6745908333333334
240898,0.6418908333333333
240899,0.6115575
240900,0.5766591666666667
240901,0.5444391666666667
240902,0.5086325
240903,0.4721658333333333
240904,0.4462975
240905,0.42369833333333334
240906,0.43202666666666667
240907,0.43453249999999993
240908,0.4425583333333334
240909,0.44161249999999996
240910,0.4412358333333333
240911,0.44836916666666665
240912,0.4626491666666667
240913,0.47067499999999995
240914,0.4729716666666667
240915,0.4791525
240916,0.4905441666666667
240917,0.50511
240918,0.5225916666666667
240919,0.5295808333333334
240920,0.5292391666666666
240921,0.5489466666666666
240922,0.5732033333333334
240923,0.5940550000000001
240924,0.6160141666666665
240925,0.6355108333333332
240926,0.6467008333333333
240927,0.6600683333333334
240928,0.6759833333333333
240929,0.6949424999999999
240930,0.7110591666666667
240931,0.7165333333333332
240932,0.7191799999999999
240933,0.7153933333333333
240934,0.7163800000000001
240935,0.723065
240936,0.6920083333333333
240937,0.6622158333333332
240938,0.6276766666666665
240939,0.5937483333333334
240940,0.5760566666666667
240941,0.5507233333333333
240942,0.5252875
240943,0.5021308333333333
240944,0.4736625
240945,0.4444691666666667
240946,0.4233125
240947,0.40812333333333334
240948,0.4002391666666666
240949,0.39665916666666673
240950,0.3966058333333333
240951,0.4160633333333334
240952,0.4330308333333333
240953,0.4535133333333333
240954,0.4737133333333333
240955,0.48280833333333334
240956,0.4984933333333333
240957,0.5141833333333333
240958,0.5262416666666667
240959,0.5467766666666667
240960,0.5763483333333334
240961,0.6009275
240962,0.6274575
240963,0.6487216666666666
240964,0.6644991666666668
240965,0.6780708333333333
240966,0.6884833333333334
240967,0.7066716666666667
240968,0.7304608333333333
240969,0.75461
240970,0.7772241666666667
240971,0.8010766666666667
240972,0.8209416666666667
240973,0.8444541666666666
240974,0.8651158333333332
240975,0.8813191666666668
240976,0.8972450000000001
240977,0.9090625
240978,0.9196816666666667
240979,0.9307066666666667
240980,0.9394433333333333
240981,0.9493341666666666
240982,0.9524725
240983,0.95132
240984,0.9482616666666668
240985,0.9459308333333333
240986,0.9431641666666668
240987,0.94096
240988,0.9379075
240989,0.9333658333333333
240990,0.92972
240991,0.9272374999999999
240992,0.9105041666666666
240993,0.8933008333333333
240994,0.874345
240995,0.8596725000000001
240996,0.8382741666666668
240997,0.8153983333333333
240998,0.7895833333333333
240999,0.7672349999999999
241000,0.7475316666666667
241001,0.7294849999999999
241002,0.7121641666666666
241003,0.6932725000000001
241004,0.6764066666666667
241005,0.6581066666666666
241006,0.64543
241007,0.649255
241008,0.6502383333333334
241009,0.6531141666666667
241010,0.6597766666666666
241011,0.6750933333333333
241012,0.6949166666666665
241013,0.715975
241014,0.7278266666666667
241015,0.7314658333333334
241016,0.7246408333333334
241017,0.7342425000000001
241018,0.7427283333333333
241019,0.75025
241020,0.7597141666666667
241021,0.7630575
241022,0.7599116666666668
241023,0.7626883333333333
241024,0.7634516666666666
241025,0.7556633333333334
241026,0.7464633333333334
241027,0.7343633333333333
241028,0.7192891666666666
241029,0.7039266666666666
241030,0.6957841666666666
241031,0.695015
241032,0.68375
241033,0.6675833333333333
241034,0.644995
241035,0.6209983333333333
241036,0.597055
241037,0.5786874999999999
241038,0.5590108333333333
241039,0.5361724999999999
241040,0.5204016666666667
241041,0.5085516666666666
241042,0.4992175
241043,0.493315
241044,0.4943725
241045,0.49051083333333334
241046,0.4864225
241047,0.4709516666666667
241048,0.47190333333333334
241049,0.47944250000000005
241050,0.48937166666666665
241051,0.4987933333333333
241052,0.5006016666666667
241053,0.5011966666666666
241054,0.5050591666666666
241055,0.5045375
241056,0.5067791666666667
241057,0.5012733333333333
241058,0.5092141666666666
241059,0.5190266666666666
241060,0.5275525
241061,0.5425441666666667
241062,0.5590291666666667
241063,0.5708725
241064,0.5854550000000001
241065,0.6006025
241066,0.6178674999999999
241067,0.6398441666666667
241068,0.6644983333333332
241069,0.689715
241070,0.7121733333333332
241071,0.7282433333333334
241072,0.7496391666666666
241073,0.7545716666666668
241074,0.7570283333333333
241075,0.7537341666666666
241076,0.7501075
241077,0.7422783333333334
241078,0.7306566666666666
241079,0.7154108333333333
241080,0.6963358333333333
241081,0.6776241666666666
241082,0.6588625
241083,0.6366008333333333
241084,0.6138008333333332
241085,0.5936258333333334
241086,0.5659366666666666
241087,0.5366599999999999
241088,0.5141275000000001
241089,0.48938583333333335
241090,0.4785683333333334
241091,0.45807333333333333
241092,0.4485541666666667
241093,0.43988416666666663
241094,0.43324250000000003
241095,0.4254591666666666
241096,0.422785
241097,0.41813750000000005
241098,0.4100275
241099,0.4038641666666667
241100,0.395985
241101,0.39300083333333335
241102,0.396065
241103,0.3958216666666666
241104,0.39407416666666667
241105,0.3945141666666666
241106,0.4013708333333333
241107,0.42006333333333334
241108,0.43743499999999996
241109,0.4493783333333333
241110,0.4630925
241111,0.47063
241112,0.4843516666666667
241113,0.49883916666666667
241114,0.5079691666666667
241115,0.5188991666666667
241116,0.5269925
241117,0.5370591666666668
241118,0.55057
241119,0.571905
241120,0.5908016666666666
241121,0.6097324999999999
241122,0.6126316666666667
241123,0.61878
241124,0.6242875
241125,0.6300600000000001
241126,0.6267900000000001
241127,0.6231875
241128,0.6226483333333334
241129,0.6319475000000001
241130,0.6430775
241131,0.66433
241132,0.6801616666666667
241133,0.6975675
241134,0.70705
241135,0.71142
241136,0.7189633333333334
241137,0.7267475
241138,0.73022
241139,0.7386041666666667
241140,0.7453375
241141,0.7585483333333333
241142,0.7642366666666667
241143,0.7694808333333333
241144,0.7688741666666666
241145,0.7681125000000001
241146,0.769935
241147,0.7692575
241148,0.7656741666666667
241149,0.7672925
241150,0.7684391666666667
241151,0.7626291666666666
241152,0.7544758333333333
241153,0.7465141666666667
241154,0.7405183333333334
241155,0.73374
241156,0.7227541666666667
241157,0.7169258333333334
241158,0.7111066666666667
241159,0.7036425000000001
241160,0.6914275
241161,0.6729216666666666
241162,0.65329
241163,0.6281808333333334
241164,0.5986058333333334
241165,0.5698191666666667
241166,0.5382
241167,0.5066608333333333
241168,0.4685525
241169,0.4283425
241170,0.38737083333333333
241171,0.3511858333333333
241172,0.3150833333333333
241173,0.28417416666666667
241174,0.2533433333333333
241175,0.22888166666666665
241176,0.19959583333333333
241177,0.17622583333333336
241178,0.16013833333333333
241179,0.1494758333333333
241180,0.13692500000000002
241181,0.13045333333333334
241182,0.12519833333333333
241183,0.12611083333333334
241184,0.1303875
241185,0.14009166666666667
241186,0.147615
241187,0.15289416666666666
241188,0.15310666666666664
241189,0.15512833333333334
241190,0.15326916666666665
241191,0.15920166666666666
241192,0.16251166666666667
241193,0.16945
241194,0.175495
241195,0.18489833333333333
241196,0.192885
241197,0.20620500000000003
241198,0.2169875
241199,0.22780583333333335
241200,0.2373075
241201,0.25233
241202,0.26371916666666667
241203,0.27868
241204,0.28897666666666666
241205,0.29967333333333335
241206,0.30720166666666665
241207,0.3218675
241208,0.3271983333333333
241209,0.32797500000000007
241210,0.32289833333333334
241211,0.3148225
241212,0.29610333333333333
241213,0.28002083333333333
241214,0.2611925
241215,0.24090416666666667
241216,0.2187066666666667
241217,0.20247
241218,0.18809250000000002
241219,0.18160166666666663
241220,0.17949833333333334
241221,0.176945
241222,0.17103249999999998
241223,0.16958833333333334
241224,0.17124166666666665
241225,0.17070416666666668
241226,0.17632333333333333
241227,0.18927666666666668
241228,0.20927666666666667
241229,0.23195666666666664
241230,0.26893999999999996
241231,0.307185
241232,0.346775
241233,0.3816175
241234,0.4128925
241235,0.44358166666666665
241236,0.47498833333333335
241237,0.50378
241238,0.53355
241239,0.5547783333333334
241240,0.5884300000000001
241241,0.6232200000000001
241242,0.6574316666666667
241243,0.6880000000000001
241244,0.71261
241245,0.7269608333333334
241246,0.7380208333333333
241247,0.7458458333333334
241248,0.755415
241249,0.7653366666666667
241250,0.7701958333333333
241251,0.7742083333333334
241252,0.7779533333333333
241253,0.7782633333333333
241254,0.7861291666666667
241255,0.7860499999999999
241256,0.7834833333333332
241257,0.7798774999999999
241258,0.7570941666666667
241259,0.7362233333333333
241260,0.7113174999999999
241261,0.6850308333333334
241262,0.6584375
241263,0.6218283333333333
241264,0.5825533333333333
241265,0.5510908333333333
241266,0.515255
241267,0.4757808333333333
241268,0.4389041666666667
241269,0.40158
241270,0.36584916666666667
241271,0.3288016666666666
241272,0.29060250000000004
241273,0.27338416666666665
241274,0.2568466666666666
241275,0.24761
241276,0.24417166666666665
241277,0.2479275
241278,0.26212583333333334
241279,0.28409833333333334
241280,0.29845666666666665
241281,0.317545
241282,0.34688833333333335
241283,0.3730041666666667
241284,0.40644
241285,0.44748
241286,0.4877341666666667
241287,0.5349166666666666
241288,0.580225
241289,0.6247366666666667
241290,0.6613358333333333
241291,0.6986283333333333
241292,0.7320475000000001
241293,0.764515
241294,0.7930575
241295,0.8222208333333333
241296,0.8511758333333332
241297,0.8732233333333334
241298,0.897105
241299,0.9155741666666667
241300,0.9267425
241301,0.9386633333333333
241302,0.9458308333333334
241303,0.9520116666666667
241304,0.9589233333333332
241305,0.9663691666666666
241306,0.9700091666666667
241307,0.9716408333333333
241308,0.9729249999999999
241309,0.9737874999999999
241310,0.974105
241311,0.97348
241312,0.9615858333333333
241313,0.9487341666666667
241314,0.9328166666666665
241315,0.9144041666666667
241316,0.8995416666666667
241317,0.8799575
241318,0.8541900000000001
241319,0.8228091666666667
241320,0.7929600000000001
241321,0.7642741666666667
241322,0.733645
241323,0.6994783333333334
241324,0.6668258333333335
241325,0.6334058333333332
241326,0.6019266666666667
241327,0.5829183333333334
241328,0.5594066666666666
241329,0.5378716666666666
241330,0.5054641666666667
241331,0.4675991666666667
241332,0.43225916666666664
241333,0.4020016666666667
241334,0.37519166666666665
241335,0.34614999999999996
241336,0.3156925
241337,0.2877133333333333
241338,0.26626333333333335
241339,0.24232583333333332
241340,0.22132833333333332
241341,0.19664916666666665
241342,0.16766666666666669
241343,0.1446775
241344,0.12304666666666667
241345,0.12165833333333333
241346,0.11971916666666665
241347,0.11608583333333332
241348,0.11367833333333333
241349,0.11037333333333334
241350,0.10671083333333334
241351,0.105075
241352,0.10424333333333333
241353,0.12622999999999998
241354,0.14698166666666665
241355,0.173165
241356,0.21152333333333334
241357,0.25208166666666665
241358,0.29153083333333335
241359,0.3304241666666667
241360,0.3645566666666667
241361,0.4037941666666667
241362,0.44814666666666664
241363,0.48435583333333326
241364,0.5236225
241365,0.5588083333333334
241366,0.5976758333333333
241367,0.6385574999999999
241368,0.6494041666666667
241369,0.6616975
241370,0.6663983333333333
241371,0.6627016666666666
241372,0.6571458333333333
241373,0.6584991666666667
241374,0.6619941666666667
241375,0.6709275
241376,0.6784525
241377,0.6887624999999999
241378,0.7042783333333333
241379,0.7205858333333334
241380,0.7399908333333334
241381,0.7551008333333333
241382,0.7674391666666668
241383,0.7819533333333334
241384,0.7922175
241385,0.8037066666666667
241386,0.8106775
241387,0.8183875
241388,0.8182291666666667
241389,0.8115708333333334
241390,0.789585
241391,0.7543216666666666
241392,0.7151200000000001
241393,0.67439
241394,0.6311616666666667
241395,0.5926641666666667
241396,0.5516058333333334
241397,0.5110975
241398,0.47376000000000007
241399,0.4461758333333333
241400,0.42067333333333334
241401,0.40309500000000004
241402,0.3876016666666667
241403,0.3722733333333333
241404,0.3670875
241405,0.37048083333333337
241406,0.3891958333333333
241407,0.4163141666666667
241408,0.44610083333333334
241409,0.47782583333333334
241410,0.5036525
241411,0.5352566666666667
241412,0.5651283333333333
241413,0.5995833333333334
241414,0.6257
241415,0.6494266666666667
241416,0.6567516666666667
241417,0.6647083333333333
241418,0.6718416666666668
241419,0.6736191666666667
241420,0.6745183333333333
241421,0.6745866666666667
241422,0.6618883333333333
241423,0.6505691666666666
241424,0.6408483333333334
241425,0.6455241666666666
241426,0.6446116666666667
241427,0.6372025000000001
241428,0.6167733333333333
241429,0.5989416666666666
241430,0.5806691666666667
241431,0.570245
241432,0.5608283333333334
241433,0.5620108333333333
241434,0.5600466666666667
241435,0.5568375
241436,0.5503
241437,0.5352916666666666
241438,0.5109658333333333
241439,0.4879608333333333
241440,0.4538341666666667
241441,0.420375
241442,0.3937574999999999
241443,0.37354750000000003
241444,0.3540183333333333
241445,0.33376416666666664
241446,0.3186866666666667
241447,0.3047366666666667
241448,0.2875491666666667
241449,0.2790316666666667
241450,0.26044666666666666
241451,0.25294
241452,0.2571833333333334
241453,0.28694583333333334
241454,0.3180016666666667
241455,0.34504749999999995
241456,0.3672591666666667
241457,0.3863516666666667
241458,0.40361083333333336
241459,0.4185891666666667
241460,0.4257791666666667
241461,0.42845916666666667
241462,0.43103166666666665
241463,0.4269941666666667
241464,0.41494916666666665
241465,0.4173225
241466,0.41646750000000005
241467,0.42642666666666673
241468,0.41805916666666665
241469,0.40058333333333335
241470,0.3901191666666667
241471,0.3818575
241472,0.37399583333333336
241473,0.37276666666666664
241474,0.3746716666666667
241475,0.37803083333333326
241476,0.3921533333333333
241477,0.39350500000000005
241478,0.3919125
241479,0.3937883333333333
241480,0.39240583333333334
241481,0.38277833333333333
241482,0.36663166666666663
241483,0.3481883333333334
241484,0.33552499999999996
241485,0.30828249999999996
241486,0.285925
241487,0.2674308333333333
241488,0.24754833333333334
241489,0.2285175
241490,0.24507500000000002
241491,0.25841416666666667
241492,0.2935858333333333
241493,0.3327866666666667
241494,0.3682441666666667
241495,0.40897500000000003
241496,0.45620999999999995
241497,0.5008308333333333
241498,0.5497666666666667
241499,0.5981616666666667
241500,0.6582933333333334
241501,0.7142750000000001
241502,0.7688233333333333
241503,0.8168816666666667
241504,0.8625283333333333
241505,0.8757408333333334
241506,0.8833325
241507,0.8804441666666667
241508,0.877255
241509,0.8765866666666666
241510,0.8711883333333332
241511,0.8602633333333334
241512,0.8503525
241513,0.844545
241514,0.8404658333333332
241515,0.8352633333333334
241516,0.8357924999999999
241517,0.8361275
241518,0.84136
241519,0.8463116666666667
241520,0.8560716666666667
241521,0.8611591666666667
241522,0.8661049999999999
241523,0.8598791666666667
241524,0.8475116666666668
241525,0.8246858333333333
241526,0.7915291666666667
241527,0.7539275
241528,0.7134416666666666
241529,0.6661958333333333
241530,0.6198516666666667
241531,0.567155
241532,0.5157258333333333
241533,0.4629241666666667
241534,0.4093458333333333
241535,0.362935
241536,0.3229433333333333
241537,0.284495
241538,0.2618091666666667
241539,0.24485666666666667
241540,0.23350666666666667
241541,0.23168333333333332
241542,0.23678333333333335
241543,0.2445166666666667
241544,0.26811833333333335
241545,0.29247333333333336
241546,0.33261166666666664
241547,0.3709066666666667
241548,0.41098
241549,0.4549141666666667
241550,0.4911733333333333
241551,0.52971
241552,0.5665383333333334
241553,0.6013025
241554,0.6373808333333333
241555,0.6780591666666668
241556,0.7206583333333333
241557,0.7599066666666666
241558,0.7961283333333333
241559,0.8205308333333333
241560,0.8460166666666668
241561,0.8595283333333333
241562,0.8749991666666667
241563,0.8891775000000001
241564,0.9013483333333333
241565,0.9127325000000001
241566,0.9210333333333334
241567,0.9272041666666666
241568,0.931835
241569,0.9347916666666668
241570,0.9386574999999999
241571,0.9415224999999999
241572,0.9433391666666666
241573,0.942755
241574,0.9432083333333333
241575,0.9429308333333334
241576,0.9444333333333333
241577,0.9451966666666666
241578,0.9452908333333333
241579,0.9452575000000001
241580,0.9459233333333332
241581,0.9465083333333334
241582,0.948365
241583,0.9501408333333333
241584,0.9531316666666666
241585,0.9552616666666668
241586,0.9579525
241587,0.9608325000000001
241588,0.9649791666666666
241589,0.9690124999999999
241590,0.9721941666666666
241591,0.97315
241592,0.9746850000000001
241593,0.9765275
241594,0.97825
241595,0.9789775
241596,0.9791058333333333
241597,0.9794675
241598,0.9796308333333333
241599,0.9736325
241600,0.9662641666666667
241601,0.9616375
241602,0.9561916666666667
241603,0.9505983333333333
241604,0.9369225
241605,0.9213466666666666
241606,0.8957416666666667
241607,0.86585
241608,0.8361808333333334
241609,0.8035966666666667
241610,0.7695391666666667
241611,0.7410266666666667
241612,0.7141000000000001
241613,0.6806533333333334
241614,0.6558691666666667
241615,0.6360491666666667
241616,0.60889
241617,0.5740658333333334
241618,0.5387900000000001
241619,0.5122175
241620,0.4926083333333333
241621,0.48286750000000006
241622,0.4761958333333333
241623,0.4724608333333334
241624,0.4648641666666667
241625,0.45608583333333336
241626,0.4408041666666666
241627,0.42932833333333337
241628,0.4282575
241629,0.4253166666666667
241630,0.42611250000000006
241631,0.43559000000000003
241632,0.44481916666666665
241633,0.45021916666666667
241634,0.4544033333333333
241635,0.44741416666666667
241636,0.44648416666666674
241637,0.43934916666666674
241638,0.43446166666666663
241639,0.43570333333333333
241640,0.43459166666666665
241641,0.43015250000000005
241642,0.412155
241643,0.39296250000000005
241644,0.3775991666666666
241645,0.3529366666666666
241646,0.32142666666666664
241647,0.29647500000000004
241648,0.2725675
241649,0.2503341666666667
241650,0.23405083333333332
241651,0.21382333333333337
241652,0.20043333333333335
241653,0.182375
241654,0.177235
241655,0.17588250000000002
241656,0.17230666666666666
241657,0.17492749999999999
241658,0.1790941666666667
241659,0.1796975
241660,0.1739425
241661,0.17246083333333334
241662,0.17426083333333334
241663,0.18013916666666666
241664,0.18804249999999997
241665,0.20205166666666668
241666,0.20785833333333334
241667,0.22406416666666665
241668,0.2465725
241669,0.26481166666666667
241670,0.2914158333333333
241671,0.3222008333333333
241672,0.35918000000000005
241673,0.3937916666666667
241674,0.43124083333333335
241675,0.4790108333333334
241676,0.5229416666666666
241677,0.5647866666666667
241678,0.6029899999999999
241679,0.6342916666666667
241680,0.6521183333333334
241681,0.6660024999999999
241682,0.6710691666666667
241683,0.6572008333333333
241684,0.6364825
241685,0.6117408333333333
241686,0.5830249999999999
241687,0.5531400000000001
241688,0.5250958333333333
241689,0.4959558333333333
241690,0.464495
241691,0.4325291666666667
241692,0.40224583333333336
241693,0.375045
241694,0.34797083333333334
241695,0.32911666666666667
241696,0.3286383333333333
241697,0.3342083333333334
241698,0.35727499999999995
241699,0.38476416666666663
241700,0.40898833333333334
241701,0.43960666666666665
241702,0.470115
241703,0.5003708333333333
241704,0.5262883333333334
241705,0.54954
241706,0.5766816666666666
241707,0.6056375
241708,0.6362858333333334
241709,0.6688883333333333
241710,0.7031
241711,0.7271041666666667
241712,0.7456766666666667
241713,0.7581199999999999
241714,0.763485
241715,0.7721991666666668
241716,0.7770116666666667
241717,0.7699533333333333
241718,0.7611183333333333
241719,0.7595675
241720,0.7664133333333333
241721,0.7744766666666666
241722,0.7828058333333333
241723,0.7889775
241724,0.7972125000000001
241725,0.8023291666666666
241726,0.8100425
241727,0.8189925
241728,0.8272108333333335
241729,0.8378
241730,0.8456533333333333
241731,0.85805
241732,0.8797149999999999
241733,0.8997108333333333
241734,0.9141691666666667
241735,0.9225258333333333
241736,0.9285241666666667
241737,0.9328841666666665
241738,0.9370783333333333
241739,0.9398608333333333
241740,0.9431191666666667
241741,0.9455741666666667
241742,0.9453958333333333
241743,0.9460299999999999
241744,0.945135
241745,0.943955
241746,0.9412575000000001
241747,0.9391433333333333
241748,0.9366116666666666
241749,0.9339991666666666
241750,0.9328941666666667
241751,0.93079
241752,0.928575
241753,0.9269774999999999
241754,0.9259033333333332
241755,0.9234875
241756,0.9224308333333333
241757,0.9228425
241758,0.9236833333333334
241759,0.9253316666666667
241760,0.9272408333333334
241761,0.9294691666666667
241762,0.9251008333333334
241763,0.9217091666666666
241764,0.9217941666666666
241765,0.9219275
241766,0.9218491666666666
241767,0.92168
241768,0.92322
241769,0.9237083333333334
241770,0.9252166666666667
241771,0.9250541666666667
241772,0.9227424999999999
241773,0.9183433333333332
241774,0.9130966666666667
241775,0.9075408333333334
241776,0.9015258333333332
241777,0.8929908333333333
241778,0.8846825
241779,0.8737033333333334
241780,0.8596083333333334
241781,0.8496416666666667
241782,0.8335899999999999
241783,0.8148591666666667
241784,0.7953675
241785,0.7720075000000001
241786,0.7534291666666667
241787,0.73705
241788,0.7274016666666667
241789,0.7232733333333333
241790,0.7224016666666667
241791,0.7219658333333333
241792,0.7327666666666666
241793,0.7454716666666666
241794,0.7569724999999999
241795,0.7687141666666667
241796,0.7778408333333332
241797,0.7916074999999999
241798,0.8057333333333333
241799,0.8221091666666667
241800,0.8433966666666667
241801,0.8610816666666666
241802,0.8746933333333333
241803,0.8849341666666668
241804,0.8876866666666667
241805,0.88593
241806,0.8818566666666666
241807,0.8756483333333335
241808,0.8650875
241809,0.85516
241810,0.844535
241811,0.8026366666666667
241812,0.7618333333333334
241813,0.7178574999999999
241814,0.6736958333333334
241815,0.6338841666666666
241816,0.5961841666666667
241817,0.5617191666666667
241818,0.5205875
241819,0.48683333333333334
241820,0.4514941666666667
241821,0.4278958333333333
241822,0.4044775
241823,0.3824416666666667
241824,0.3612633333333333
241825,0.34027999999999997
241826,0.3465733333333334
241827,0.34885166666666667
241828,0.35581583333333333
241829,0.36199666666666663
241830,0.36115
241831,0.36239333333333335
241832,0.36398499999999995
241833,0.36891583333333333
241834,0.3718958333333333
241835,0.3712358333333333
241836,0.37142
241837,0.37498166666666666
241838,0.3743358333333333
241839,0.360775
241840,0.34984583333333336
241841,0.34340083333333327
241842,0.35605333333333333
241843,0.3675508333333333
241844,0.3847291666666667
241845,0.41225249999999997
241846,0.4329725
241847,0.46001083333333337
241848,0.48928083333333333
241849,0.5137041666666666
241850,0.5525766666666667
241851,0.5768958333333334
241852,0.5904166666666666
241853,0.6021316666666667
241854,0.6271066666666667
241855,0.6623441666666667
241856,0.6917758333333333
241857,0.7048683333333334
241858,0.7248041666666667
241859,0.7393075
241860,0.7406525
241861,0.7476958333333333
241862,0.7442541666666667
241863,0.73766
241864,0.7280816666666666
241865,0.7124916666666666
241866,0.7006741666666667
241867,0.6943108333333333
241868,0.6973649999999999
241869,0.7019275
241870,0.7007125
241871,0.7045341666666667
241872,0.7084483333333333
241873,0.7032558333333333
241874,0.6965491666666668
241875,0.6924325
241876,0.6884241666666667
241877,0.68877
241878,0.6921758333333333
241879,0.6961250000000001
241880,0.7015341666666667
241881,0.7093633333333333
241882,0.7177450000000001
241883,0.7220841666666666
241884,0.7243049999999999
241885,0.7174458333333333
241886,0.709195
241887,0.7014291666666668
241888,0.69454
241889,0.6913958333333333
241890,0.6895924999999999
241891,0.67752
241892,0.6589391666666666
241893,0.6451
241894,0.6376891666666666
241895,0.6259575000000001
241896,0.6053775
241897,0.5829458333333333
241898,0.5740116666666667
241899,0.5768008333333333
241900,0.5760058333333333
241901,0.5785558333333334
241902,0.5682766666666667
241903,0.5562425
241904,0.5431716666666666
241905,0.5383866666666667
241906,0.54105
241907,0.5478833333333333
241908,0.5295241666666667
241909,0.5073591666666667
241910,0.48815833333333336
241911,0.47962333333333335
241912,0.47435166666666667
241913,0.45664083333333333
241914,0.42676833333333336
241915,0.4089491666666667
241916,0.37351000000000006
241917,0.35369916666666673
241918,0.3411483333333333
241919,0.3232125
241920,0.30197666666666667
241921,0.28029833333333337
241922,0.25976333333333335
241923,0.25820166666666666
241924,0.26428583333333333
241925,0.271335
241926,0.27261
241927,0.26580666666666664
241928,0.26015916666666666
241929,0.262625
241930,0.25533
241931,0.2667525
241932,0.26923166666666665
241933,0.2762958333333333
241934,0.28210083333333336
241935,0.3078508333333333
241936,0.3347575
241937,0.36873083333333334
241938,0.4064499999999999
241939,0.44338833333333333
241940,0.47806833333333326
241941,0.5147458333333333
241942,0.5618958333333333
241943,0.6042275
241944,0.6392258333333334
241945,0.67983
241946,0.7179766666666667
241947,0.7614641666666667
241948,0.7944200000000001
241949,0.8343050000000001
241950,0.8518641666666666
241951,0.8640216666666666
241952,0.8631591666666668
241953,0.864535
241954,0.8622541666666667
241955,0.8582866666666666
241956,0.8545266666666667
241957,0.8469241666666666
241958,0.8379041666666667
241959,0.8277275
241960,0.8208875
241961,0.8138191666666666
241962,0.8059025
241963,0.797955
241964,0.78964
241965,0.7801416666666667
241966,0.7694558333333333
241967,0.7686124999999999
241968,0.7634424999999999
241969,0.7536133333333334
241970,0.7382083333333334
241971,0.7239633333333333
241972,0.71932
241973,0.72174
241974,0.7281508333333334
241975,0.73175
241976,0.7330766666666667
241977,0.7361775
241978,0.7217458333333333
241979,0.6933358333333334
241980,0.6617941666666667
241981,0.6320191666666666
241982,0.5994658333333334
241983,0.5707150000000001
241984,0.5489625
241985,0.5285491666666666
241986,0.5123083333333333
241987,0.48473583333333337
241988,0.4565675
241989,0.42547
241990,0.39246583333333335
241991,0.36862333333333336
241992,0.3451325
241993,0.3436916666666667
241994,0.35994583333333335
241995,0.37090666666666666
241996,0.3798025
241997,0.3873908333333334
241998,0.4030375
241999,0.4184466666666667
242000,0.44047166666666665
242001,0.4568516666666667
242002,0.4782208333333333
242003,0.5025925
242004,0.5268175
242005,0.54924
242006,0.5755066666666667
242007,0.6000025
242008,0.6242916666666666
242009,0.6438433333333333
242010,0.6729275
242011,0.7047241666666666
242012,0.7259491666666666
242013,0.7247524999999999
242014,0.7155858333333334
242015,0.7026333333333333
242016,0.6849275
242017,0.6635000000000001
242018,0.6463608333333333
242019,0.6373291666666667
242020,0.6389174999999999
242021,0.6291583333333333
242022,0.6252716666666667
242023,0.6159541666666667
242024,0.5870875000000001
242025,0.5521375000000001
242026,0.5233424999999999
242027,0.5044591666666667
242028,0.5014591666666667
242029,0.49876499999999996
242030,0.49437416666666667
242031,0.4978391666666667
242032,0.4989191666666667
242033,0.49299
242034,0.47908500000000004
242035,0.4534133333333334
242036,0.43180916666666663
242037,0.40991583333333337
242038,0.3914683333333333
242039,0.3885475
242040,0.3899308333333334
242041,0.3816083333333333
242042,0.37465916666666665
242043,0.35907249999999996
242044,0.3515116666666666
242045,0.361115
242046,0.3659925
242047,0.3807291666666667
242048,0.3942391666666667
242049,0.4049791666666667
242050,0.4175133333333333
242051,0.42417166666666667
242052,0.4282833333333333
242053,0.4334341666666667
242054,0.4440216666666667
242055,0.462205
242056,0.4852633333333333
242057,0.5069158333333333
242058,0.526895
242059,0.5393308333333333
242060,0.54209
242061,0.5581583333333333
242062,0.5621133333333332
242063,0.57098
242064,0.5883425
242065,0.6105108333333332
242066,0.6259208333333334
242067,0.6290233333333333
242068,0.6270208333333332
242069,0.6174525000000001
242070,0.5956666666666667
242071,0.5809633333333333
242072,0.56708
242073,0.5564575
242074,0.54131
242075,0.5236225
242076,0.4938008333333333
242077,0.4777633333333334
242078,0.4563116666666666
242079,0.42058583333333327
242080,0.3777566666666667
242081,0.34751333333333334
242082,0.33396166666666666
242083,0.32494249999999997
242084,0.317505
242085,0.3152858333333334
242086,0.30790833333333334
242087,0.3011491666666667
242088,0.2957066666666667
242089,0.29312583333333336
242090,0.2946441666666667
242091,0.29583666666666664
242092,0.29572916666666665
242093,0.30251083333333334
242094,0.31950249999999997
242095,0.34476249999999997
242096,0.35603083333333335
242097,0.3519483333333333
242098,0.3489316666666667
242099,0.344025
242100,0.33875999999999995
242101,0.3394008333333333
242102,0.3393791666666667
242103,0.33528916666666664
242104,0.3430941666666667
242105,0.3440533333333333
242106,0.34146916666666666
242107,0.33074166666666666
242108,0.3102491666666667
242109,0.28798
242110,0.26374000000000003
242111,0.2464658333333333
242112,0.23996166666666666
242113,0.23004583333333334
242114,0.22435333333333332
242115,0.21801333333333334
242116,0.20617416666666666
242117,0.19385666666666665
242118,0.18357416666666668
242119,0.16722916666666668
242120,0.16430666666666666
242121,0.16212
242122,0.16760083333333334
242123,0.17267583333333333
242124,0.17584
242125,0.17914666666666665
242126,0.17817333333333332
242127,0.17361000000000001
242128,0.17397833333333335
242129,0.19041249999999998
242130,0.2077908333333333
242131,0.21793416666666668
242132,0.2310775
242133,0.24713833333333335
242134,0.27093249999999997
242135,0.28675833333333334
242136,0.3056483333333333
242137,0.3201658333333333
242138,0.3367075
242139,0.35589166666666666
242140,0.3711708333333333
242141,0.39424916666666665
242142,0.42459
242143,0.44933416666666665
242144,0.45991666666666664
242145,0.4535258333333333
242146,0.44926333333333335
242147,0.44236749999999997
242148,0.43216333333333334
242149,0.41435
242150,0.392735
242151,0.37655
242152,0.3577083333333333
242153,0.3437633333333333
242154,0.33333916666666663
242155,0.3340658333333334
242156,0.33641916666666666
242157,0.3556575
242158,0.3777141666666667
242159,0.39976833333333334
242160,0.4351175
242161,0.474805
242162,0.51268
242163,0.5520708333333333
242164,0.5920341666666666
242165,0.6319758333333333
242166,0.6691083333333334
242167,0.7045633333333333
242168,0.7409141666666667
242169,0.7737141666666666
242170,0.7942683333333332
242171,0.8156774999999999
242172,0.8193166666666667
242173,0.8203441666666667
242174,0.8205091666666667
242175,0.8276975
242176,0.835685
242177,0.8459241666666666
242178,0.8556475
242179,0.8667116666666667
242180,0.87833
242181,0.8885666666666666
242182,0.883605
242183,0.8805391666666667
242184,0.8787558333333333
242185,0.8827391666666667
242186,0.883475
242187,0.8764116666666666
242188,0.8673249999999999
242189,0.85656
242190,0.8493075
242191,0.834595
242192,0.8137025000000001
242193,0.789645
242194,0.7642225
242195,0.7410533333333333
242196,0.7158599999999999
242197,0.7050158333333333
242198,0.6895633333333333
242199,0.6755
242200,0.6502291666666667
242201,0.6280675000000001
242202,0.6218983333333334
242203,0.6165816666666667
242204,0.6164225
242205,0.6077033333333333
242206,0.6053258333333333
242207,0.6190833333333334
242208,0.6363583333333334
242209,0.6525391666666667
242210,0.6624575
242211,0.672775
242212,0.6656875
242213,0.6447608333333333
242214,0.6160533333333333
242215,0.6033958333333334
242216,0.5793149999999999
242217,0.5400033333333333
242218,0.5027874999999999
242219,0.468145
242220,0.428485
242221,0.3898341666666667
242222,0.3404783333333333
242223,0.2918708333333333
242224,0.24367833333333333
242225,0.20088416666666667
242226,0.15867499999999998
242227,0.13814333333333334
242228,0.13199166666666667
242229,0.13180583333333334
242230,0.12917166666666668
242231,0.13823000000000002
242232,0.15277833333333335
242233,0.16946666666666665
242234,0.18766833333333333
242235,0.21603333333333333
242236,0.23557999999999998
242237,0.24701083333333335
242238,0.26183833333333334
242239,0.27492833333333333
242240,0.2846883333333333
242241,0.29428166666666666
242242,0.30549833333333337
242243,0.3269241666666666
242244,0.35325999999999996
242245,0.3762466666666667
242246,0.3901525
242247,0.3980366666666667
242248,0.40663083333333333
242249,0.4080875
242250,0.40800666666666674
242251,0.42113083333333334
242252,0.44122083333333334
242253,0.44936333333333334
242254,0.45483083333333335
242255,0.4609341666666667
242256,0.46478083333333337
242257,0.46040916666666665
242258,0.447895
242259,0.4189791666666667
242260,0.38741916666666665
242261,0.3674491666666667
242262,0.35064166666666663
242263,0.332565
242264,0.3117491666666667
242265,0.29358416666666665
242266,0.27251333333333333
242267,0.2602041666666667
242268,0.25512083333333335
242269,0.24849416666666668
242270,0.24337166666666668
242271,0.2404
242272,0.24365166666666666
242273,0.24998166666666669
242274,0.2627666666666667
242275,0.2739183333333333
242276,0.27627166666666664
242277,0.27426999999999996
242278,0.2709375
242279,0.2656625
242280,0.2569025
242281,0.24846749999999998
242282,0.23152499999999998
242283,0.21545666666666669
242284,0.20391083333333335
242285,0.19275583333333332
242286,0.18386000000000002
242287,0.17604
242288,0.15890583333333333
242289,0.1441183333333333
242290,0.13180833333333333
242291,0.12206499999999999
242292,0.11771166666666667
242293,0.11558666666666667
242294,0.121055
242295,0.12685666666666667
242296,0.13157833333333332
242297,0.13763583333333335
242298,0.1477433333333333
242299,0.1602025
242300,0.1707
242301,0.18554333333333334
242302,0.20430500000000001
242303,0.22848333333333332
242304,0.25433416666666664
242305,0.2809325
242306,0.3060216666666667
242307,0.33183999999999997
242308,0.36125666666666667
242309,0.3915175
242310,0.41461916666666665
242311,0.422615
242312,0.4286991666666667
242313,0.4318241666666667
242314,0.43406416666666664
242315,0.4384275
242316,0.44225083333333337
242317,0.43996583333333333
242318,0.43528500000000003
242319,0.43435000000000007
242320,0.44717416666666665
242321,0.46568499999999996
242322,0.4809525
242323,0.49213166666666663
242324,0.4944266666666667
242325,0.49400666666666665
242326,0.5071033333333334
242327,0.521665
242328,0.5332708333333334
242329,0.5378758333333333
242330,0.5399658333333334
242331,0.5379958333333333
242332,0.5349483333333332
242333,0.5310583333333334
242334,0.5234825
242335,0.500835
242336,0.47132416666666666
242337,0.44952416666666667
242338,0.4257933333333333
242339,0.39691
242340,0.38089833333333334
242341,0.354135
242342,0.3277966666666667
242343,0.3048591666666666
242344,0.2882775
242345,0.27323583333333334
242346,0.2600383333333333
242347,0.24770416666666667
242348,0.23139833333333332
242349,0.22063214285714286
242350,0.20923461538461535
242351,0.20029895833333333
242352,0.1817772727272727
242353,0.16108625
242354,0.15507083333333332
242355,0.13906718749999997
242356,0.29278906250000003
242357,0.3160652777777778
242358,0.33388
242359,0.3648636363636364
242360,0.388875
242361,0.41368846153846156
242362,0.4356196428571429
242363,0.4568975
242364,0.5102141666666667
242365,0.5635674999999999
242366,0.6146991666666667
242367,0.6617883333333333
242368,0.6886033333333333
242369,0.7146566666666667
242370,0.7407075
242371,0.766055
242372,0.7869916666666666
242373,0.8073049999999999
242374,0.8170458333333334
242375,0.83153
242376,0.8391016666666666
242377,0.8479
242378,0.8578033333333334
242379,0.8615233333333333
242380,0.8642433333333333
242381,0.8692866666666667
242382,0.8706233333333333
242383,0.869185
242384,0.8703275
242385,0.8674383333333334
242386,0.8589366666666667
242387,0.8540066666666667
242388,0.8488433333333334
242389,0.8434608333333333
242390,0.8292441666666668
242391,0.8114941666666666
242392,0.7933283333333333
242393,0.7677708333333333
242394,0.7475233333333333
242395,0.7330975
242396,0.7155791666666667
242397,0.70747
242398,0.7033125000000001
242399,0.6949366666666668
242400,0.6931783333333333
242401,0.6978858333333332
242402,0.690375
242403,0.6854758333333333
242404,0.6788666666666666
242405,0.6734516666666667
242406,0.6769066666666668
242407,0.6813800000000001
242408,0.6931825
242409,0.6979500000000001
242410,0.6979225
242411,0.7002925
242412,0.6955933333333333
242413,0.6973966666666666
242414,0.7039041666666666
242415,0.7069941666666666
242416,0.7078941666666666
242417,0.7210175000000001
242418,0.7333308333333334
242419,0.7439675
242420,0.7558358333333334
242421,0.7604941666666666
242422,0.76015
242423,0.754815
242424,0.7498866666666666
242425,0.7414133333333334
242426,0.7309450000000001
242427,0.7215425
242428,0.7046416666666667
242429,0.6798175000000001
242430,0.6558091666666667
242431,0.6319758333333334
242432,0.6085516666666667
242433,0.5926016666666667
242434,0.5818033333333333
242435,0.5739083333333334
242436,0.5712116666666667
242437,0.5670841666666667
242438,0.5656858333333333
242439,0.5617633333333333
242440,0.5592283333333333
242441,0.5439783333333333
242442,0.5322291666666666
242443,0.5251333333333333
242444,0.516495
242445,0.5046225
242446,0.4963383333333333
242447,0.48539750000000004
242448,0.4690033333333333
242449,0.44869583333333335
242450,0.4253124999999999
242451,0.3959066666666667
242452,0.3686958333333334
242453,0.3434608333333333
242454,0.3212441666666666
242455,0.30258916666666663
242456,0.3009408333333333
242457,0.2950233333333333
242458,0.28375
242459,0.2736883333333333
242460,0.2689108333333333
242461,0.26692499999999997
242462,0.27310333333333336
242463,0.2764875
242464,0.2863916666666667
242465,0.29679249999999996
242466,0.3112125
242467,0.3198916666666667
242468,0.3290075
242469,0.3395916666666667
242470,0.34564916666666673
242471,0.34517666666666674
242472,0.34405416666666666
242473,0.3449583333333333
242474,0.35777000000000003
242475,0.37666083333333333
242476,0.3836075
242477,0.3927408333333334
242478,0.39983416666666666
242479,0.4076725
242480,0.4071375
242481,0.4083183333333333
242482,0.421885
242483,0.43618666666666667
242484,0.43779416666666665
242485,0.44617750000000006
242486,0.45770833333333333
242487,0.46360083333333335
242488,0.45889833333333335
242489,0.44905833333333334
242490,0.41728
242491,0.39337083333333334
242492,0.3644591666666666
242493,0.3388233333333333
242494,0.3040508333333333
242495,0.2808783333333334
242496,0.25734666666666667
242497,0.22932500000000003
242498,0.1952075
242499,0.17389500000000002
242500,0.14664000000000002
242501,0.1208575
242502,0.10146916666666668
242503,0.09476000000000001
242504,0.08721916666666667
242505,0.09320083333333333
242506,0.09770583333333333
242507,0.09850583333333332
242508,0.09817499999999998
242509,0.10220666666666668
242510,0.10579166666666667
242511,0.10888916666666668
242512,0.10964083333333334
242513,0.11249250000000001
242514,0.11483666666666667
242515,0.12195333333333333
242516,0.1301225
242517,0.13759083333333333
242518,0.1455075
242519,0.15176249999999997
242520,0.1616825
242521,0.17370333333333335
242522,0.18972916666666664
242523,0.2067175
242524,0.22133166666666668
242525,0.23593999999999998
242526,0.25061916666666667
242527,0.26941333333333334
242528,0.28662916666666666
242529,0.29878166666666667
242530,0.30483083333333333
242531,0.30998250000000005
242532,0.3136525
242533,0.31213916666666663
242534,0.3097166666666667
242535,0.3016825
242536,0.294325
242537,0.27951000000000004
242538,0.2625691666666667
242539,0.24918833333333332
242540,0.24015916666666665
242541,0.22967833333333332
242542,0.22421750000000001
242543,0.21875916666666667
242544,0.21985833333333332
242545,0.22685166666666667
242546,0.23127333333333333
242547,0.2432775
242548,0.2712866666666667
242549,0.3031575
242550,0.33437750000000005
242551,0.3594125
242552,0.3857625
242553,0.41498499999999994
242554,0.44037583333333336
242555,0.45548833333333333
242556,0.47214333333333336
242557,0.484545
242558,0.4952166666666667
242559,0.5012691666666667
242560,0.5041025
242561,0.5080025
242562,0.5087658333333333
242563,0.4918141666666667
242564,0.4743525
242565,0.45092999999999994
242566,0.43291416666666666
242567,0.4145608333333334
242568,0.39365583333333337
242569,0.3730233333333334
242570,0.35674249999999996
242571,0.34244416666666666
242572,0.3202583333333333
242573,0.30343083333333337
242574,0.2893433333333333
242575,0.2738641666666667
242576,0.26074916666666664
242577,0.2471583333333333
242578,0.23339833333333332
242579,0.21836333333333333
242580,0.2170425
242581,0.21827666666666665
242582,0.22318333333333332
242583,0.2333616666666667
242584,0.24595583333333335
242585,0.25591416666666666
242586,0.27157166666666666
242587,0.288695
242588,0.3019208333333333
242589,0.3159766666666667
242590,0.33106166666666664
242591,0.3461016666666667
242592,0.36063833333333334
242593,0.3775733333333333
242594,0.3935066666666666
242595,0.40371416666666665
242596,0.41320333333333337
242597,0.4230275
242598,0.42699833333333337
242599,0.42877916666666666
242600,0.4293533333333333
242601,0.4252708333333333
242602,0.427845
242603,0.43213583333333333
242604,0.45141
242605,0.47193750000000007
242606,0.48825166666666664
242607,0.5018941666666666
242608,0.5150458333333333
242609,0.5275491666666666
242610,0.5395141666666667
242611,0.54689
242612,0.5494225
242613,0.551565
242614,0.554555
242615,0.5633933333333334
242616,0.5678825
242617,0.5753516666666667
242618,0.5815366666666667
242619,0.5751766666666666
242620,0.5694641666666667
242621,0.5659449999999999
242622,0.56591
242623,0.5646866666666667
242624,0.5649274999999999
242625,0.5675208333333334
242626,0.5709
242627,0.583245
242628,0.5991125
242629,0.6139191666666667
242630,0.6282416666666666
242631,0.6435066666666667
242632,0.6638400000000001
242633,0.6842783333333333
242634,0.7029833333333334
242635,0.7237283333333334
242636,0.7450425
242637,0.7614474999999999
242638,0.7812816666666667
242639,0.803585
242640,0.8256458333333332
242641,0.8491733333333333
242642,0.8674774999999999
242643,0.8843858333333333
242644,0.9025891666666668
242645,0.9212291666666667
242646,0.9410208333333333
242647,0.9496566666666666
242648,0.9594675
242649,0.9669158333333333
242650,0.9708525
242651,0.9743975
242652,0.9803491666666667
242653,0.9853550000000001
242654,0.9878825
242655,0.9895766666666667
242656,0.9912375
242657,0.99256
242658,0.9938183333333332
242659,0.9945466666666666
242660,0.9949908333333333
242661,0.9952866666666668
242662,0.9955525000000001
242663,0.9957408333333333
242664,0.9958600000000001
242665,0.9959641666666667
242666,0.9958941666666665
242667,0.9957541666666666
242668,0.9953591666666666
242669,0.9948116666666666
242670,0.9907691666666666
242671,0.9845916666666666
242672,0.9689733333333332
242673,0.949555
242674,0.9211741666666667
242675,0.8817666666666667
242676,0.8359066666666666
242677,0.7833641666666666
242678,0.7318733333333333
242679,0.6789508333333333
242680,0.6186841666666666
242681,0.5576141666666667
242682,0.4999841666666667
242683,0.44017083333333334
242684,0.380865
242685,0.32962250000000004
242686,0.29388416666666667
242687,0.26737833333333333
242688,0.24338416666666665
242689,0.2272266666666667
242690,0.22150166666666668
242691,0.21890249999999997
242692,0.22108583333333334
242693,0.22274500000000003
242694,0.23230166666666666
242695,0.23853666666666667
242696,0.24912083333333332
242697,0.26882249999999996
242698,0.29200166666666666
242699,0.3101716666666666
242700,0.3219533333333333
242701,0.3328675
242702,0.3568341666666666
242703,0.38296583333333334
242704,0.40941916666666667
242705,0.43016666666666664
242706,0.4567583333333333
242707,0.4826308333333333
242708,0.5039791666666668
242709,0.5181166666666667
242710,0.5418916666666667
242711,0.5670749999999999
242712,0.5827783333333334
242713,0.5951491666666667
242714,0.6159275
242715,0.6358508333333333
242716,0.6552566666666666
242717,0.6625683333333333
242718,0.6713133333333333
242719,0.6813116666666665
242720,0.7000775
242721,0.71599
242722,0.7351391666666666
242723,0.75844
242724,0.7839125
242725,0.8105791666666666
242726,0.8180433333333333
242727,0.8347825
242728,0.8535891666666667
242729,0.8663550000000001
242730,0.8841199999999999
242731,0.8919066666666667
242732,0.8997958333333335
242733,0.9046708333333334
242734,0.9086558333333333
242735,0.9101058333333333
242736,0.9122991666666667
242737,0.9139808333333334
242738,0.9164608333333334
242739,0.9170116666666667
242740,0.9170575
242741,0.9311866666666667
242742,0.933715
242743,0.9356875
242744,0.9406333333333332
242745,0.9439666666666666
242746,0.9456658333333333
242747,0.9465149999999999
242748,0.9479474999999999
242749,0.9495716666666667
242750,0.950685
242751,0.9517950000000001
242752,0.9501075
242753,0.9463775
242754,0.94202
242755,0.9361791666666667
242756,0.9304716666666667
242757,0.9238691666666665
242758,0.9164016666666667
242759,0.9102925000000001
242760,0.900735
242761,0.8893958333333333
242762,0.8772583333333334
242763,0.86102
242764,0.8440608333333334
242765,0.8312166666666667
242766,0.8199183333333334
242767,0.8078383333333333
242768,0.7977183333333334
242769,0.7898816666666666
242770,0.7866333333333333
242771,0.7840508333333334
242772,0.7812558333333334
242773,0.7777999999999999
242774,0.773925
242775,0.7757883333333333
242776,0.7793908333333334
242777,0.78673
242778,0.79925
242779,0.8130775
242780,0.8256074999999999
242781,0.8365191666666666
242782,0.8512641666666666
242783,0.8655208333333333
242784,0.87847
242785,0.8886166666666667
242786,0.8981808333333333
242787,0.9077658333333333
242788,0.9192433333333334
242789,0.9256341666666666
242790,0.9297133333333334
242791,0.9337008333333333
242792,0.9362075
242793,0.9364925000000001
242794,0.9366316666666666
242795,0.9331475
242796,0.9268458333333334
242797,0.9191466666666667
242798,0.9129708333333333
242799,0.9072508333333335
242800,0.8998025
242801,0.8923441666666666
242802,0.8872116666666667
242803,0.8813741666666667
242804,0.8799041666666667
242805,0.8779325
242806,0.8749983333333334
242807,0.86971
242808,0.8660083333333333
242809,0.8620616666666667
242810,0.8582725
242811,0.8569808333333333
242812,0.8564733333333334
242813,0.8549083333333333
242814,0.8525524999999999
242815,0.8499275000000001
242816,0.8429683333333333
242817,0.8356399999999999
242818,0.8283375
242819,0.8022958333333333
242820,0.7726799999999999
242821,0.7390033333333332
242822,0.7026233333333334
242823,0.6653116666666666
242824,0.6293441666666666
242825,0.5997725
242826,0.5730975
242827,0.5408741666666667
242828,0.5031866666666667
242829,0.4619375
242830,0.4245116666666667
242831,0.38831333333333334
242832,0.3478366666666667
242833,0.30982916666666666
242834,0.28327833333333335
242835,0.2680975
242836,0.25933083333333334
242837,0.2543358333333333
242838,0.247495
242839,0.2413525
242840,0.23374499999999998
242841,0.21994666666666665
242842,0.21329166666666668
242843,0.21455916666666666
242844,0.23512999999999998
242845,0.25766083333333334
242846,0.28334833333333337
242847,0.31326666666666664
242848,0.3430625
242849,0.3836808333333333
242850,0.42129083333333334
242851,0.4548841666666667
242852,0.48960499999999996
242853,0.5276658333333334
242854,0.563195
242855,0.5972833333333333
242856,0.6396666666666666
242857,0.6815116666666666
242858,0.7208816666666666
242859,0.7451483333333333
242860,0.7375725
242861,0.7297483333333333
242862,0.7192766666666668
242863,0.6981358333333333
242864,0.6693516666666667
242865,0.6338225000000001
242866,0.5961408333333333
242867,0.5571866666666667
242868,0.5165641666666666
242869,0.47500500000000007
242870,0.4302275
242871,0.37974416666666666
242872,0.32746
242873,0.27271999999999996
242874,0.21683333333333332
242875,0.18886583333333332
242876,0.16122916666666667
242877,0.13476666666666667
242878,0.1176875
242879,0.10899583333333335
242880,0.10235666666666667
242881,0.1023775
242882,0.10500749999999999
242883,0.11054416666666667
242884,0.12226166666666667
242885,0.13596916666666664
242886,0.15379166666666666
242887,0.18008999999999997
242888,0.21183416666666666
242889,0.24025916666666666
242890,0.2694716666666667
242891,0.29729833333333333
242892,0.32778583333333333
242893,0.35684083333333333
242894,0.37951416666666665
242895,0.4062308333333334
242896,0.4317116666666667
242897,0.45097916666666665
242898,0.4703791666666666
242899,0.48726333333333327
242900,0.5046458333333333
242901,0.5188525
242902,0.5277999999999999
242903,0.5345166666666666
242904,0.5486266666666667
242905,0.5630758333333333
242906,0.5792725
242907,0.5928783333333334
242908,0.6050316666666666
242909,0.6219308333333333
242910,0.638835
242911,0.6491574999999999
242912,0.6478258333333333
242913,0.6441516666666666
242914,0.6320641666666666
242915,0.6140583333333333
242916,0.5950791666666667
242917,0.5751950000000001
242918,0.5494375
242919,0.5209683333333334
242920,0.4907766666666667
242921,0.46022250000000003
242922,0.42832749999999997
242923,0.39729416666666667
242924,0.36352
242925,0.31934500000000005
242926,0.2849525
242927,0.26835416666666667
242928,0.24888833333333332
242929,0.23918833333333334
242930,0.24205916666666666
242931,0.23813416666666667
242932,0.22894499999999998
242933,0.22046583333333333
242934,0.20962416666666667
242935,0.1998525
242936,0.18949583333333334
242937,0.17587166666666668
242938,0.16350416666666667
242939,0.150485
242940,0.14381999999999998
242941,0.13375499999999999
242942,0.11982249999999998
242943,0.108845
242944,0.09441583333333334
242945,0.07165833333333334
242946,0.05702833333333334
242947,0.04632583333333333
242948,0.03879250000000001
242949,0.03586416666666667
242950,0.03363583333333333
242951,0.031420833333333335
242952,0.034238333333333336
242953,0.03975583333333333
242954,0.043424166666666666
242955,0.04719916666666667
242956,0.050805833333333335
242957,0.0552625
242958,0.06002166666666666
242959,0.06784499999999999
242960,0.07567999999999998
242961,0.08862166666666665
242962,0.09979666666666667
242963,0.11339499999999998
242964,0.14014000000000001
242965,0.17405666666666667
242966,0.21658083333333333
242967,0.25300666666666666
242968,0.2821825
242969,0.3061658333333333
242970,0.33744833333333335
242971,0.36935083333333335
242972,0.3942233333333333
242973,0.42268249999999996
242974,0.43494750000000004
242975,0.4462991666666667
242976,0.45681249999999995
242977,0.47419000000000006
242978,0.485665
242979,0.4997733333333334
242980,0.5084375
242981,0.5071841666666667
242982,0.5178525
242983,0.5321083333333333
242984,0.5526558333333333
242985,0.5628033333333333
242986,0.5739175
242987,0.5906241666666666
242988,0.60386
242989,0.6284666666666666
242990,0.6521966666666666
242991,0.6686375000000001
242992,0.6759816666666667
242993,0.6805266666666667
242994,0.6734275000000001
242995,0.6623950000000001
242996,0.6513100000000001
242997,0.6315225000000001
242998,0.6122666666666667
242999,0.5874158333333334
243000,0.5658333333333334
243001,0.5444441666666666
243002,0.527825
243003,0.5146625
243004,0.5189891666666667
243005,0.5270625
243006,0.5383616666666667
243007,0.5542475000000001
243008,0.572695
243009,0.5795674999999999
243010,0.5887483333333333
243011,0.5687925
243012,0.5490558333333334
243013,0.5303391666666666
243014,0.5212883333333334
243015,0.5080008333333333
243016,0.49185999999999996
243017,0.4762625
243018,0.45407916666666664
243019,0.41430333333333336
243020,0.3706116666666667
243021,0.3258508333333333
243022,0.2782475
243023,0.23271666666666666
243024,0.2018425
243025,0.171955
243026,0.17351166666666668
243027,0.18350583333333334
243028,0.19183
243029,0.20496333333333333
243030,0.2244975
243031,0.23586833333333335
243032,0.25174166666666664
243033,0.27417916666666664
243034,0.30135999999999996
243035,0.3307091666666667
243036,0.3659708333333333
243037,0.40181750000000005
243038,0.4433191666666667
243039,0.48429583333333337
243040,0.5232858333333333
243041,0.558635
243042,0.5857008333333334
243043,0.6130225
243044,0.6362141666666666
243045,0.6582158333333333
243046,0.6881325
243047,0.7094925
243048,0.7325525
243049,0.7560575
243050,0.7786058333333333
243051,0.7968266666666666
243052,0.8169791666666666
243053,0.8320025
243054,0.8401658333333334
243055,0.8429591666666666
243056,0.8534008333333334
243057,0.8644633333333333
243058,0.8775825
243059,0.8862416666666667
243060,0.8938791666666667
243061,0.9028575
243062,0.9120600000000001
243063,0.9160775000000001
243064,0.91542
243065,0.9146108333333333
243066,0.9108333333333333
243067,0.9069475
243068,0.9041616666666668
243069,0.8961091666666667
243070,0.8927441666666667
243071,0.88208
243072,0.8749716666666667
243073,0.8667716666666667
243074,0.8605158333333333
243075,0.8567125
243076,0.8487683333333333
243077,0.8458558333333334
243078,0.8437491666666668
243079,0.8414383333333333
243080,0.8423783333333333
243081,0.8453800000000001
243082,0.8311124999999999
243083,0.8151016666666666
243084,0.8085641666666666
243085,0.7891516666666667
243086,0.7678383333333334
243087,0.745765
243088,0.7254983333333332
243089,0.7029025000000001
243090,0.6783958333333333
243091,0.6570441666666667
243092,0.6283508333333334
243093,0.5944908333333333
243094,0.5613391666666666
243095,0.526305
243096,0.48757833333333334
243097,0.46381583333333337
243098,0.4402358333333333
243099,0.4058375
243100,0.38800499999999993
243101,0.37404999999999994
243102,0.35549916666666664
243103,0.3401875
243104,0.3276775
243105,0.31661
243106,0.31501999999999997
243107,0.3132533333333333
243108,0.3174675
243109,0.31741583333333334
243110,0.31842916666666665
243111,0.3261566666666667
243112,0.3364908333333333
243113,0.3532575
243114,0.3770075
243115,0.3922608333333333
243116,0.41307583333333336
243117,0.4419508333333333
243118,0.46880333333333335
243119,0.4963883333333333
243120,0.5279533333333333
243121,0.5435866666666667
243122,0.5631533333333334
243123,0.5763033333333334
243124,0.5884008333333334
243125,0.5959958333333334
243126,0.6017133333333333
243127,0.6080208333333332
243128,0.6100391666666667
243129,0.6134233333333333
243130,0.6225033333333333
243131,0.6291775000000001
243132,0.6332041666666667
243133,0.640235
243134,0.6437008333333334
243135,0.64208
243136,0.6377066666666666
243137,0.6297325
243138,0.6239258333333333
243139,0.6248658333333333
243140,0.6220441666666666
243141,0.6365691666666667
243142,0.6458941666666667
243143,0.6538883333333333
243144,0.65947
243145,0.6631258333333333
243146,0.65932
243147,0.6551533333333333
243148,0.6416483333333335
243149,0.63864
243150,0.6297416666666666
243151,0.6357291666666668
243152,0.6367083333333333
243153,0.6437416666666667
243154,0.6531566666666666
243155,0.6708533333333334
243156,0.67986
243157,0.694285
243158,0.7075483333333333
243159,0.7182433333333333
243160,0.7311366666666667
243161,0.7514625
243162,0.7695808333333335
243163,0.7928491666666666
243164,0.8040575000000001
243165,0.8184566666666666
243166,0.8275891666666666
243167,0.8419691666666667
243168,0.8519100000000001
243169,0.8575575
243170,0.8604633333333334
243171,0.8551283333333334
243172,0.8503683333333334
243173,0.8461558333333333
243174,0.8368666666666668
243175,0.8261416666666667
243176,0.792405
243177,0.7591750000000002
243178,0.7266766666666666
243179,0.6940066666666667
243180,0.6572308333333333
243181,0.6201091666666667
243182,0.5889525
243183,0.56427
243184,0.5406616666666667
243185,0.5189741666666666
243186,0.49425333333333327
243187,0.46745000000000003
243188,0.4419416666666667
243189,0.42683916666666666
243190,0.41740916666666666
243191,0.43218083333333335
243192,0.44769416666666667
243193,0.45987999999999996
243194,0.4738391666666667
243195,0.4978441666666667
243196,0.5214933333333334
243197,0.5365108333333333
243198,0.5445375
243199,0.5550733333333333
243200,0.5613575
243201,0.5679725
243202,0.5764166666666667
243203,0.5865533333333334
243204,0.5989825
243205,0.6077275
243206,0.614505
243207,0.6194324999999999
243208,0.6236091666666667
243209,0.6247716666666666
243210,0.61607
243211,0.6092108333333334
243212,0.6123258333333333
243213,0.6196508333333333
243214,0.6159775
243215,0.6156024999999999
243216,0.6146775000000001
243217,0.6163033333333333
243218,0.6275783333333335
243219,0.6308291666666667
243220,0.6311758333333334
243221,0.6321499999999999
243222,0.6266883333333334
243223,0.624625
243224,0.6250191666666667
243225,0.6313291666666667
243226,0.6367408333333333
243227,0.63828
243228,0.6364425
243229,0.6444224999999999
243230,0.6490091666666667
243231,0.6529566666666666
243232,0.6526891666666667
243233,0.651655
243234,0.6527216666666666
243235,0.6560316666666667
243236,0.6539808333333333
243237,0.6599175
243238,0.6666133333333334
243239,0.6713349999999999
243240,0.6790808333333334
243241,0.6891791666666667
243242,0.6980141666666667
243243,0.7053174999999999
243244,0.7145425000000001
243245,0.7273141666666667
243246,0.7413608333333334
243247,0.7554375
243248,0.7609666666666667
243249,0.7665358333333334
243250,0.7603325000000001
243251,0.7572858333333333
243252,0.7534983333333333
243253,0.7506708333333333
243254,0.7472958333333334
243255,0.7413333333333334
243256,0.7403633333333333
243257,0.7353633333333334
243258,0.7305041666666666
243259,0.7182725
243260,0.7087066666666666
243261,0.6984658333333333
243262,0.68662
243263,0.6709741666666666
243264,0.6530716666666667
243265,0.6497658333333334
243266,0.6221166666666667
243267,0.5932383333333334
243268,0.5619491666666667
243269,0.5357916666666667
243270,0.5049208333333334
243271,0.46810916666666663
243272,0.43559666666666674
243273,0.40463583333333336
243274,0.3780091666666667
243275,0.3583625
243276,0.3371358333333333
243277,0.321
243278,0.3065541666666667
243279,0.291545
243280,0.26818833333333336
243281,0.27225333333333335
243282,0.282655
243283,0.2958558333333333
243284,0.3071433333333333
243285,0.32309250000000006
243286,0.3342483333333333
243287,0.3446691666666667
243288,0.35742999999999997
243289,0.37556249999999997
243290,0.38297333333333333
243291,0.3939708333333334
243292,0.4002208333333333
243293,0.40691916666666667
243294,0.41019
243295,0.4163525
243296,0.4151916666666667
243297,0.4096116666666667
243298,0.395425
243299,0.38192249999999994
243300,0.36372166666666667
243301,0.3483908333333333
243302,0.33049583333333327
243303,0.3123858333333333
243304,0.2874758333333334
243305,0.26324333333333333
243306,0.23956
243307,0.2154025
243308,0.1928291666666667
243309,0.17531166666666664
243310,0.16083
243311,0.1492
243312,0.14115833333333333
243313,0.13872916666666668
243314,0.13601916666666666
243315,0.13844916666666665
243316,0.13922166666666666
243317,0.14651666666666666
243318,0.1520641666666667
243319,0.15580249999999998
243320,0.1609108333333333
243321,0.1690075
243322,0.1940616666666667
243323,0.2185225
243324,0.24386666666666665
243325,0.26874916666666665
243326,0.2939175
243327,0.316585
243328,0.34615666666666667
243329,0.37762
243330,0.4076708333333333
243331,0.44208499999999995
243332,0.47631416666666665
243333,0.5157725000000001
243334,0.5655233333333334
243335,0.6149716666666667
243336,0.6614275000000001
243337,0.6931825000000001
243338,0.7247533333333334
243339,0.7563516666666666
243340,0.7862616666666666
243341,0.8176866666666667
243342,0.8480508333333334
243343,0.8711249999999999
243344,0.8921166666666667
243345,0.9136399999999999
243346,0.9330408333333333
243347,0.9491324999999999
243348,0.9599366666666668
243349,0.9639266666666667
243350,0.9672325
243351,0.9695575
243352,0.9717425
243353,0.9733416666666667
243354,0.9733341666666667
243355,0.9751375000000001
243356,0.9755708333333334
243357,0.9741774999999999
243358,0.9679816666666667
243359,0.96138
243360,0.9470825
243361,0.9250408333333334
243362,0.8925891666666667
243363,0.8470875
243364,0.7940425
243365,0.7380158333333333
243366,0.6787308333333333
243367,0.6223083333333332
243368,0.5711774999999999
243369,0.5215758333333332
243370,0.47275333333333336
243371,0.42289583333333336
243372,0.37265166666666666
243373,0.3275766666666666
243374,0.2866475
243375,0.2566808333333333
243376,0.22849750000000002
243377,0.2119758333333333
243378,0.2092291666666667
243379,0.21992583333333332
243380,0.23651750000000002
243381,0.25351416666666665
243382,0.27753333333333335
243383,0.309875
243384,0.3352108333333333
243385,0.3597033333333333
243386,0.38793583333333337
243387,0.42721166666666666
243388,0.4642408333333333
243389,0.49808416666666666
243390,0.5208766666666667
243391,0.54978
243392,0.5742725
243393,0.5969483333333333
243394,0.6134925
243395,0.6289216666666667
243396,0.6443625
243397,0.64607
243398,0.6267075
243399,0.6160149999999999
243400,0.6042133333333334
243401,0.5912466666666667
243402,0.5693900000000001
243403,0.5470241666666666
243404,0.52408
243405,0.5128625
243406,0.5036666666666666
243407,0.5008825
243408,0.5033091666666666
243409,0.4981858333333333
243410,0.49639
243411,0.49063166666666663
243412,0.4865816666666667
243413,0.4885841666666667
243414,0.4925408333333333
243415,0.49318249999999997
243416,0.49740499999999993
243417,0.5010891666666667
243418,0.5059875
243419,0.5007675
243420,0.48086750000000006
243421,0.45285583333333335
243422,0.4212025
243423,0.38315083333333333
243424,0.35283000000000003
243425,0.3178141666666666
243426,0.2924908333333333
243427,0.2683458333333333
243428,0.24830083333333336
243429,0.22354416666666668
243430,0.2030475
243431,0.17850583333333334
243432,0.15341583333333333
243433,0.12650666666666668
243434,0.11040333333333334
243435,0.10880166666666667
243436,0.11931
243437,0.12189416666666666
243438,0.12812416666666668
243439,0.13458083333333332
243440,0.1360125
243441,0.137715
243442,0.13909
243443,0.13752583333333332
243444,0.13474583333333331
243445,0.13098666666666667
243446,0.12392666666666667
243447,0.12063583333333333
243448,0.12093666666666666
243449,0.12210916666666667
243450,0.12157749999999999
243451,0.1152425
243452,0.117415
243453,0.11027416666666666
243454,0.11457166666666668
243455,0.1261175
243456,0.13692083333333335
243457,0.15032666666666666
243458,0.16847499999999999
243459,0.19696666666666665
243460,0.22068000000000002
243461,0.24732833333333334
243462,0.2701325
243463,0.2990175
243464,0.3203825
243465,0.33560333333333336
243466,0.35089
243467,0.36968416666666665
243468,0.3963541666666667
243469,0.4226541666666667
243470,0.44865499999999997
243471,0.4653158333333333
243472,0.4821741666666667
243473,0.4956283333333333
243474,0.5022408333333334
243475,0.5128291666666667
243476,0.5242758333333334
243477,0.5286041666666667
243478,0.5248716666666666
243479,0.5058374999999999
243480,0.48961
243481,0.47072916666666664
243482,0.4638658333333333
243483,0.458135
243484,0.4731575
243485,0.48750333333333334
243486,0.5081249999999999
243487,0.5260483333333333
243488,0.5412316666666667
243489,0.5543391666666666
243490,0.564055
243491,0.5724241666666666
243492,0.5902325
243493,0.6118558333333333
243494,0.6552766666666667
243495,0.7018825
243496,0.7535083333333332
243497,0.7922083333333333
243498,0.8289166666666666
243499,0.8330091666666667
243500,0.835645
243501,0.8377158333333334
243502,0.8382783333333332
243503,0.8357791666666667
243504,0.8352125
243505,0.8397816666666666
243506,0.8445775
243507,0.8478966666666667
243508,0.850415
243509,0.844945
243510,0.8401416666666667
243511,0.8339866666666667
243512,0.8267066666666666
243513,0.8210708333333334
243514,0.7969666666666666
243515,0.7779808333333332
243516,0.7587333333333333
243517,0.739025
243518,0.7171891666666667
243519,0.6966633333333333
243520,0.6712000000000001
243521,0.6473991666666666
243522,0.6226691666666666
243523,0.5986616666666666
243524,0.5820583333333332
243525,0.5594374999999999
243526,0.5415083333333333
243527,0.5241633333333334
243528,0.5087075000000001
243529,0.5103991666666666
243530,0.5042366666666667
243531,0.4955916666666667
243532,0.4966325000000001
243533,0.5027933333333334
243534,0.5108149999999999
243535,0.5245125
243536,0.5075991666666666
243537,0.4928808333333334
243538,0.4764158333333333
243539,0.46054999999999996
243540,0.44968916666666664
243541,0.4335383333333333
243542,0.41777583333333335
243543,0.4002866666666666
243544,0.3846916666666667
243545,0.3798875
243546,0.39931833333333333
243547,0.41036333333333336
243548,0.42187916666666664
243549,0.42957083333333335
243550,0.43633749999999993
243551,0.47003083333333334
243552,0.4962658333333333
243553,0.5193716666666667
243554,0.5380408333333333
243555,0.5536266666666666
243556,0.5744483333333333
243557,0.588775
243558,0.5997325
243559,0.6121833333333334
243560,0.6181866666666667
243561,0.6144125
243562,0.6100008333333334
243563,0.6058308333333333
243564,0.5998866666666667
243565,0.5959958333333333
243566,0.5838308333333334
243567,0.5845416666666666
243568,0.5889066666666667
243569,0.5963125
243570,0.6052458333333334
243571,0.6084991666666667
243572,0.6142575
243573,0.6250741666666666
243574,0.6298449999999999
243575,0.6326983333333334
243576,0.6241316666666666
243577,0.6153825
243578,0.6042383333333333
243579,0.5934366666666666
243580,0.5821225000000001
243581,0.5661408333333333
243582,0.5426816666666666
243583,0.5105825
243584,0.4786075
243585,0.44534666666666667
243586,0.41243250000000004
243587,0.3847716666666666
243588,0.3593066666666667
243589,0.33994583333333334
243590,0.3227358333333334
243591,0.30605499999999997
243592,0.29047749999999994
243593,0.27957249999999995
243594,0.29200166666666666
243595,0.30524416666666665
243596,0.34152333333333335
243597,0.3786933333333333
243598,0.42045333333333335
243599,0.46299250000000003
243600,0.5062099999999999
243601,0.551085
243602,0.5918691666666667
243603,0.6292058333333334
243604,0.6647824999999999
243605,0.6982883333333334
243606,0.7327191666666667
243607,0.7692291666666666
243608,0.8032958333333333
243609,0.8185533333333334
243610,0.8358491666666666
243611,0.8457758333333333
243612,0.8550850000000001
243613,0.8677858333333333
243614,0.8817008333333333
243615,0.8959433333333333
243616,0.9076483333333333
243617,0.9197525
243618,0.9304074999999999
243619,0.9411
243620,0.9519599999999999
243621,0.9620733333333333
243622,0.9713758333333333
243623,0.98175
243624,0.9881175
243625,0.9900091666666666
243626,0.9907283333333333
243627,0.9914275
243628,0.9913175
243629,0.9896791666666667
243630,0.9874358333333333
243631,0.9786175
243632,0.9673324999999999
243633,0.9542041666666666
243634,0.9371641666666667
243635,0.9186
243636,0.89769
243637,0.8768141666666668
243638,0.8505366666666666
243639,0.8242066666666666
243640,0.7990741666666668
243641,0.7916333333333333
243642,0.7853091666666666
243643,0.7735108333333333
243644,0.7665358333333334
243645,0.7591158333333333
243646,0.7536616666666666
243647,0.7451383333333333
243648,0.7335258333333333
243649,0.7169058333333334
243650,0.6985183333333335
243651,0.6927433333333334
243652,0.6863508333333334
243653,0.6831683333333333
243654,0.6677158333333334
243655,0.6510824999999999
243656,0.62602
243657,0.606435
243658,0.5927658333333333
243659,0.5768875
243660,0.556645
243661,0.5468975
243662,0.55031
243663,0.5579883333333334
243664,0.5729025
243665,0.5930266666666667
243666,0.58486
243667,0.5751533333333333
243668,0.5657541666666667
243669,0.5738341666666666
243670,0.5841516666666666
243671,0.5875591666666666
243672,0.5956308333333333
243673,0.5976525
243674,0.5994841666666666
243675,0.6051508333333333
243676,0.5959683333333333
243677,0.5773566666666667
243678,0.555845
243679,0.535025
243680,0.5115466666666666
243681,0.5028325
243682,0.49023916666666667
243683,0.48043583333333334
243684,0.4637575
243685,0.44555249999999996
243686,0.42432583333333335
243687,0.3904991666666667
243688,0.36407666666666666
243689,0.333145
243690,0.30365250000000005
243691,0.2837891666666667
243692,0.2648008333333334
243693,0.24642666666666665
243694,0.22875333333333334
243695,0.21333333333333335
243696,0.1981816666666667
243697,0.1927425
243698,0.18752416666666666
243699,0.18492166666666668
243700,0.18236833333333333
243701,0.17879499999999998
243702,0.17388166666666666
243703,0.16941750000000003
243704,0.16647083333333332
243705,0.16463333333333333
243706,0.16370583333333333
243707,0.16329
243708,0.16658333333333336
243709,0.17066916666666668
243710,0.16833083333333335
243711,0.17188499999999998
243712,0.18857833333333332
243713,0.19473166666666666
243714,0.21289416666666666
243715,0.22681833333333332
243716,0.23992000000000002
243717,0.25382333333333335
243718,0.26943249999999996
243719,0.2874075
243720,0.30121333333333333
243721,0.3126891666666667
243722,0.3164791666666667
243723,0.3185375
243724,0.31475166666666665
243725,0.31615750000000004
243726,0.3153183333333333
243727,0.2993808333333333
243728,0.30425916666666664
243729,0.2997675
243730,0.3038758333333334
243731,0.31485083333333336
243732,0.328475
243733,0.33627666666666667
243734,0.34562916666666665
243735,0.3556191666666667
243736,0.3682783333333334
243737,0.37305666666666665
243738,0.39058583333333335
243739,0.41087250000000003
243740,0.43308583333333334
243741,0.4553891666666666
243742,0.47312
243743,0.4857791666666666
243744,0.48405916666666665
243745,0.48096750000000005
243746,0.47888083333333337
243747,0.47876749999999996
243748,0.4704508333333333
243749,0.45450749999999995
243750,0.4359458333333333
243751,0.4240475
243752,0.42033166666666666
243753,0.40514083333333334
243754,0.3935433333333333
243755,0.3798975
243756,0.3697266666666667
243757,0.364765
243758,0.35426083333333336
243759,0.35219249999999996
243760,0.3440091666666667
243761,0.33090416666666667
243762,0.3276691666666667
243763,0.330895
243764,0.3385733333333334
243765,0.35136833333333334
243766,0.3563941666666667
243767,0.36936583333333334
243768,0.385795
243769,0.40287500000000004
243770,0.41935333333333336
243771,0.4386283333333333
243772,0.45600583333333333
243773,0.47654166666666664
243774,0.4971541666666666
243775,0.5211858333333333
243776,0.5478683333333333
243777,0.5705283333333333
243778,0.5943241666666667
243779,0.6178425
243780,0.6428316666666666
243781,0.6692366666666667
243782,0.6996633333333333
243783,0.7269066666666666
243784,0.7541608333333333
243785,0.78435
243786,0.8079649999999999
243787,0.8314258333333334
243788,0.8512000000000001
243789,0.8734500000000001
243790,0.894675
243791,0.9138499999999999
243792,0.9247166666666667
243793,0.93833
243794,0.951765
243795,0.9617383333333334
243796,0.9677766666666666
243797,0.9684733333333334
243798,0.9686416666666667
243799,0.9651666666666667
243800,0.9570408333333335
243801,0.9367666666666666
243802,0.91496
243803,0.8934433333333334
243804,0.87351
243805,0.8318725
243806,0.7882975000000001
243807,0.7445008333333333
243808,0.7022075000000001
243809,0.6604483333333333
243810,0.6201899999999999
243811,0.5790283333333334
243812,0.5373308333333333
243813,0.49808083333333336
243814,0.4601058333333333
243815,0.4263783333333333
243816,0.4052708333333334
243817,0.38403
243818,0.36185000000000006
243819,0.3337291666666667
243820,0.31861
243821,0.3058416666666667
243822,0.2898441666666666
243823,0.2725341666666667
243824,0.2564666666666667
243825,0.2400275
243826,0.22440000000000002
243827,0.21196500000000001
243828,0.19885916666666667
243829,0.18824416666666668
243830,0.1774325
243831,0.16788083333333334
243832,0.15672166666666668
243833,0.14797666666666665
243834,0.14414666666666667
243835,0.1488825
243836,0.15549249999999998
243837,0.1738966666666667
243838,0.19503916666666665
243839,0.20849083333333335
243840,0.24422333333333332
243841,0.2843408333333333
243842,0.31881166666666666
243843,0.34960416666666666
243844,0.37414416666666667
243845,0.40191583333333336
243846,0.4307033333333333
243847,0.44969750000000003
243848,0.4626525
243849,0.4745566666666667
243850,0.4866075
243851,0.4934191666666667
243852,0.49680583333333334
243853,0.49731583333333335
243854,0.5061791666666667
243855,0.4953491666666666
243856,0.4848166666666666
243857,0.48186083333333335
243858,0.48274750000000005
243859,0.4882775
243860,0.49864166666666665
243861,0.50158
243862,0.5060308333333333
243863,0.50916
243864,0.5123425
243865,0.5183258333333333
243866,0.5332758333333333
243867,0.5447166666666666
243868,0.5601108333333333
243869,0.5788533333333333
243870,0.5919466666666667
243871,0.6069358333333332
243872,0.6211891666666668
243873,0.6344408333333333
243874,0.6544675000000001
243875,0.6663049999999999
243876,0.683145
243877,0.7117066666666667
243878,0.74326
243879,0.77331
243880,0.8032716666666667
243881,0.8269825
243882,0.8481266666666667
243883,0.8695516666666666
243884,0.88654
243885,0.9073666666666667
243886,0.9233558333333334
243887,0.9365941666666667
243888,0.94922
243889,0.9547508333333333
243890,0.9583133333333334
243891,0.9599616666666667
243892,0.9606683333333332
243893,0.9617074999999999
243894,0.9668183333333334
243895,0.9682366666666666
243896,0.9706525
243897,0.9738008333333333
243898,0.9718341666666668
243899,0.9682141666666666
243900,0.9630391666666667
243901,0.9584633333333333
243902,0.9504950000000001
243903,0.9399533333333334
243904,0.9296941666666666
243905,0.9183741666666666
243906,0.9104883333333333
243907,0.9034433333333334
243908,0.8991058333333333
243909,0.8907883333333333
243910,0.8837925
243911,0.8764875
243912,0.8705625
243913,0.8680225
243914,0.8655
243915,0.8647524999999999
243916,0.8640399999999999
243917,0.8660591666666666
243918,0.864015
243919,0.8620183333333333
243920,0.8653133333333333
243921,0.8662641666666666
243922,0.8648991666666667
243923,0.8631958333333334
243924,0.8627458333333333
243925,0.8524166666666666
243926,0.8478925
243927,0.841115
243928,0.8306541666666667
243929,0.8193558333333333
243930,0.8014758333333333
243931,0.7864775
243932,0.7759066666666666
243933,0.772935
243934,0.7657358333333334
243935,0.7568208333333334
243936,0.74804
243937,0.7411283333333334
243938,0.7355575000000001
243939,0.7318266666666666
243940,0.7375733333333334
243941,0.7391208333333333
243942,0.7446991666666667
243943,0.75398
243944,0.7658075
243945,0.7845283333333334
243946,0.7994158333333333
243947,0.8106758333333333
243948,0.8211883333333333
243949,0.8359725
243950,0.8463350000000001
243951,0.85659
243952,0.8650300000000001
243953,0.8708683333333334
243954,0.8796183333333334
243955,0.88886
243956,0.8962749999999999
243957,0.9022508333333333
243958,0.9061325
243959,0.9101283333333333
243960,0.9133516666666668
243961,0.9161725
243962,0.9191241666666666
243963,0.9200541666666667
243964,0.9164566666666667
243965,0.9142891666666666
243966,0.9121508333333334
243967,0.9089975
243968,0.9039699999999999
243969,0.89162
243970,0.8771433333333333
243971,0.8679199999999999
243972,0.8585750000000001
243973,0.8452025
243974,0.8301166666666667
243975,0.8188608333333334
243976,0.8085316666666666
243977,0.7965700000000001
243978,0.7889133333333334
243979,0.7798275
243980,0.7693216666666667
243981,0.75968
243982,0.7527174999999999
243983,0.7462783333333333
243984,0.7421241666666666
243985,0.7402175
243986,0.7336041666666666
243987,0.7228224999999999
243988,0.7199858333333332
243989,0.7152325
243990,0.7061541666666665
243991,0.69369
243992,0.6818633333333334
243993,0.6620141666666667
243994,0.6488708333333333
243995,0.6383441666666666
243996,0.636955
243997,0.6269325
243998,0.6219366666666667
243999,0.6148141666666668
244000,0.6126874999999999
244001,0.60955
244002,0.6065799999999999
244003,0.5935658333333333
244004,0.5814208333333333
244005,0.5647825000000001
244006,0.5617725
244007,0.5627675
244008,0.5677016666666667
244009,0.5717225
244010,0.571605
244011,0.5667908333333334
244012,0.57123
244013,0.5737366666666667
244014,0.580785
244015,0.5804475
244016,0.5843174999999999
244017,0.590575
244018,0.6032341666666666
244019,0.6121341666666666
244020,0.6322383333333332
244021,0.6366308333333334
244022,0.6395833333333333
244023,0.6338991666666666
244024,0.6231658333333333
244025,0.6152475000000001
244026,0.6052733333333333
244027,0.5953441666666667
244028,0.5849416666666667
244029,0.5749716666666667
244030,0.5649975
244031,0.5352975
244032,0.5046833333333333
244033,0.4729258333333333
244034,0.4497483333333333
244035,0.41753583333333333
244036,0.39825416666666663
244037,0.37687499999999996
244038,0.35602833333333334
244039,0.3397925
244040,0.32654750000000005
244041,0.30698333333333333
244042,0.28395583333333335
244043,0.26014333333333334
244044,0.2299725
244045,0.20217333333333334
244046,0.19437833333333332
244047,0.18705333333333335
244048,0.18062916666666667
244049,0.1707766666666667
244050,0.16471166666666667
244051,0.15158166666666664
244052,0.1387975
244053,0.135165
244054,0.13407083333333333
244055,0.13729000000000002
244056,0.15229833333333334
244057,0.17766916666666666
244058,0.20066250000000002
244059,0.23521
244060,0.275055
244061,0.3176816666666667
244062,0.3637875
244063,0.4092491666666666
244064,0.45645166666666664
244065,0.5054
244066,0.5548333333333333
244067,0.6040366666666667
244068,0.6528783333333333
244069,0.70118
244070,0.7422308333333334
244071,0.7776683333333333
244072,0.807085
244073,0.8384808333333333
244074,0.8627425
244075,0.8806783333333333
244076,0.8910258333333334
244077,0.8994291666666666
244078,0.9079508333333333
244079,0.9151450000000001
244080,0.9195483333333333
244081,0.9227658333333333
244082,0.9245774999999999
244083,0.925665
244084,0.9190783333333333
244085,0.9180616666666668
244086,0.9132191666666666
244087,0.9086408333333333
244088,0.9050258333333333
244089,0.8929075
244090,0.8840675
244091,0.8721391666666667
244092,0.8579333333333333
244093,0.8445
244094,0.8316324999999999
244095,0.8183341666666667
244096,0.8051266666666667
244097,0.7943825
244098,0.7816258333333334
244099,0.7723733333333332
244100,0.7593799999999999
244101,0.7474641666666667
244102,0.7340183333333333
244103,0.7222000000000001
244104,0.7128841666666667
244105,0.6931999999999999
244106,0.67529
244107,0.6627183333333334
244108,0.6452500000000001
244109,0.6252783333333334
244110,0.582765
244111,0.5413766666666666
244112,0.49773083333333334
244113,0.45579333333333333
244114,0.4180341666666667
244115,0.3806266666666667
244116,0.35481416666666665
244117,0.3306525
244118,0.3037358333333333
244119,0.2869675
244120,0.28000166666666665
244121,0.2737291666666667
244122,0.2644991666666667
244123,0.24731166666666668
244124,0.22990833333333333
244125,0.2420925
244126,0.24585583333333333
244127,0.24899583333333333
244128,0.2554666666666667
244129,0.2640775
244130,0.26651083333333336
244131,0.2640625
244132,0.2643258333333333
244133,0.2669408333333333
244134,0.26488833333333334
244135,0.2552875
244136,0.2498825
244137,0.24738583333333336
244138,0.2569033333333333
244139,0.26871416666666664
244140,0.2760633333333333
244141,0.28724916666666667
244142,0.30276333333333333
244143,0.32105916666666673
244144,0.33086000000000004
244145,0.34402166666666667
244146,0.3529925
244147,0.3802516666666666
244148,0.40184583333333335
244149,0.4238941666666666
244150,0.4558933333333333
244151,0.4878516666666667
244152,0.5171966666666666
244153,0.5503583333333334
244154,0.5849391666666667
244155,0.6171891666666667
244156,0.6536133333333333
244157,0.6854125000000001
244158,0.7122158333333333
244159,0.7470233333333334
244160,0.7833966666666666
244161,0.8168833333333333
244162,0.8307283333333333
244163,0.8495525
244164,0.8679691666666667
244165,0.8820458333333333
244166,0.8933750000000001
244167,0.9040341666666667
244168,0.9110208333333334
244169,0.916475
244170,0.9220974999999999
244171,0.9273691666666667
244172,0.9342275
244173,0.9405300000000001
244174,0.94273
244175,0.9460741666666668
244176,0.9493708333333334
244177,0.94969
244178,0.9485208333333333
244179,0.9460708333333333
244180,0.9436683333333333
244181,0.9419416666666667
244182,0.9413591666666667
244183,0.9412558333333333
244184,0.9416658333333333
244185,0.9418616666666667
244186,0.9421
244187,0.9431608333333333
244188,0.9449608333333334
244189,0.9476966666666667
244190,0.9484358333333333
244191,0.9487691666666667
244192,0.9477700000000001
244193,0.9465041666666667
244194,0.9475141666666667
244195,0.9484108333333334
244196,0.9456975
244197,0.9402691666666666
244198,0.9310808333333334
244199,0.9202583333333333
244200,0.910465
244201,0.8992266666666666
244202,0.8909566666666666
244203,0.8830341666666667
244204,0.8671858333333333
244205,0.8533933333333333
244206,0.83791
244207,0.8247816666666666
244208,0.8101466666666667
244209,0.791735
244210,0.7739316666666666
244211,0.7595375
244212,0.7444008333333334
244213,0.7367066666666667
244214,0.7298925
244215,0.69227
244216,0.6526933333333333
244217,0.6040275
244218,0.5555541666666667
244219,0.5327558333333333
244220,0.5128341666666667
244221,0.48910666666666663
244222,0.46505833333333335
244223,0.4505350000000001
244224,0.43634833333333334
244225,0.4259308333333333
244226,0.4120625
244227,0.40026083333333334
244228,0.3804808333333333
244229,0.3673375
244230,0.38623916666666663
244231,0.41135666666666665
244232,0.4386908333333333
244233,0.46495
244234,0.47730333333333336
244235,0.49510083333333327
244236,0.5244875
244237,0.5560116666666667
244238,0.5819500000000001
244239,0.6133558333333333
244240,0.6407983333333332
244241,0.6722483333333334
244242,0.7026450000000001
244243,0.7381875
244244,0.7677525000000001
244245,0.7966191666666667
244246,0.8216391666666667
244247,0.8506366666666667
244248,0.8805958333333332
244249,0.9065433333333334
244250,0.9232183333333334
244251,0.9333775
244252,0.9409583333333333
244253,0.9472666666666666
244254,0.9480583333333334
244255,0.9464741666666667
244256,0.9428375
244257,0.9378775
244258,0.931635
244259,0.9283158333333332
244260,0.9244083333333334
244261,0.9218658333333334
244262,0.9196183333333333
244263,0.9173166666666667
244264,0.9125316666666666
244265,0.904445
244266,0.8962383333333334
244267,0.8871066666666666
244268,0.8719808333333333
244269,0.8272408333333333
244270,0.7869808333333332
244271,0.7434658333333333
244272,0.6979633333333334
244273,0.6499341666666667
244274,0.5990866666666667
244275,0.5464783333333333
244276,0.49314833333333336
244277,0.4394416666666666
244278,0.38459666666666664
244279,0.33608333333333335
244280,0.2882841666666666
244281,0.24128916666666667
244282,0.194855
244283,0.15179749999999997
244284,0.14033166666666663
244285,0.12538583333333334
244286,0.11293416666666668
244287,0.10698
244288,0.10390999999999999
244289,0.09967833333333333
244290,0.0970925
244291,0.0944975
244292,0.09398
244293,0.0952
244294,0.09061083333333333
244295,0.08787666666666666
244296,0.08840083333333333
244297,0.09133333333333332
244298,0.09798333333333334
244299,0.10293416666666667
244300,0.10966833333333334
244301,0.11877999999999998
244302,0.12804333333333334
244303,0.13810916666666667
244304,0.14764
244305,0.15914083333333334
244306,0.1695475
244307,0.178315
244308,0.18234500000000003
244309,0.19029666666666667
244310,0.19755333333333333
244311,0.20390166666666668
244312,0.2062325
244313,0.20641416666666668
244314,0.20941166666666666
244315,0.21086333333333332
244316,0.21299583333333333
244317,0.21222166666666667
244318,0.20883416666666668
244319,0.20668083333333334
244320,0.20908416666666665
244321,0.21856333333333336
244322,0.2328375
244323,0.24528166666666665
244324,0.2564808333333334
244325,0.27002833333333337
244326,0.27974
244327,0.28439166666666665
244328,0.29566916666666665
244329,0.30771833333333337
244330,0.31904000000000005
244331,0.32770083333333333
244332,0.34099999999999997
244333,0.3557225
244334,0.36704749999999997
244335,0.37529
244336,0.3765825
244337,0.3789558333333333
244338,0.3872808333333333
244339,0.397485
244340,0.40702666666666665
244341,0.4162983333333333
244342,0.43377083333333327
244343,0.43926666666666664
244344,0.4411816666666667
244345,0.44651166666666664
244346,0.45597
244347,0.46088500000000004
244348,0.46322583333333334
244349,0.4648758333333333
244350,0.46027416666666665
244351,0.4541791666666667
244352,0.44356083333333335
244353,0.4309558333333333
244354,0.4096375
244355,0.3894516666666667
244356,0.37015916666666665
244357,0.3451166666666667
244358,0.32847250000000006
244359,0.3281666666666666
244360,0.3244
244361,0.32565083333333333
244362,0.31860499999999997
244363,0.30491333333333337
244364,0.2969375
244365,0.28498833333333334
244366,0.27279250000000005
244367,0.2587825
244368,0.24901166666666666
244369,0.2489325
244370,0.24687583333333332
244371,0.24587
244372,0.24517666666666665
244373,0.24054166666666668
244374,0.23449666666666666
244375,0.22785666666666665
244376,0.22048583333333335
244377,0.21792666666666666
244378,0.22443500000000002
244379,0.2287
244380,0.24979166666666666
244381,0.2729416666666667
244382,0.306585
244383,0.3411591666666667
244384,0.375615
244385,0.4102266666666667
244386,0.45352999999999993
244387,0.5009175
244388,0.5482683333333334
244389,0.5866491666666668
244390,0.6281108333333333
244391,0.6641041666666666
244392,0.7033400000000001
244393,0.7431166666666666
244394,0.7830083333333333
244395,0.8113291666666667
244396,0.8337841666666667
244397,0.8365966666666667
244398,0.8371666666666666
244399,0.8329216666666667
244400,0.8274799999999999
244401,0.8096483333333333
244402,0.7878033333333333
244403,0.7680508333333333
244404,0.7472441666666666
244405,0.725945
244406,0.6968491666666667
244407,0.6814033333333334
244408,0.6685591666666667
244409,0.6563925
244410,0.6455958333333334
244411,0.6328741666666666
244412,0.6310675000000001
244413,0.6279991666666667
244414,0.6270591666666667
244415,0.6350425000000001
244416,0.6433866666666667
244417,0.6586275
244418,0.6751941666666668
244419,0.6939475
244420,0.7053816666666667
244421,0.7213725
244422,0.72271
244423,0.7252916666666667
244424,0.7277241666666666
244425,0.7279258333333334
244426,0.7330316666666667
244427,0.7289316666666666
244428,0.7205033333333334
244429,0.7056808333333334
244430,0.682
244431,0.6605483333333333
244432,0.6392475
244433,0.6148491666666666
244434,0.5808808333333333
244435,0.5563566666666666
244436,0.5313391666666667
244437,0.5057625
244438,0.4760183333333333
244439,0.44453583333333335
244440,0.410455
244441,0.379445
244442,0.35395333333333334
244443,0.32982666666666666
244444,0.3114549999999999
244445,0.2973075
244446,0.28317833333333337
244447,0.2702708333333333
244448,0.26002416666666667
244449,0.2566275
244450,0.2531291666666667
244451,0.2538225
244452,0.25829833333333335
244453,0.26851
244454,0.27951166666666666
244455,0.30227916666666665
244456,0.321365
244457,0.35584750000000004
244458,0.3793075
244459,0.4070433333333333
244460,0.43573000000000006
244461,0.46510166666666664
244462,0.4870608333333334
244463,0.514525
244464,0.5372800000000001
244465,0.5579291666666666
244466,0.5746125000000001
244467,0.5982000000000001
244468,0.6132783333333334
244469,0.6184808333333334
244470,0.6205983333333334
244471,0.6348800000000001
244472,0.63702
244473,0.6526166666666666
244474,0.6664733333333334
244475,0.6730875
244476,0.6742983333333332
244477,0.6785891666666667
244478,0.6778758333333333
244479,0.6893266666666665
244480,0.7056033333333335
244481,0.72405
244482,0.7305883333333333
244483,0.7370699999999999
244484,0.7549691666666667
244485,0.7677833333333334
244486,0.7705025
244487,0.7760058333333333
244488,0.7761133333333333
244489,0.7716283333333334
244490,0.7745816666666667
244491,0.7821333333333335
244492,0.7882833333333334
244493,0.7930658333333334
244494,0.7912383333333334
244495,0.7887175000000001
244496,0.7851891666666667
244497,0.7837233333333333
244498,0.7876066666666668
244499,0.7926841666666667
244500,0.7975241666666667
244501,0.79433
244502,0.786155
244503,0.7840766666666668
244504,0.7586458333333332
244505,0.7261025
244506,0.6954108333333333
244507,0.6672633333333332
244508,0.6327824999999999
244509,0.5938291666666665
244510,0.5521691666666667
244511,0.5068816666666667
244512,0.4823175
244513,0.45350666666666667
244514,0.42762833333333333
244515,0.40370833333333334
244516,0.39349333333333336
244517,0.3886575
244518,0.38613500000000006
244519,0.4132558333333333
244520,0.44351250000000003
244521,0.4721591666666667
244522,0.49402916666666663
244523,0.5237875
244524,0.5552158333333334
244525,0.5815408333333333
244526,0.6201116666666667
244527,0.6426750000000001
244528,0.66456
244529,0.6789383333333333
244530,0.6933425
244531,0.7072625
244532,0.7160841666666667
244533,0.7243033333333333
244534,0.7270658333333333
244535,0.7321925
244536,0.738535
244537,0.7527358333333333
244538,0.7652166666666668
244539,0.7831391666666666
244540,0.8045083333333334
244541,0.8176366666666667
244542,0.8281075
244543,0.8357841666666667
244544,0.8450408333333334
244545,0.8545183333333334
244546,0.8598325
244547,0.8642424999999999
244548,0.8696716666666667
244549,0.874775
244550,0.8779741666666666
244551,0.8812041666666667
244552,0.8847358333333334
244553,0.8896375
244554,0.8884150000000001
244555,0.8860991666666665
244556,0.8864716666666667
244557,0.8861266666666666
244558,0.8913375
244559,0.8974791666666666
244560,0.9025466666666666
244561,0.9070808333333333
244562,0.912905
244563,0.9128958333333334
244564,0.9144249999999999
244565,0.9149891666666666
244566,0.8980041666666666
244567,0.8713425
244568,0.8518950000000001
244569,0.8263775
244570,0.8007375
244571,0.7789983333333333
244572,0.7610116666666666
244573,0.7380625
244574,0.7154008333333334
244575,0.68972
244576,0.6705383333333332
244577,0.6582658333333333
244578,0.6508308333333334
244579,0.6419258333333334
244580,0.6354624999999999
244581,0.6422825000000001
244582,0.6591258333333333
244583,0.6691316666666667
244584,0.6870633333333332
244585,0.7017958333333334
244586,0.7124641666666667
244587,0.7167025
244588,0.73017
244589,0.7413958333333334
244590,0.7549091666666665
244591,0.7632558333333334
244592,0.7550741666666667
244593,0.7509216666666667
244594,0.7456858333333333
244595,0.7356008333333334
244596,0.7287849999999999
244597,0.7234216666666666
244598,0.7152375
244599,0.7029733333333332
244600,0.6969449999999999
244601,0.6848125
244602,0.672145
244603,0.6453233333333334
244604,0.6160783333333334
244605,0.5883125000000001
244606,0.5596141666666666
244607,0.5468533333333333
244608,0.5245891666666667
244609,0.5048233333333333
244610,0.48887250000000004
244611,0.4603025
244612,0.42881083333333336
244613,0.4002
244614,0.37359916666666665
244615,0.3451166666666667
244616,0.32005
244617,0.3017591666666667
244618,0.2846933333333333
244619,0.2711341666666666
244620,0.25259
244621,0.23697249999999997
244622,0.21686166666666665
244623,0.19743416666666666
244624,0.1804583333333333
244625,0.1595175
244626,0.1517433333333333
244627,0.14524416666666667
244628,0.1367175
244629,0.12913083333333333
244630,0.12021416666666668
244631,0.11411083333333333
244632,0.1053225
244633,0.10899833333333334
244634,0.11220583333333332
244635,0.11450833333333334
244636,0.117725
244637,0.12164833333333333
244638,0.12740833333333335
244639,0.12834416666666665
244640,0.131405
244641,0.133255
244642,0.13192166666666666
244643,0.12658333333333333
244644,0.12101916666666666
244645,0.11699416666666666
244646,0.10917333333333333
244647,0.10680178571428571
244648,0.0991673076923077
244649,0.09245625
244650,0.09148522727272726
244651,0.08624375
244652,0.07589305555555555
244653,0.06532031249999999
244654,0.071503125
244655,0.06720277777777778
244656,0.06332
244657,0.061453409090909086
244658,0.06088020833333333
244659,0.05988653846153846
244660,0.05884642857142857
244661,0.05702416666666667
244662,0.0526225
244663,0.04840083333333334
244664,0.0450225
244665,0.041620000000000004
244666,0.041435
244667,0.042582499999999995
244668,0.043915833333333334
244669,0.04470333333333333
244670,0.04693083333333333
244671,0.04739666666666666
244672,0.04740416666666667
244673,0.050015833333333336
244674,0.0519275
244675,0.052998333333333335
244676,0.054516666666666665
244677,0.06063416666666667
244678,0.0703125
244679,0.07966000000000001
244680,0.09310333333333333
244681,0.10629166666666666
244682,0.12256083333333333
244683,0.139565
244684,0.15448083333333332
244685,0.16692916666666668
244686,0.17717833333333333
244687,0.18732166666666666
244688,0.19192083333333335
244689,0.19708416666666664
244690,0.20158916666666665
244691,0.2086125
244692,0.21172083333333333
244693,0.21090583333333335
244694,0.20728333333333332
244695,0.20190416666666666
244696,0.19610833333333336
244697,0.20925500000000002
244698,0.21932416666666665
244699,0.23288916666666667
244700,0.24735666666666667
244701,0.2719275
244702,0.3040033333333333
244703,0.3438525
244704,0.37750500000000003
244705,0.41334166666666666
244706,0.44650500000000004
244707,0.4758383333333333
244708,0.49332750000000003
244709,0.50683
244710,0.520225
244711,0.5308641666666667
244712,0.5175866666666666
244713,0.5093125
244714,0.4962175
244715,0.4810616666666666
244716,0.4597983333333333
244717,0.4275741666666667
244718,0.3915025
244719,0.3639708333333333
244720,0.33928583333333334
244721,0.31775749999999997
244722,0.30894499999999997
244723,0.31553833333333337
244724,0.3337483333333333
244725,0.3528975
244726,0.38066416666666664
244727,0.41484666666666664
244728,0.4413875
244729,0.45550583333333333
244730,0.46358000000000005
244731,0.4611283333333333
244732,0.4581725
244733,0.45582666666666666
244734,0.451595
244735,0.4393758333333333
244736,0.4222466666666667
244737,0.39555416666666665
244738,0.36445833333333333
244739,0.3269716666666667
244740,0.28591
244741,0.23886916666666666
244742,0.18987916666666665
244743,0.14529416666666667
244744,0.1205475
244745,0.10524000000000001
244746,0.10175000000000001
244747,0.10124833333333334
244748,0.09500083333333334
244749,0.08661583333333334
244750,0.08360750000000002
244751,0.0825275
244752,0.0813075
244753,0.0784
244754,0.07521
244755,0.07363000000000001
244756,0.07166166666666668
244757,0.06947583333333333
244758,0.07168083333333333
244759,0.070425
244760,0.0681875
244761,0.06585833333333334
244762,0.068115
244763,0.07656583333333335
244764,0.08802
244765,0.09942999999999999
244766,0.11549916666666667
244767,0.13946250000000002
244768,0.17212249999999998
244769,0.20544166666666666
244770,0.24246166666666666
244771,0.27944416666666666
244772,0.3142458333333334
244773,0.3493058333333333
244774,0.3869825
244775,0.42529333333333336
244776,0.46248666666666666
244777,0.49807083333333335
244778,0.5297066666666667
244779,0.5624625
244780,0.5915833333333332
244781,0.6152883333333333
244782,0.6235541666666666
244783,0.6237816666666667
244784,0.6218858333333334
244785,0.6219741666666666
244786,0.6169358333333332
244787,0.6069316666666666
244788,0.5883516666666666
244789,0.5708608333333333
244790,0.5469733333333333
244791,0.5274241666666667
244792,0.5054716666666667
244793,0.4799841666666666
244794,0.45822166666666664
244795,0.44432000000000005
244796,0.43723333333333336
244797,0.4353866666666667
244798,0.4386566666666667
244799,0.4439508333333333
244800,0.44349416666666663
244801,0.4467975
244802,0.44448750000000004
244803,0.4486166666666666
244804,0.4520883333333333
244805,0.4592733333333333
244806,0.4689933333333334
244807,0.479265
244808,0.4917925
244809,0.4981691666666667
244810,0.48934083333333334
244811,0.4777525
244812,0.4640416666666667
244813,0.4424466666666667
244814,0.42509583333333334
244815,0.40932833333333335
244816,0.3929933333333333
244817,0.3880883333333333
244818,0.38214583333333335
244819,0.37212249999999997
244820,0.36358833333333335
244821,0.349935
244822,0.3415391666666666
244823,0.33658916666666666
244824,0.331595
244825,0.33689
244826,0.33602916666666666
244827,0.34024249999999995
244828,0.35459749999999995
244829,0.3638108333333333
244830,0.3715775
244831,0.37645249999999997
244832,0.38157749999999996
244833,0.39466666666666667
244834,0.40861333333333333
244835,0.40964416666666664
244836,0.4104875
244837,0.40178166666666665
244838,0.39918666666666663
244839,0.39002916666666665
244840,0.3799433333333333
244841,0.37458583333333334
244842,0.36502666666666667
244843,0.3492766666666667
244844,0.33055833333333334
244845,0.3120833333333334
244846,0.300475
244847,0.2876366666666667
244848,0.26216
244849,0.2397725
244850,0.23671583333333335
244851,0.23417999999999997
244852,0.23525749999999998
244853,0.23610499999999998
244854,0.2449925
244855,0.2539866666666667
244856,0.2604016666666667
244857,0.27543749999999995
244858,0.30062083333333334
244859,0.329735
244860,0.3538908333333334
244861,0.37638249999999995
244862,0.40212916666666665
244863,0.42420583333333334
244864,0.4445325
244865,0.44790833333333335
244866,0.45407916666666664
244867,0.4591
244868,0.44893333333333335
244869,0.43379833333333334
244870,0.41740499999999997
244871,0.40791750000000004
244872,0.3966533333333333
244873,0.38023999999999997
244874,0.3642975
244875,0.3456383333333333
244876,0.3331283333333333
244877,0.317715
244878,0.313975
244879,0.3136116666666667
244880,0.32947
244881,0.3435416666666667
244882,0.35737166666666664
244883,0.3799383333333334
244884,0.40736500000000003
244885,0.4354158333333333
244886,0.4542458333333333
244887,0.46853083333333334
244888,0.48268083333333334
244889,0.4903325
244890,0.5051883333333334
244891,0.5140608333333333
244892,0.5193691666666667
244893,0.5222033333333334
244894,0.5203891666666667
244895,0.513445
244896,0.5017558333333334
244897,0.4932416666666667
244898,0.48559333333333327
244899,0.47222416666666667
244900,0.4602016666666667
244901,0.45166416666666664
244902,0.4510333333333333
244903,0.4412325
244904,0.43586916666666664
244905,0.4281783333333333
244906,0.4193616666666667
244907,0.4099133333333334
244908,0.4045475
244909,0.39876666666666666
244910,0.3907716666666667
244911,0.38087333333333334
244912,0.3672358333333333
244913,0.35400416666666673
244914,0.34668750000000004
244915,0.33895333333333333
244916,0.32985666666666663
244917,0.3146616666666667
244918,0.29978583333333336
244919,0.2821883333333333
244920,0.26761583333333333
244921,0.2485575
244922,0.2389125
244923,0.224665
244924,0.21069083333333335
244925,0.19585249999999998
244926,0.18271749999999998
244927,0.17276750000000002
244928,0.16121
244929,0.14840583333333335
244930,0.13507583333333334
244931,0.12313416666666668
244932,0.11035416666666667
244933,0.10246083333333335
244934,0.09874166666666667
244935,0.0925125
244936,0.08997999999999999
244937,0.08191416666666668
244938,0.07223833333333335
244939,0.06259833333333334
244940,0.05564583333333333
244941,0.05072833333333334
244942,0.04467083333333333
244943,0.03840999999999999
244944,0.032412500000000004
244945,0.027439166666666667
244946,0.022480833333333335
244947,0.018481666666666667
244948,0.014306666666666665
244949,0.009559166666666667
244950,0.006857500000000001
244951,0.005468333333333333
244952,0.005014166666666667
244953,0.0047283333333333335
244954,0.004619166666666666
244955,0.004760833333333333
244956,0.004865833333333333
244957,0.005297499999999999
244958,0.006009166666666667
244959,0.006923333333333333
244960,0.008685833333333334
244961,0.011386666666666666
244962,0.01596083333333333
244963,0.021535000000000002
244964,0.031109166666666667
244965,0.04276083333333333
244966,0.05587166666666667
244967,0.0682675
244968,0.08306416666666668
244969,0.11194916666666668
244970,0.136305
244971,0.1644975
244972,0.18362666666666666
244973,0.1937875
244974,0.1983475
244975,0.20783916666666666
244976,0.21420916666666667
244977,0.22025416666666667
244978,0.22193500000000002
244979,0.21899
244980,0.21312083333333331
244981,0.20600083333333333
244982,0.19956916666666666
244983,0.19383333333333336
244984,0.18263166666666666
244985,0.1796225
244986,0.17517583333333334
244987,0.18357916666666665
244988,0.20170916666666666
244989,0.22815166666666667
244990,0.2515716666666667
244991,0.27376666666666666
244992,0.28895583333333336
244993,0.3109083333333333
244994,0.335615
244995,0.3723508333333333
244996,0.4058283333333333
244997,0.4413508333333333
244998,0.4741725
244999,0.5003449999999999
245000,0.521095
245001,0.5413966666666667
245002,0.55289
245003,0.5667983333333333
245004,0.5797341666666667
245005,0.5905241666666667
245006,0.6065850000000002
245007,0.6210266666666667
245008,0.6376875000000001
245009,0.6543383333333334
245010,0.6434508333333333
245011,0.6283183333333333
245012,0.6175858333333333
245013,0.6021183333333334
245014,0.5766366666666667
245015,0.5551499999999999
245016,0.5379566666666666
245017,0.5242508333333333
245018,0.5020100000000001
245019,0.47815833333333335
245020,0.46322833333333335
245021,0.44725250000000005
245022,0.43160333333333334
245023,0.41372166666666665
245024,0.39708000000000004
245025,0.3959266666666667
245026,0.40273499999999995
245027,0.40804083333333335
245028,0.40536500000000003
245029,0.4162641666666666
245030,0.4263275
245031,0.4306466666666667
245032,0.4390466666666667
245033,0.4504883333333334
245034,0.46525999999999995
245035,0.47202416666666663
245036,0.4932416666666667
245037,0.5189541666666666
245038,0.54278
245039,0.5648766666666667
245040,0.5856866666666668
245041,0.6071158333333333
245042,0.6291708333333333
245043,0.6656433333333334
245044,0.6959325
245045,0.7238508333333333
245046,0.7507225
245047,0.7758183333333334
245048,0.8024108333333333
245049,0.8282116666666666
245050,0.8532208333333333
245051,0.8630425
245052,0.8767041666666666
245053,0.888705
245054,0.8996141666666666
245055,0.91231
245056,0.9236958333333334
245057,0.9288608333333334
245058,0.9323691666666666
245059,0.93675
245060,0.9404675
245061,0.9416333333333334
245062,0.94496
245063,0.9465166666666668
245064,0.9434408333333334
245065,0.9387416666666667
245066,0.9362750000000001
245067,0.9296683333333334
245068,0.9130675
245069,0.8973333333333333
245070,0.8756583333333333
245071,0.8407275
245072,0.80554
245073,0.777505
245074,0.7443541666666668
245075,0.7150933333333334
245076,0.6860341666666667
245077,0.6482933333333333
245078,0.6046583333333333
245079,0.5667666666666666
245080,0.5329141666666667
245081,0.48990833333333333
245082,0.45075
245083,0.4231641666666667
245084,0.393015
245085,0.3656816666666666
245086,0.3484258333333334
245087,0.3359475
245088,0.31196833333333335
245089,0.29951500000000003
245090,0.28497083333333334
245091,0.27501749999999997
245092,0.274865
245093,0.28091083333333333
245094,0.28661333333333333
245095,0.29360833333333336
245096,0.30519416666666666
245097,0.31617083333333335
245098,0.32504583333333337
245099,0.34427833333333335
245100,0.3653541666666667
245101,0.38417999999999997
245102,0.3981525
245103,0.41609083333333335
245104,0.4217208333333334
245105,0.4262675
245106,0.4268175
245107,0.4258941666666667
245108,0.421625
245109,0.41161416666666667
245110,0.3934166666666667
245111,0.37694916666666667
245112,0.35890666666666665
245113,0.3433741666666667
245114,0.3190975
245115,0.2949675
245116,0.27314583333333337
245117,0.25129666666666667
245118,0.23064916666666666
245119,0.21590666666666666
245120,0.20129333333333335
245121,0.18811083333333334
245122,0.170195
245123,0.1577175
245124,0.14778333333333335
245125,0.13905583333333335
245126,0.14754666666666666
245127,0.15497333333333335
245128,0.15698333333333334
245129,0.15281666666666668
245130,0.14967916666666667
245131,0.14611416666666666
245132,0.144565
245133,0.14160916666666667
245134,0.13902
245135,0.1358066666666667
245136,0.13589583333333335
245137,0.1384466666666667
245138,0.14352416666666665
245139,0.15506166666666665
245140,0.16640749999999999
245141,0.16414166666666669
245142,0.16370416666666665
245143,0.16787000000000002
245144,0.17739833333333335
245145,0.189215
245146,0.20382916666666667
245147,0.21604083333333335
245148,0.2286575
245149,0.23730666666666664
245150,0.25229666666666667
245151,0.26880916666666665
245152,0.29305916666666665
245153,0.3224283333333334
245154,0.3408808333333333
245155,0.3650325
245156,0.3945666666666667
245157,0.42189000000000004
245158,0.44737166666666667
245159,0.47141916666666667
245160,0.49640916666666673
245161,0.5267166666666667
245162,0.5648883333333334
245163,0.6066408333333333
245164,0.6513833333333333
245165,0.6928750000000001
245166,0.7323258333333332
245167,0.764245
245168,0.7890758333333333
245169,0.8183258333333333
245170,0.8449616666666666
245171,0.8631658333333333
245172,0.8836941666666667
245173,0.9049283333333334
245174,0.9275708333333333
245175,0.9472766666666667
245176,0.9618800000000001
245177,0.9684066666666666
245178,0.9702591666666667
245179,0.9701883333333333
245180,0.9647108333333334
245181,0.9464066666666667
245182,0.9256783333333333
245183,0.8946616666666666
245184,0.8620625
245185,0.8163008333333334
245186,0.7701633333333333
245187,0.7239066666666666
245188,0.6734699999999999
245189,0.6235824999999999
245190,0.5721825
245191,0.5154591666666667
245192,0.46019333333333334
245193,0.4069533333333333
245194,0.35586666666666666
245195,0.30894
245196,0.27558916666666666
245197,0.24402333333333334
245198,0.2200175
245199,0.2123866666666667
245200,0.2168233333333333
245201,0.21636833333333336
245202,0.2244066666666667
245203,0.23783166666666666
245204,0.24816666666666667
245205,0.25923583333333333
245206,0.27726999999999996
245207,0.30546249999999997
245208,0.33778083333333336
245209,0.36814166666666664
245210,0.39679000000000003
245211,0.420005
245212,0.4403866666666667
245213,0.45914249999999995
245214,0.4650108333333333
245215,0.4735141666666667
245216,0.48729416666666664
245217,0.49616583333333336
245218,0.5041533333333333
245219,0.5160125
245220,0.528615
245221,0.5444725
245222,0.5475791666666667
245223,0.5449191666666666
245224,0.5473416666666666
245225,0.549075
245226,0.5463175
245227,0.5451516666666667
245228,0.5569550000000001
245229,0.572595
245230,0.5847925
245231,0.5993275
245232,0.6163375000000001
245233,0.6367091666666667
245234,0.6554800000000001
245235,0.6774883333333332
245236,0.6967916666666666
245237,0.7183683333333334
245238,0.7401825
245239,0.7586733333333334
245240,0.7794466666666666
245241,0.80481
245242,0.8316049999999999
245243,0.8493825
245244,0.8637741666666667
245245,0.8808833333333334
245246,0.8951741666666666
245247,0.9035158333333333
245248,0.9045458333333334
245249,0.9028208333333333
245250,0.8957916666666667
245251,0.8860466666666668
245252,0.8757541666666666
245253,0.8625141666666667
245254,0.8462075
245255,0.8235650000000001
245256,0.7905241666666666
245257,0.7572725000000001
245258,0.7183033333333333
245259,0.6759158333333333
245260,0.6272775
245261,0.5845858333333334
245262,0.5272225
245263,0.47286
245264,0.4201358333333334
245265,0.36936166666666664
245266,0.32579250000000004
245267,0.2845283333333333
245268,0.24605833333333335
245269,0.2102875
245270,0.1835183333333333
245271,0.17531583333333334
245272,0.16730333333333333
245273,0.1653675
245274,0.16820583333333333
245275,0.17621583333333335
245276,0.17593
245277,0.18850416666666667
245278,0.1994508333333333
245279,0.21153083333333333
245280,0.22447916666666667
245281,0.23510416666666664
245282,0.2503916666666667
245283,0.26491000000000003
245284,0.2792808333333333
245285,0.2871875
245286,0.29223999999999994
245287,0.306235
245288,0.31344333333333335
245289,0.31539
245290,0.3173
245291,0.31025833333333336
245292,0.3085608333333333
245293,0.30526583333333335
245294,0.3026733333333333
245295,0.3001191666666667
245296,0.30158416666666665
245297,0.29873833333333333
245298,0.2960933333333333
245299,0.29634
245300,0.31057083333333335
245301,0.3151575
245302,0.31154166666666666
245303,0.31366083333333333
245304,0.3184875
245305,0.322025
245306,0.334905
245307,0.35258833333333334
245308,0.3744525000000001
245309,0.39178833333333335
245310,0.4095158333333334
245311,0.41712166666666667
245312,0.42799000000000004
245313,0.43917666666666666
245314,0.4469783333333333
245315,0.4421916666666667
245316,0.44242583333333335
245317,0.4483691666666667
245318,0.4503641666666667
245319,0.4601308333333334
245320,0.4742466666666667
245321,0.49262666666666666
245322,0.5018375
245323,0.5124333333333333
245324,0.5291625
245325,0.5415875
245326,0.5570858333333334
245327,0.5673175
245328,0.5784116666666665
245329,0.5898125000000001
245330,0.6010074999999999
245331,0.6106833333333334
245332,0.6118358333333334
245333,0.6175266666666667
245334,0.6204608333333334
245335,0.6268758333333333
245336,0.6276708333333334
245337,0.6176683333333333
245338,0.6003066666666667
245339,0.5887383333333334
245340,0.5742624999999999
245341,0.5638541666666668
245342,0.5507725000000001
245343,0.5413116666666666
245344,0.5335825
245345,0.5307583333333333
245346,0.5245866666666666
245347,0.52603
245348,0.52282
245349,0.5251108333333333
245350,0.5117508333333334
245351,0.507335
245352,0.5211275
245353,0.5503066666666666
245354,0.5625583333333333
245355,0.5846866666666666
245356,0.60324
245357,0.6282416666666666
245358,0.6474791666666667
245359,0.6687133333333333
245360,0.6659799999999999
245361,0.6670774999999999
245362,0.6594058333333332
245363,0.6512174999999999
245364,0.62965
245365,0.6076891666666667
245366,0.5787066666666667
245367,0.5411283333333333
245368,0.4924133333333333
245369,0.4527825
245370,0.4100216666666666
245371,0.36388916666666665
245372,0.313055
245373,0.26425
245374,0.2128375
245375,0.18370166666666668
245376,0.15577
245377,0.13077666666666668
245378,0.1096775
245379,0.0932975
245380,0.0846025
245381,0.0794
245382,0.07388333333333333
245383,0.0694325
245384,0.06421916666666666
245385,0.0636675
245386,0.06396
245387,0.07206583333333333
245388,0.07804833333333333
245389,0.08546333333333332
245390,0.09633333333333333
245391,0.10545333333333334
245392,0.1197975
245393,0.1396325
245394,0.16130000000000003
245395,0.18355916666666666
245396,0.2102
245397,0.2495575
245398,0.3057233333333333
245399,0.36382333333333333
245400,0.42103749999999995
245401,0.47895916666666666
245402,0.5307308333333334
245403,0.5860983333333334
245404,0.640305
245405,0.6900508333333334
245406,0.7433966666666667
245407,0.7913300000000001
245408,0.8348899999999999
245409,0.8729116666666666
245410,0.8948608333333332
245411,0.9099158333333334
245412,0.9149625
245413,0.9015508333333333
245414,0.8831574999999999
245415,0.8579058333333333
245416,0.828005
245417,0.7853541666666667
245418,0.744635
245419,0.6954975
245420,0.6429524999999999
245421,0.5831183333333334
245422,0.5206116666666667
245423,0.46010166666666663
245424,0.39933166666666664
245425,0.35662333333333335
245426,0.3131216666666667
245427,0.2708975
245428,0.23151583333333334
245429,0.196185
245430,0.16326416666666665
245431,0.1333666666666667
245432,0.11782333333333334
245433,0.10443583333333332
245434,0.101755
245435,0.11386499999999998
245436,0.13151416666666665
245437,0.16212666666666667
245438,0.18376833333333334
245439,0.2045625
245440,0.2184866666666667
245441,0.23549500000000004
245442,0.25102166666666664
245443,0.2671366666666667
245444,0.28571416666666666
245445,0.29554583333333334
245446,0.30672416666666674
245447,0.3174175
245448,0.3219891666666667
245449,0.3252475
245450,0.3159841666666667
245451,0.3120483333333333
245452,0.29965499999999995
245453,0.302075
245454,0.30509
245455,0.3151241666666667
245456,0.32238333333333336
245457,0.32807166666666665
245458,0.33261666666666667
245459,0.33445166666666665
245460,0.3501083333333333
245461,0.3766433333333333
245462,0.4001383333333334
245463,0.42841416666666665
245464,0.4616191666666667
245465,0.48344833333333337
245466,0.49468083333333335
245467,0.5097241666666668
245468,0.5215466666666667
245469,0.5339466666666667
245470,0.5398166666666666
245471,0.5291041666666667
245472,0.521135
245473,0.5154541666666667
245474,0.5054483333333334
245475,0.4893633333333333
245476,0.4629216666666667
245477,0.44020499999999996
245478,0.41753
245479,0.38974083333333337
245480,0.37704916666666666
245481,0.3710075
245482,0.3659725
245483,0.354605
245484,0.3356925
245485,0.3196983333333333
245486,0.32383666666666666
245487,0.33361416666666666
245488,0.343485
245489,0.36114499999999994
245490,0.3718375
245491,0.38028249999999997
245492,0.3882933333333334
245493,0.38730500000000007
245494,0.3867108333333333
245495,0.3890375
245496,0.39842249999999996
245497,0.4063758333333333
245498,0.40911999999999993
245499,0.41799250000000004
245500,0.42328916666666666
245501,0.430135
245502,0.4299991666666667
245503,0.42373583333333337
245504,0.4143975
245505,0.4229366666666667
245506,0.4340641666666667
245507,0.4477375
245508,0.46349583333333333
245509,0.47554583333333333
245510,0.4735533333333333
245511,0.46497916666666667
245512,0.4467816666666667
245513,0.44420833333333326
245514,0.4531466666666667
245515,0.4701816666666667
245516,0.47596583333333337
245517,0.46741666666666665
245518,0.4650191666666667
245519,0.46063
245520,0.44502083333333337
245521,0.42418666666666666
245522,0.3965366666666667
245523,0.3719416666666666
245524,0.3434775
245525,0.32081166666666666
245526,0.2995541666666667
245527,0.28435
245528,0.25898
245529,0.22772416666666664
245530,0.19595500000000002
245531,0.169685
245532,0.15837083333333332
245533,0.1510858333333333
245534,0.14680583333333336
245535,0.1448225
245536,0.15700833333333333
245537,0.16562666666666667
245538,0.17082
245539,0.17188583333333335
245540,0.17849083333333335
245541,0.18357083333333335
245542,0.19964083333333332
245543,0.2246216666666667
245544,0.2500583333333333
245545,0.2774183333333333
245546,0.3052416666666667
245547,0.3290441666666667
245548,0.3454325
245549,0.3608908333333333
245550,0.37276750000000003
245551,0.3773525
245552,0.3861675
245553,0.40026500000000004
245554,0.4132183333333333
245555,0.43113166666666664
245556,0.44597499999999995
245557,0.4464458333333333
245558,0.43811999999999995
245559,0.42567833333333327
245560,0.4122291666666667
245561,0.40136333333333335
245562,0.3941375
245563,0.38705000000000006
245564,0.3881166666666667
245565,0.38307166666666664
245566,0.3721666666666667
245567,0.3615175
245568,0.3516508333333333
245569,0.3525925
245570,0.34870416666666665
245571,0.3375383333333334
245572,0.32633000000000006
245573,0.31829
245574,0.31299000000000005
245575,0.312045
245576,0.3032991666666666
245577,0.2963058333333333
245578,0.29174249999999996
245579,0.27539833333333336
245580,0.26353166666666666
245581,0.26027333333333336
245582,0.26003000000000004
245583,0.251855
245584,0.245135
245585,0.23459833333333333
245586,0.23336583333333333
245587,0.2337925
245588,0.24201
245589,0.253485
245590,0.2756016666666667
245591,0.28867333333333334
245592,0.301815
245593,0.30678083333333334
245594,0.3162075
245595,0.32918416666666667
245596,0.33781999999999995
245597,0.3494783333333333
245598,0.3634408333333333
245599,0.37656166666666663
245600,0.3902366666666666
245601,0.4074025
245602,0.4257483333333333
245603,0.4386541666666667
245604,0.44917083333333335
245605,0.4375333333333334
245606,0.4286566666666667
245607,0.41375500000000004
245608,0.40216250000000003
245609,0.3917616666666667
245610,0.3808375
245611,0.37022166666666667
245612,0.35453833333333334
245613,0.34042916666666667
245614,0.32361083333333335
245615,0.30746750000000006
245616,0.2940825
245617,0.28177083333333336
245618,0.26401
245619,0.24276749999999997
245620,0.22542500000000001
245621,0.22069833333333336
245622,0.214965
245623,0.21189833333333333
245624,0.20517
245625,0.2125375
245626,0.21454
245627,0.21649666666666667
245628,0.21529416666666668
245629,0.21760083333333333
245630,0.2239183333333333
245631,0.22502666666666665
245632,0.22412583333333333
245633,0.228145
245634,0.23131666666666667
245635,0.23233999999999996
245636,0.2321983333333333
245637,0.24226833333333334
245638,0.24925916666666664
245639,0.25428833333333334
245640,0.2469575
245641,0.24305666666666664
245642,0.241055
245643,0.24421583333333333
245644,0.23924
245645,0.22945000000000002
245646,0.22320666666666666
245647,0.22788416666666667
245648,0.234965
245649,0.2452125
245650,0.25762083333333335
245651,0.27588333333333337
245652,0.28809583333333333
245653,0.3046075
245654,0.32752583333333335
245655,0.3497808333333333
245656,0.37385916666666663
245657,0.39584416666666666
245658,0.41001166666666666
245659,0.4352258333333333
245660,0.4604875
245661,0.48023750000000004
245662,0.4902841666666667
245663,0.4977083333333333
245664,0.5096141666666667
245665,0.5215891666666667
245666,0.5307666666666667
245667,0.5388258333333333
245668,0.5542366666666666
245669,0.5664591666666666
245670,0.5794875
245671,0.5908691666666667
245672,0.6005299999999999
245673,0.6199674999999999
245674,0.6329516666666667
245675,0.6431574999999999
245676,0.6579416666666666
245677,0.672735
245678,0.6843083333333333
245679,0.6826633333333334
245680,0.6793716666666666
245681,0.6719191666666667
245682,0.6642575
245683,0.6499658333333332
245684,0.6348466666666667
245685,0.6226191666666666
245686,0.6102716666666665
245687,0.6009775
245688,0.5873791666666667
245689,0.5654275000000001
245690,0.5426158333333333
245691,0.5134591666666667
245692,0.4851091666666667
245693,0.46160083333333335
245694,0.44937916666666666
245695,0.44066083333333333
245696,0.437425
245697,0.434475
245698,0.42822166666666667
245699,0.4297358333333333
245700,0.42376083333333336
245701,0.4202775
245702,0.42098
245703,0.4222516666666667
245704,0.42367916666666666
245705,0.42297666666666667
245706,0.4237416666666666
245707,0.41890583333333337
245708,0.40887833333333334
245709,0.3948033333333333
245710,0.38123416666666665
245711,0.3644066666666667
245712,0.35406666666666664
245713,0.3405366666666667
245714,0.3199641666666667
245715,0.2993275
245716,0.2724016666666667
245717,0.23869166666666664
245718,0.20720583333333337
245719,0.18687166666666669
245720,0.17092833333333332
245721,0.15701583333333333
245722,0.14631583333333334
245723,0.13585250000000001
245724,0.12352083333333333
245725,0.1128775
245726,0.101975
245727,0.08757333333333334
245728,0.07677
245729,0.06727166666666666
245730,0.06303166666666667
245731,0.06492416666666667
245732,0.070045
245733,0.07932
245734,0.08831833333333332
245735,0.09941416666666666
245736,0.11470916666666667
245737,0.12720499999999998
245738,0.13669083333333332
245739,0.15291916666666666
245740,0.16468
245741,0.18214499999999997
245742,0.20007166666666665
245743,0.22042666666666666
245744,0.24014333333333332
245745,0.25560333333333335
245746,0.2691725
245747,0.2797016666666667
245748,0.2866175
245749,0.29451499999999997
245750,0.29781
245751,0.29965166666666665
245752,0.30931583333333335
245753,0.3191366666666667
245754,0.3211583333333333
245755,0.3247925
245756,0.332435
245757,0.34114833333333333
245758,0.3492583333333333
245759,0.3570408333333333
245760,0.36306333333333335
245761,0.37463833333333335
245762,0.39164333333333334
245763,0.41457333333333335
245764,0.42745416666666664
245765,0.44711
245766,0.4754975
245767,0.4938825
245768,0.5230041666666667
245769,0.5531124999999999
245770,0.5806108333333333
245771,0.5879616666666666
245772,0.6016025
245773,0.6146833333333334
245774,0.6240716666666667
245775,0.6329658333333333
245776,0.6337975
245777,0.6299866666666667
245778,0.6164216666666668
245779,0.608215
245780,0.6003408333333333
245781,0.5783708333333333
245782,0.5639575000000001
245783,0.5430616666666667
245784,0.5312
245785,0.5250133333333333
245786,0.5391033333333333
245787,0.5482933333333333
245788,0.55984
245789,0.5809925
245790,0.6083225
245791,0.6394350000000001
245792,0.6720808333333333
245793,0.706885
245794,0.7459133333333334
245795,0.7822391666666666
245796,0.8213808333333332
245797,0.8583000000000001
245798,0.8935425
245799,0.920415
245800,0.9441
245801,0.9586600000000001
245802,0.9681233333333333
245803,0.9754516666666666
245804,0.9770825
245805,0.9778725
245806,0.978385
245807,0.9779058333333333
245808,0.9768325000000001
245809,0.9734499999999999
245810,0.9695633333333333
245811,0.9647233333333334
245812,0.9614133333333332
245813,0.9582266666666667
245814,0.9563849999999999
245815,0.9517291666666666
245816,0.9467316666666666
245817,0.9432591666666668
245818,0.9405933333333334
245819,0.9378908333333332
245820,0.9355499999999999
245821,0.9299324999999999
245822,0.9251550000000001
245823,0.9043108333333333
245824,0.8803516666666666
245825,0.8544416666666667
245826,0.8277966666666666
245827,0.8010166666666667
245828,0.7778808333333332
245829,0.7453591666666667
245830,0.7168375
245831,0.6881324999999999
245832,0.6599574999999999
245833,0.6263616666666666
245834,0.5935358333333334
245835,0.5675216666666666
245836,0.5443491666666667
245837,0.5229191666666667
245838,0.5194883333333333
245839,0.5090683333333333
245840,0.4990341666666667
245841,0.48109
245842,0.45487333333333335
245843,0.4246733333333334
245844,0.4015341666666667
245845,0.37770583333333335
245846,0.35208749999999994
245847,0.32660083333333334
245848,0.3055583333333333
245849,0.2875583333333333
245850,0.2620858333333333
245851,0.237875
245852,0.20796583333333332
245853,0.17245249999999998
245854,0.14739083333333333
245855,0.12468083333333332
245856,0.11536166666666665
245857,0.11244916666666666
245858,0.11017666666666666
245859,0.11009916666666666
245860,0.109855
245861,0.1141325
245862,0.11828916666666668
245863,0.116895
245864,0.12057999999999999
245865,0.12933
245866,0.14669833333333332
245867,0.1749166666666667
245868,0.20843
245869,0.24438666666666667
245870,0.2773308333333333
245871,0.3062383333333333
245872,0.3380183333333333
245873,0.37123666666666666
245874,0.4046241666666667
245875,0.431315
245876,0.4538491666666667
245877,0.47235250000000006
245878,0.5011391666666667
245879,0.5169391666666667
245880,0.5340391666666666
245881,0.5309575
245882,0.5186633333333333
245883,0.5089008333333334
245884,0.49359
245885,0.4688816666666667
245886,0.44364333333333333
245887,0.4162641666666667
245888,0.3886791666666667
245889,0.35843416666666666
245890,0.3345341666666667
245891,0.30657
245892,0.2822691666666667
245893,0.25501166666666664
245894,0.231745
245895,0.2082766666666667
245896,0.19751416666666666
245897,0.18201666666666666
245898,0.16693833333333333
245899,0.15680166666666664
245900,0.16662416666666668
245901,0.18133249999999998
245902,0.18407583333333333
245903,0.183
245904,0.1803141666666667
245905,0.17520833333333333
245906,0.17284916666666666
245907,0.16958333333333334
245908,0.16512
245909,0.16109916666666668
245910,0.15033666666666667
245911,0.13706916666666666
245912,0.13035166666666667
245913,0.11977333333333333
245914,0.11075666666666666
245915,0.09392083333333333
245916,0.07430333333333335
245917,0.06807333333333333
245918,0.06482166666666667
245919,0.06508166666666666
245920,0.06679916666666667
245921,0.0730275
245922,0.08502249999999999
245923,0.09500416666666668
245924,0.1049225
245925,0.11837583333333333
245926,0.13263583333333334
245927,0.1492725
245928,0.16213416666666666
245929,0.17788666666666667
245930,0.19964583333333333
245931,0.22504
245932,0.24344333333333334
245933,0.2607325
245934,0.2775433333333333
245935,0.29969583333333333
245936,0.316345
245937,0.33036499999999996
245938,0.34141416666666663
245939,0.3527783333333333
245940,0.35328916666666665
245941,0.3519433333333334
245942,0.3432658333333333
245943,0.33485166666666666
245944,0.3236966666666667
245945,0.3157275
245946,0.298535
245947,0.2870141666666666
245948,0.28726083333333335
245949,0.28536666666666666
245950,0.27745749999999997
245951,0.28171
245952,0.2846208333333333
245953,0.2928908333333334
245954,0.3029058333333333
245955,0.3162325
245956,0.33563166666666666
245957,0.3673416666666667
245958,0.39938416666666665
245959,0.4287225
245960,0.4499733333333334
245961,0.4776425
245962,0.5036383333333333
245963,0.5195566666666667
245964,0.5374333333333333
245965,0.5538016666666666
245966,0.5573966666666667
245967,0.5512625
245968,0.5476025
245969,0.5427083333333333
245970,0.5441108333333333
245971,0.543725
245972,0.5470050000000001
245973,0.5539816666666667
245974,0.5681758333333333
245975,0.5697525
245976,0.5689283333333334
245977,0.5557366666666667
245978,0.5408266666666667
245979,0.5245458333333333
245980,0.51149
245981,0.5056425
245982,0.5011708333333333
245983,0.49192083333333336
245984,0.48314500000000005
245985,0.4725783333333334
245986,0.4550016666666667
245987,0.42706
245988,0.39347916666666666
245989,0.3513233333333333
245990,0.3209258333333334
245991,0.2902166666666667
245992,0.27031916666666667
245993,0.25075416666666667
245994,0.23314416666666665
245995,0.21372666666666668
245996,0.19227166666666667
245997,0.17652833333333334
245998,0.16242750000000003
245999,0.1458141666666667
246000,0.13202916666666667
246001,0.12272833333333334
246002,0.11751583333333333
246003,0.11720333333333333
246004,0.1190175
246005,0.11927833333333335
246006,0.11510000000000001
246007,0.11885166666666666
246008,0.12293916666666667
246009,0.12532416666666665
246010,0.13075666666666666
246011,0.1399841666666667
246012,0.15275583333333334
246013,0.17030583333333332
246014,0.188845
246015,0.20843333333333333
246016,0.2367216666666667
246017,0.26765833333333333
246018,0.2968716666666667
246019,0.3268683333333333
246020,0.3626658333333334
246021,0.4081541666666667
246022,0.4491416666666667
246023,0.49432916666666665
246024,0.5402608333333333
246025,0.5835524999999999
246026,0.6228308333333333
246027,0.6573066666666667
246028,0.6870441666666666
246029,0.7123816666666667
246030,0.7330825
246031,0.7468591666666666
246032,0.7514683333333334
246033,0.7546366666666666
246034,0.7469775
246035,0.7211583333333333
246036,0.6937791666666667
246037,0.6684225
246038,0.6386691666666666
246039,0.6122033333333333
246040,0.5900483333333334
246041,0.5677683333333333
246042,0.5461174999999999
246043,0.5274366666666667
246044,0.504095
246045,0.48244166666666666
246046,0.4602216666666667
246047,0.4368866666666667
246048,0.40956999999999993
246049,0.38943583333333337
246050,0.3813058333333333
246051,0.3700616666666666
246052,0.3563266666666667
246053,0.34271999999999997
246054,0.3269758333333333
246055,0.3045033333333334
246056,0.2806033333333333
246057,0.25756333333333337
246058,0.23150333333333334
246059,0.21377083333333335
246060,0.19386
246061,0.17204750000000002
246062,0.15162666666666666
246063,0.13854249999999999
246064,0.12793083333333333
246065,0.11891750000000001
246066,0.10867166666666667
246067,0.09806416666666666
246068,0.087005
246069,0.07508916666666667
246070,0.06648
246071,0.059250000000000004
246072,0.052274999999999995
246073,0.044774166666666664
246074,0.0377875
246075,0.03200583333333333
246076,0.026681666666666666
246077,0.02307833333333333
246078,0.01922
246079,0.015645
246080,0.011975833333333333
246081,0.009565833333333332
246082,0.007465833333333334
246083,0.0058175
246084,0.004322500000000001
246085,0.003114166666666667
246086,0.0019083333333333335
246087,0.0012425000000000001
246088,0.0007975
246089,0.00040666666666666667
246090,0.0004541666666666667
246091,0.0005125
246092,0.000595
246093,0.0007133333333333333
246094,0.0007875
246095,0.0008466666666666667
246096,0.0009166666666666666
246097,0.0009491666666666666
246098,0.0009741666666666667
246099,0.0010833333333333333
246100,0.00117
246101,0.0013983333333333335
246102,0.0021516666666666667
246103,0.00324
246104,0.004534166666666667
246105,0.0065966666666666665
246106,0.00881
246107,0.012198333333333334
246108,0.016968333333333332
246109,0.021544999999999998
246110,0.02424833333333333
246111,0.0255225
246112,0.026389166666666665
246113,0.026959999999999998
246114,0.027176666666666665
246115,0.0275825
246116,0.02767666666666667
246117,0.02730583333333333
246118,0.026796666666666667
246119,0.025923333333333336
246120,0.024333333333333332
246121,0.023109166666666667
246122,0.020656666666666663
246123,0.016886666666666664
246124,0.013539166666666666
246125,0.0129
246126,0.013935
246127,0.015638333333333334
246128,0.017083333333333332
246129,0.0181425
246130,0.02407166666666667
246131,0.03053
246132,0.035745000000000006
246133,0.04098333333333334
246134,0.04702083333333333
246135,0.052455
246136,0.0584175
246137,0.06439583333333335
246138,0.06996333333333334
246139,0.075685
246140,0.08274916666666667
246141,0.08985250000000002
246142,0.09818416666666667
246143,0.10814583333333333
246144,0.12340916666666667
246145,0.133085
246146,0.13919333333333334
246147,0.13952083333333334
246148,0.13847416666666665
246149,0.1341225
246150,0.13005916666666667
246151,0.12429416666666665
246152,0.11857999999999999
246153,0.11344166666666666
246154,0.1081875
246155,0.10022333333333333
246156,0.09158333333333334
246157,0.08132666666666667
246158,0.06999
246159,0.05380083333333333
246160,0.03832833333333333
246161,0.025926666666666667
246162,0.020409999999999998
246163,0.016358333333333332
246164,0.014933333333333333
246165,0.013989166666666665
246166,0.013615
246167,0.013803333333333334
246168,0.014594166666666667
246169,0.015355
246170,0.0175925
246171,0.022731666666666664
246172,0.031243333333333335
246173,0.03397583333333333
246174,0.0347125
246175,0.035857499999999994
246176,0.03742833333333333
246177,0.03885583333333333
246178,0.03950083333333333
246179,0.04050583333333333
246180,0.041375
246181,0.04176333333333334
246182,0.04132833333333333
246183,0.04068416666666666
246184,0.03950833333333334
246185,0.03769916666666666
246186,0.03351333333333333
246187,0.026869166666666666
246188,0.026425833333333332
246189,0.0284125
246190,0.029939166666666666
246191,0.0304975
246192,0.0310225
246193,0.032655
246194,0.033965833333333334
246195,0.03519916666666667
246196,0.03564083333333333
246197,0.03607833333333333
246198,0.03677166666666667
246199,0.03800083333333333
246200,0.043944166666666666
246201,0.050672499999999995
246202,0.05808749999999999
246203,0.06383166666666666
246204,0.06982916666666666
246205,0.07478166666666666
246206,0.08446166666666667
246207,0.09485583333333333
246208,0.10327583333333333
246209,0.11045583333333334
246210,0.11663916666666665
246211,0.12330833333333333
246212,0.130965
246213,0.13572916666666668
246214,0.1389558333333333
246215,0.1406808333333333
246216,0.14256249999999998
246217,0.14385
246218,0.1439375
246219,0.14312166666666667
246220,0.140875
246221,0.13325083333333335
246222,0.12872
246223,0.12668166666666666
246224,0.12432333333333334
246225,0.1244325
246226,0.12682666666666667
246227,0.13096166666666667
246228,0.1399125
246229,0.15442916666666667
246230,0.16655083333333334
246231,0.17612
246232,0.19287833333333332
246233,0.21233583333333333
246234,0.2379716666666667
246235,0.26835
246236,0.296525
246237,0.31811666666666666
246238,0.33715083333333334
246239,0.35529083333333333
246240,0.373035
246241,0.39245583333333334
246242,0.40623
246243,0.4158916666666667
246244,0.42370666666666673
246245,0.43001
246246,0.43878
246247,0.43349666666666664
246248,0.431825
246249,0.4254183333333333
246250,0.4178883333333333
246251,0.4142558333333334
246252,0.4139933333333333
246253,0.4180308333333334
246254,0.42121000000000003
246255,0.4242408333333333
246256,0.42583583333333336
246257,0.43176416666666667
246258,0.4353033333333333
246259,0.4430833333333333
246260,0.4536766666666667
246261,0.46676
246262,0.48984416666666664
246263,0.5098225
246264,0.5295966666666667
246265,0.5505241666666667
246266,0.5727483333333333
246267,0.5948166666666667
246268,0.6177500000000001
246269,0.6450166666666667
246270,0.6703024999999999
246271,0.6939916666666667
246272,0.7170241666666666
246273,0.7441741666666667
246274,0.7649575
246275,0.7726966666666667
246276,0.7765525
246277,0.7751333333333333
246278,0.7742208333333332
246279,0.7738925
246280,0.7744358333333333
246281,0.7746716666666666
246282,0.7703925
246283,0.7586891666666666
246284,0.7493549999999999
246285,0.7368783333333333
246286,0.7252
246287,0.7200516666666666
246288,0.7120141666666666
246289,0.7027066666666666
246290,0.7048966666666666
246291,0.7051033333333333
246292,0.6967675
246293,0.6823716666666667
246294,0.6609366666666667
246295,0.6433716666666667
246296,0.6199325000000001
246297,0.5947641666666665
246298,0.5712325
246299,0.5414766666666666
246300,0.5095191666666666
246301,0.47666916666666664
246302,0.43706
246303,0.399685
246304,0.3625258333333333
246305,0.3248333333333333
246306,0.28692999999999996
246307,0.25868833333333335
246308,0.24092166666666665
246309,0.2262783333333333
246310,0.2025575
246311,0.18370333333333333
246312,0.17475833333333332
246313,0.16763083333333337
246314,0.16135583333333334
246315,0.16397750000000003
246316,0.16898666666666665
246317,0.17596
246318,0.18209083333333334
246319,0.1901375
246320,0.19340166666666664
246321,0.19882083333333334
246322,0.20702833333333331
246323,0.21278666666666668
246324,0.2237208333333333
246325,0.23806166666666667
246326,0.25456
246327,0.2738508333333333
246328,0.29706666666666665
246329,0.3234741666666667
246330,0.3475225
246331,0.3662608333333333
246332,0.3841791666666666
246333,0.3975066666666667
246334,0.410745
246335,0.4313425
246336,0.45036166666666666
246337,0.46532666666666667
246338,0.4814925
246339,0.49701083333333335
246340,0.5000708333333334
246341,0.50242
246342,0.49152416666666665
246343,0.47193250000000003
246344,0.4576291666666667
246345,0.44433500000000004
246346,0.44075250000000005
246347,0.43331083333333337
246348,0.4260491666666667
246349,0.41550833333333337
246350,0.39690416666666667
246351,0.37742833333333337
246352,0.362715
246353,0.3434383333333333
246354,0.3122891666666667
246355,0.2907958333333333
246356,0.26988333333333336
246357,0.2545691666666666
246358,0.24544416666666666
246359,0.22758916666666668
246360,0.20759833333333333
246361,0.18085583333333333
246362,0.165725
246363,0.1676275
246364,0.17972666666666667
246365,0.20822416666666665
246366,0.23813666666666666
246367,0.2664433333333333
246368,0.2937033333333333
246369,0.3303308333333333
246370,0.36739166666666667
246371,0.40084666666666663
246372,0.43520583333333335
246373,0.46708
246374,0.5090425
246375,0.5463033333333333
246376,0.5876308333333333
246377,0.6209391666666667
246378,0.6428625
246379,0.6590333333333334
246380,0.6685341666666668
246381,0.6873783333333333
246382,0.7041683333333333
246383,0.7239074999999999
246384,0.7441841666666666
246385,0.7636425
246386,0.7825983333333333
246387,0.8001875
246388,0.8183858333333334
246389,0.8247758333333333
246390,0.8410066666666667
246391,0.84885
246392,0.8534299999999999
246393,0.8567699999999999
246394,0.8595241666666666
246395,0.8571641666666667
246396,0.8482175000000001
246397,0.8392841666666667
246398,0.8284125
246399,0.8155116666666667
246400,0.8062841666666666
246401,0.7938383333333333
246402,0.7857833333333333
246403,0.7720958333333333
246404,0.75654
246405,0.7359466666666667
246406,0.7205208333333334
246407,0.7053733333333334
246408,0.6907333333333334
246409,0.6726375
246410,0.656795
246411,0.6437474999999999
246412,0.6285208333333333
246413,0.6154966666666667
246414,0.6034916666666666
246415,0.5741116666666667
246416,0.540455
246417,0.5012408333333334
246418,0.464855
246419,0.43446583333333333
246420,0.40372416666666666
246421,0.37228833333333333
246422,0.3413616666666667
246423,0.3143725
246424,0.29019
246425,0.2658008333333333
246426,0.2387075
246427,0.21553166666666668
246428,0.1916675
246429,0.17152166666666668
246430,0.16985833333333336
246431,0.17192333333333334
246432,0.18063749999999998
246433,0.19253
246434,0.20635166666666666
246435,0.22294666666666665
246436,0.24120666666666668
246437,0.2641791666666667
246438,0.2873116666666667
246439,0.3107858333333333
246440,0.32911
246441,0.3506116666666667
246442,0.3681108333333334
246443,0.386845
246444,0.39806416666666666
246445,0.4089583333333333
246446,0.42811916666666666
246447,0.4430325
246448,0.46307333333333334
246449,0.47168000000000004
246450,0.47863666666666665
246451,0.48099333333333333
246452,0.4844241666666667
246453,0.48245166666666667
246454,0.4839583333333334
246455,0.49890416666666665
246456,0.5027033333333333
246457,0.5013358333333333
246458,0.48991416666666665
246459,0.4879675
246460,0.4728991666666667
246461,0.4549725
246462,0.4311358333333333
246463,0.40100499999999994
246464,0.37531
246465,0.34704833333333335
246466,0.32190166666666664
246467,0.29110416666666666
246468,0.26206
246469,0.2290375
246470,0.18766583333333334
246471,0.15319833333333335
246472,0.12763333333333332
246473,0.11097000000000001
246474,0.08708500000000001
246475,0.07344999999999999
246476,0.058535833333333336
246477,0.05592666666666667
246478,0.05568416666666666
246479,0.06313583333333334
246480,0.07239833333333333
246481,0.08231333333333332
246482,0.0985775
246483,0.11301249999999999
246484,0.12554166666666666
246485,0.13405083333333334
246486,0.1444475
246487,0.15801083333333335
246488,0.167695
246489,0.18332333333333334
246490,0.2002008333333333
246491,0.22272
246492,0.2404325
246493,0.2561216666666667
246494,0.26663333333333333
246495,0.27663499999999996
246496,0.28671583333333334
246497,0.28887416666666665
246498,0.28901499999999997
246499,0.29753749999999995
246500,0.3085058333333333
246501,0.32533833333333334
246502,0.33667833333333336
246503,0.3557558333333333
246504,0.36863666666666667
246505,0.38374
246506,0.396855
246507,0.4047125
246508,0.40653666666666666
246509,0.4075875
246510,0.4044925
246511,0.3991575
246512,0.39357416666666667
246513,0.391735
246514,0.38082333333333335
246515,0.36848
246516,0.349375
246517,0.3352958333333333
246518,0.32008916666666665
246519,0.3057666666666667
246520,0.28748
246521,0.26704249999999996
246522,0.24717
246523,0.235245
246524,0.2267525
246525,0.2278933333333333
246526,0.2291475
246527,0.23523166666666667
246528,0.24158916666666666
246529,0.24680333333333332
246530,0.25317333333333336
246531,0.256085
246532,0.2529875
246533,0.24236500000000002
246534,0.23708583333333336
246535,0.22825083333333335
246536,0.2199016666666667
246537,0.2156375
246538,0.21152916666666666
246539,0.20944916666666666
246540,0.2030116666666667
246541,0.1949275
246542,0.18701166666666666
246543,0.17439666666666667
246544,0.16649833333333333
246545,0.15908333333333333
246546,0.16655916666666665
246547,0.17257083333333334
246548,0.18091916666666666
246549,0.179795
246550,0.17800916666666666
246551,0.1789
246552,0.17780500000000002
246553,0.17807916666666668
246554,0.18034833333333333
246555,0.17515583333333332
246556,0.1717375
246557,0.16744083333333334
246558,0.1784575
246559,0.18545666666666666
246560,0.19037166666666666
246561,0.18256000000000003
246562,0.1772225
246563,0.1763475
246564,0.18313500000000002
246565,0.20061583333333335
246566,0.21437
246567,0.22509666666666667
246568,0.23173083333333333
246569,0.23086083333333332
246570,0.23771583333333332
246571,0.25583666666666666
246572,0.276615
246573,0.2896975
246574,0.299635
246575,0.31276916666666665
246576,0.32093083333333333
246577,0.3328258333333334
246578,0.34148666666666666
246579,0.34537249999999997
246580,0.340545
246581,0.3511108333333333
246582,0.3605575
246583,0.3653625
246584,0.36892416666666666
246585,0.37262083333333335
246586,0.36262333333333335
246587,0.3400141666666666
246588,0.31207583333333333
246589,0.2915766666666667
246590,0.2690458333333333
246591,0.25231583333333335
246592,0.23399833333333334
246593,0.21591416666666666
246594,0.20134166666666664
246595,0.19043916666666666
246596,0.16192083333333332
246597,0.14191416666666665
246598,0.12646583333333333
246599,0.11467
246600,0.10261083333333333
246601,0.09237916666666666
246602,0.0911275
246603,0.09117583333333333
246604,0.08867666666666668
246605,0.08543833333333332
246606,0.08141916666666665
246607,0.07614249999999999
246608,0.07058416666666667
246609,0.064295
246610,0.0571925
246611,0.05280833333333333
246612,0.045884999999999995
246613,0.042041666666666665
246614,0.03859666666666666
246615,0.03695916666666667
246616,0.036566666666666664
246617,0.034064166666666666
246618,0.0321025
246619,0.03098333333333333
246620,0.031335
246621,0.03177666666666667
246622,0.033236666666666664
246623,0.03485833333333333
246624,0.036839166666666666
246625,0.038125
246626,0.03978333333333333
246627,0.04179416666666667
246628,0.04252583333333333
246629,0.0444025
246630,0.046259999999999996
246631,0.04789500000000001
246632,0.05133583333333334
246633,0.055220000000000005
246634,0.058596666666666665
246635,0.06074583333333334
246636,0.06391916666666667
246637,0.06930833333333333
246638,0.077585
246639,0.0786075
246640,0.08330333333333333
246641,0.08972083333333333
246642,0.10183916666666666
246643,0.10784666666666666
246644,0.112705
246645,0.11996
246646,0.1279325
246647,0.13431333333333334
246648,0.13928250000000003
246649,0.1457375
246650,0.15148666666666666
246651,0.15403916666666667
246652,0.15416333333333335
246653,0.15342333333333333
246654,0.15840166666666666
246655,0.16330333333333333
246656,0.16757083333333334
246657,0.16340166666666667
246658,0.16375583333333335
246659,0.1678375
246660,0.17415333333333335
246661,0.17477916666666668
246662,0.1853725
246663,0.19136916666666665
246664,0.1966875
246665,0.20434833333333333
246666,0.21543416666666668
246667,0.22778166666666663
246668,0.2676725
246669,0.2995491666666667
246670,0.32894
246671,0.34434083333333326
246672,0.3523383333333333
246673,0.36133750000000003
246674,0.3687566666666667
246675,0.370935
246676,0.37914333333333333
246677,0.3742566666666666
246678,0.37319749999999996
246679,0.3702866666666667
246680,0.3616683333333333
246681,0.35523083333333333
246682,0.3493608333333333
246683,0.3263608333333333
246684,0.31504
246685,0.3096975
246686,0.31664250000000005
246687,0.3485491666666667
246688,0.3787233333333333
246689,0.412525
246690,0.44963749999999997
246691,0.4893925
246692,0.5357400000000001
246693,0.5858616666666666
246694,0.6374108333333334
246695,0.6946475
246696,0.7482891666666666
246697,0.7994524999999999
246698,0.8378508333333333
246699,0.8742833333333333
246700,0.9041975
246701,0.9345450000000001
246702,0.9491641666666666
246703,0.9661083333333333
246704,0.9772533333333333
246705,0.9841616666666667
246706,0.98742
246707,0.9889625
246708,0.9886125
246709,0.9884683333333334
246710,0.9881816666666666
246711,0.9880566666666667
246712,0.98821
246713,0.9884058333333333
246714,0.988615
246715,0.9889666666666667
246716,0.9891458333333333
246717,0.989295
246718,0.9896174999999999
246719,0.9903375000000001
246720,0.9909116666666667
246721,0.9919333333333333
246722,0.9929891666666666
246723,0.9943733333333334
246724,0.99532
246725,0.9961249999999999
246726,0.9967766666666668
246727,0.99726
246728,0.9977391666666666
246729,0.998015
246730,0.9982783333333333
246731,0.9984983333333334
246732,0.9987174999999999
246733,0.998795
246734,0.9988716666666666
246735,0.9989283333333334
246736,0.9989783333333334
246737,0.9989750000000001
246738,0.9989866666666667
246739,0.9990058333333333
246740,0.9989883333333334
246741,0.9989624999999999
246742,0.9989025
246743,0.9988041666666667
246744,0.9986725
246745,0.9984983333333334
246746,0.9982825000000001
246747,0.9979408333333334
246748,0.9453233333333333
246749,0.8870566666666666
246750,0.8268041666666667
246751,0.7649708333333333
246752,0.7033066666666666
246753,0.6409391666666667
246754,0.5756733333333334
246755,0.5101183333333333
246756,0.44456999999999997
246757,0.37853250000000005
246758,0.31260750000000004
246759,0.2478575
246760,0.1831125
246761,0.117235
246762,0.051264166666666666
246763,0.03762583333333334
246764,0.02981
246765,0.024314166666666668
246766,0.020355833333333333
246767,0.01626666666666667
246768,0.013005833333333333
246769,0.012666666666666666
246770,0.01245
246771,0.011995833333333334
246772,0.011894166666666667
246773,0.01625
246774,0.018474166666666667
246775,0.0213025
246776,0.0244225
246777,0.027316666666666663
246778,0.03165333333333333
246779,0.035334166666666667
246780,0.03756416666666666
246781,0.04033166666666667
246782,0.04474500000000001
246783,0.056940833333333336
246784,0.0721225
246785,0.09390416666666666
246786,0.11061333333333333
246787,0.1319625
246788,0.15000333333333332
246789,0.16901333333333335
246790,0.18678583333333335
246791,0.2045175
246792,0.22012666666666666
246793,0.23159333333333337
246794,0.2439333333333333
246795,0.25591250000000004
246796,0.26679583333333334
246797,0.2711558333333333
246798,0.2720708333333333
246799,0.2732825
246800,0.2690633333333334
246801,0.2665416666666667
246802,0.2596483333333333
246803,0.24955416666666666
246804,0.23867750000000001
246805,0.22972083333333332
246806,0.22084833333333337
246807,0.21541583333333333
246808,0.21333833333333332
246809,0.21108500000000002
246810,0.2093958333333333
246811,0.20828833333333335
246812,0.21197666666666667
246813,0.21334
246814,0.2127
246815,0.20742833333333335
246816,0.20345333333333335
246817,0.20120833333333335
246818,0.2080941666666667
246819,0.2196425
246820,0.23087416666666669
246821,0.2474758333333333
246822,0.268085
246823,0.28620666666666666
246824,0.3048133333333333
246825,0.3211275
246826,0.328525
246827,0.3318808333333333
246828,0.3273058333333333
246829,0.3283
246830,0.33356166666666665
246831,0.35001333333333334
246832,0.3759566666666666
246833,0.39997583333333336
246834,0.4091325
246835,0.4195766666666667
246836,0.42636083333333336
246837,0.43116750000000004
246838,0.43761083333333334
246839,0.44368833333333335
246840,0.4671041666666667
246841,0.5043133333333334
246842,0.5467141666666666
246843,0.5854266666666667
246844,0.6108633333333332
246845,0.6367991666666666
246846,0.6612158333333333
246847,0.6703033333333333
246848,0.6718158333333334
246849,0.6881866666666666
246850,0.6987183333333333
246851,0.6997125
246852,0.695805
246853,0.6961183333333334
246854,0.6975791666666668
246855,0.6819816666666667
246856,0.66074
246857,0.638835
246858,0.6230716666666667
246859,0.6155833333333333
246860,0.6079841666666667
246861,0.5876733333333333
246862,0.5654283333333333
246863,0.5470308333333332
246864,0.5232108333333333
246865,0.49904916666666665
246866,0.4891825
246867,0.4816733333333333
246868,0.49588333333333334
246869,0.5052858333333333
246870,0.5211833333333333
246871,0.54111
246872,0.5631058333333333
246873,0.5878358333333333
246874,0.6095183333333334
246875,0.6299425000000001
246876,0.655695
246877,0.6790400000000001
246878,0.6964758333333333
246879,0.7144008333333333
246880,0.7333200000000001
246881,0.7513908333333333
246882,0.7652658333333334
246883,0.7518416666666666
246884,0.7329858333333334
246885,0.7104008333333333
246886,0.6824883333333333
246887,0.6476683333333334
246888,0.6113241666666666
246889,0.5747099999999999
246890,0.5391
246891,0.5041016666666667
246892,0.48959833333333336
246893,0.47602
246894,0.4555683333333333
246895,0.4301933333333333
246896,0.39804333333333336
246897,0.3682816666666666
246898,0.33775249999999996
246899,0.31545
246900,0.2900283333333333
246901,0.2662425
246902,0.24807083333333332
246903,0.23589166666666667
246904,0.22274416666666666
246905,0.2095233333333333
246906,0.19372916666666665
246907,0.16203916666666668
246908,0.13257583333333334
246909,0.110785
246910,0.09718500000000001
246911,0.08505083333333333
246912,0.07387083333333333
246913,0.06478249999999999
246914,0.056195
246915,0.050875
246916,0.04602333333333333
246917,0.0399675
246918,0.030653333333333335
246919,0.023805833333333328
246920,0.016560833333333334
246921,0.012030833333333334
246922,0.010960833333333333
246923,0.0107225
246924,0.011016666666666666
246925,0.010749166666666666
246926,0.010740833333333335
246927,0.011820833333333334
246928,0.013960833333333334
246929,0.016200833333333334
246930,0.018359166666666666
246931,0.019900833333333333
246932,0.021703333333333335
246933,0.023925833333333334
246934,0.026564166666666666
246935,0.03131083333333333
246936,0.04099666666666667
246937,0.049257499999999996
246938,0.06307333333333334
246939,0.07901416666666666
246940,0.09296416666666667
246941,0.11328999999999999
246942,0.13949583333333332
246943,0.16447
246944,0.19514083333333332
246945,0.23190916666666667
246946,0.27834583333333335
246947,0.32908166666666666
246948,0.3824358333333333
246949,0.4360491666666667
246950,0.48945666666666665
246951,0.538595
246952,0.58782
246953,0.6335233333333333
246954,0.67751
246955,0.7231425
246956,0.7619158333333332
246957,0.7939108333333333
246958,0.8262583333333333
246959,0.8509741666666667
246960,0.8691433333333334
246961,0.8753708333333333
246962,0.8785408333333334
246963,0.8748558333333334
246964,0.8706125
246965,0.8653508333333334
246966,0.8557383333333333
246967,0.8466950000000001
246968,0.8226583333333333
246969,0.7936291666666667
246970,0.7491983333333334
246971,0.7086483333333333
246972,0.6688724999999999
246973,0.6283125
246974,0.5920066666666667
246975,0.5513391666666666
246976,0.5141591666666666
246977,0.48427000000000003
246978,0.46922416666666666
246979,0.4570391666666666
246980,0.44668916666666664
246981,0.4361891666666667
246982,0.4285775
246983,0.4360425
246984,0.45383333333333326
246985,0.48364250000000003
246986,0.5170316666666667
246987,0.552775
246988,0.5921583333333335
246989,0.6245916666666668
246990,0.6617658333333334
246991,0.6973374999999999
246992,0.72623
246993,0.7423975000000002
246994,0.7606675
246995,0.7774766666666667
246996,0.7932708333333333
246997,0.8064433333333334
246998,0.816955
246999,0.8176758333333333
247000,0.8214066666666667
247001,0.8122900000000001
247002,0.803525
247003,0.7876875
247004,0.7758433333333332
247005,0.76422
247006,0.7492699999999999
247007,0.731405
247008,0.7163725
247009,0.6983999999999999
247010,0.680145
247011,0.6665825000000001
247012,0.6548441666666667
247013,0.64766
247014,0.643425
247015,0.6458541666666666
247016,0.6561433333333333
247017,0.6643775000000001
247018,0.677365
247019,0.6923733333333334
247020,0.7050841666666666
247021,0.7225791666666667
247022,0.7332933333333335
247023,0.7402333333333334
247024,0.7417566666666667
247025,0.7382225000000001
247026,0.7334933333333333
247027,0.7225608333333333
247028,0.7034516666666667
247029,0.6779266666666667
247030,0.6569541666666667
247031,0.6334183333333333
247032,0.60879
247033,0.5790016666666666
247034,0.5452241666666667
247035,0.5113833333333333
247036,0.47617750000000003
247037,0.443815
247038,0.41029333333333334
247039,0.37819833333333336
247040,0.35034333333333334
247041,0.3251908333333333
247042,0.30605166666666667
247043,0.29500583333333336
247044,0.2953416666666666
247045,0.2885316666666667
247046,0.2872566666666667
247047,0.28318166666666666
247048,0.2834433333333333
247049,0.279015
247050,0.28050749999999997
247051,0.2782241666666667
247052,0.2792325
247053,0.2807583333333333
247054,0.28852999999999995
247055,0.3027283333333334
247056,0.31470000000000004
247057,0.32409
247058,0.3198575
247059,0.3126083333333333
247060,0.30152083333333335
247061,0.29280249999999997
247062,0.29237583333333333
247063,0.29584666666666665
247064,0.3041508333333333
247065,0.3189808333333333
247066,0.3400358333333333
247067,0.3705416666666667
247068,0.4017333333333334
247069,0.4261066666666667
247070,0.43870166666666666
247071,0.4546483333333333
247072,0.47184166666666666
247073,0.4916991666666667
247074,0.5031433333333334
247075,0.5083733333333333
247076,0.4982783333333333
247077,0.48541666666666666
247078,0.47486
247079,0.46899416666666666
247080,0.44793583333333337
247081,0.4292533333333333
247082,0.4044258333333334
247083,0.37836583333333335
247084,0.3587625
247085,0.34302666666666665
247086,0.31869916666666664
247087,0.2957241666666667
247088,0.2813758333333334
247089,0.27689833333333336
247090,0.27737
247091,0.278335
247092,0.2799725
247093,0.276425
247094,0.26836333333333334
247095,0.2649958333333334
247096,0.2617925
247097,0.25332166666666667
247098,0.24539083333333334
247099,0.23286416666666668
247100,0.21979666666666667
247101,0.2153275
247102,0.2205983333333333
247103,0.22342416666666667
247104,0.22983
247105,0.23615166666666665
247106,0.255905
247107,0.277385
247108,0.3035408333333333
247109,0.33715999999999996
247110,0.3762966666666666
247111,0.4178091666666667
247112,0.4626416666666667
247113,0.5119683333333334
247114,0.560865
247115,0.6130541666666667
247116,0.6617283333333333
247117,0.7001666666666666
247118,0.7395158333333334
247119,0.7539441666666667
247120,0.7685624999999999
247121,0.7706766666666667
247122,0.7683258333333334
247123,0.7577525
247124,0.7385999999999999
247125,0.7088383333333332
247126,0.6755791666666667
247127,0.6413083333333334
247128,0.6033841666666667
247129,0.5700925
247130,0.5256216666666667
247131,0.47896833333333333
247132,0.42866750000000003
247133,0.38153583333333335
247134,0.3499025
247135,0.31326
247136,0.28213416666666663
247137,0.24963833333333332
247138,0.21940416666666668
247139,0.19357666666666665
247140,0.173895
247141,0.15118166666666666
247142,0.1352775
247143,0.12482166666666666
247144,0.11726666666666666
247145,0.12088999999999998
247146,0.1351125
247147,0.158025
247148,0.18455333333333332
247149,0.21232749999999997
247150,0.2503741666666667
247151,0.29783333333333334
247152,0.3444066666666667
247153,0.3883241666666667
247154,0.4370991666666667
247155,0.4819391666666667
247156,0.5313683333333333
247157,0.57814
247158,0.62203
247159,0.6582866666666667
247160,0.6936483333333333
247161,0.7194
247162,0.7460583333333335
247163,0.7642983333333333
247164,0.7844383333333335
247165,0.8021658333333334
247166,0.8126825
247167,0.8266441666666667
247168,0.8458675
247169,0.8579058333333334
247170,0.8705925
247171,0.8779783333333334
247172,0.8842508333333333
247173,0.8904008333333333
247174,0.8939075
247175,0.895135
247176,0.8989125
247177,0.8994441666666666
247178,0.9021766666666667
247179,0.9050774999999999
247180,0.9066
247181,0.9061183333333334
247182,0.901245
247183,0.890915
247184,0.8800399999999999
247185,0.8666125000000001
247186,0.8497341666666666
247187,0.8274808333333332
247188,0.7981083333333333
247189,0.7733283333333333
247190,0.7506491666666667
247191,0.7232974999999999
247192,0.7000991666666666
247193,0.6802808333333332
247194,0.6512525
247195,0.6263825000000001
247196,0.5957500000000001
247197,0.5674133333333332
247198,0.5401133333333333
247199,0.5123708333333333
247200,0.4830408333333333
247201,0.45652583333333335
247202,0.43359416666666667
247203,0.4150258333333333
247204,0.3957883333333333
247205,0.3761975
247206,0.3573308333333333
247207,0.3348083333333333
247208,0.3099408333333333
247209,0.29536833333333334
247210,0.2857341666666667
247211,0.27967583333333335
247212,0.27393999999999996
247213,0.27473749999999997
247214,0.28294166666666665
247215,0.2938925
247216,0.30727499999999996
247217,0.3181758333333333
247218,0.33191750000000003
247219,0.34219666666666665
247220,0.3563658333333333
247221,0.37153916666666664
247222,0.38769833333333337
247223,0.4032291666666667
247224,0.416435
247225,0.4190741666666667
247226,0.4280083333333333
247227,0.4305516666666667
247228,0.4267958333333333
247229,0.41694666666666674
247230,0.40615166666666663
247231,0.39419583333333336
247232,0.4031825
247233,0.41777000000000003
247234,0.4339875
247235,0.45486166666666666
247236,0.4755316666666667
247237,0.49754166666666666
247238,0.5174741666666667
247239,0.5424866666666667
247240,0.5705166666666667
247241,0.6011799999999999
247242,0.6359625
247243,0.6724908333333333
247244,0.7034616666666665
247245,0.7405475
247246,0.7787066666666667
247247,0.8055191666666667
247248,0.8251458333333334
247249,0.8427216666666667
247250,0.8498216666666667
247251,0.8635400000000001
247252,0.8684141666666666
247253,0.8736208333333334
247254,0.8732316666666666
247255,0.8739633333333333
247256,0.8715533333333333
247257,0.8575258333333334
247258,0.8488516666666667
247259,0.8518866666666667
247260,0.8498058333333333
247261,0.8542941666666667
247262,0.8544541666666666
247263,0.8568191666666666
247264,0.8572808333333332
247265,0.8598275
247266,0.8623633333333333
247267,0.86888
247268,0.8747066666666666
247269,0.8827266666666667
247270,0.8881375000000001
247271,0.8863033333333333
247272,0.8908974999999999
247273,0.884335
247274,0.8636283333333333
247275,0.8476083333333334
247276,0.8177691666666667
247277,0.7873233333333334
247278,0.7515908333333333
247279,0.7185641666666668
247280,0.6864316666666668
247281,0.6492283333333333
247282,0.6140566666666667
247283,0.5823691666666666
247284,0.5469991666666666
247285,0.5107091666666667
247286,0.47303166666666663
247287,0.4396916666666667
247288,0.41397833333333334
247289,0.39522083333333335
247290,0.37568
247291,0.37201916666666673
247292,0.36504333333333333
247293,0.3639275
247294,0.3578925
247295,0.3471641666666666
247296,0.3393633333333333
247297,0.33113
247298,0.3220391666666666
247299,0.32012083333333335
247300,0.31381749999999997
247301,0.3114716666666667
247302,0.31107916666666663
247303,0.31033666666666665
247304,0.3164183333333333
247305,0.33211999999999997
247306,0.34971833333333335
247307,0.36720416666666666
247308,0.383355
247309,0.41307166666666667
247310,0.44877666666666666
247311,0.4851783333333334
247312,0.5203716666666667
247313,0.5533258333333334
247314,0.5803425
247315,0.6039816666666666
247316,0.6274583333333333
247317,0.6543758333333333
247318,0.6846216666666666
247319,0.68324
247320,0.6684458333333333
247321,0.6423058333333334
247322,0.6166483333333334
247323,0.5868008333333333
247324,0.5502733333333334
247325,0.5150416666666666
247326,0.4797258333333333
247327,0.4410133333333333
247328,0.40837666666666667
247329,0.3779916666666666
247330,0.3401141666666667
247331,0.30375583333333334
247332,0.2660825
247333,0.2233166666666667
247334,0.2057483333333333
247335,0.19089
247336,0.17905583333333336
247337,0.16707916666666664
247338,0.15810249999999998
247339,0.15055583333333333
247340,0.13732416666666666
247341,0.12162916666666666
247342,0.10735583333333332
247343,0.08945416666666665
247344,0.07393083333333333
247345,0.07283583333333334
247346,0.072735
247347,0.07861
247348,0.08801083333333333
247349,0.10618499999999999
247350,0.1255325
247351,0.13726166666666667
247352,0.15172583333333334
247353,0.16741
247354,0.18855000000000002
247355,0.21429499999999999
247356,0.24248083333333334
247357,0.2652675
247358,0.28599
247359,0.3085233333333333
247360,0.3288233333333333
247361,0.3499508333333333
247362,0.3634075
247363,0.37221000000000004
247364,0.36973500000000004
247365,0.36561083333333333
247366,0.3681058333333333
247367,0.36533916666666666
247368,0.3607933333333333
247369,0.3477733333333334
247370,0.3343258333333333
247371,0.3228991666666667
247372,0.3179908333333333
247373,0.31839999999999996
247374,0.31349666666666665
247375,0.30616333333333334
247376,0.29345583333333336
247377,0.2792091666666667
247378,0.27753
247379,0.28818166666666667
247380,0.2987883333333333
247381,0.3196075
247382,0.3560683333333333
247383,0.39565666666666666
247384,0.4416275
247385,0.48637833333333336
247386,0.5255741666666667
247387,0.5646341666666667
247388,0.5998633333333334
247389,0.634585
247390,0.6739325
247391,0.7187991666666667
247392,0.7666558333333333
247393,0.8030991666666666
247394,0.8329400000000001
247395,0.8645208333333333
247396,0.8841725
247397,0.8918083333333333
247398,0.896895
247399,0.8982566666666667
247400,0.8969383333333334
247401,0.8925333333333333
247402,0.8869158333333333
247403,0.8681108333333333
247404,0.8447191666666668
247405,0.8199066666666667
247406,0.7922825
247407,0.7591941666666667
247408,0.7188416666666666
247409,0.6764266666666666
247410,0.6356491666666667
247411,0.5919041666666666
247412,0.53856
247413,0.48976666666666663
247414,0.44033500000000003
247415,0.3913108333333334
247416,0.34735750000000004
247417,0.3041016666666667
247418,0.27719499999999997
247419,0.26100249999999997
247420,0.24937916666666665
247421,0.2440925
247422,0.24989416666666667
247423,0.2646558333333333
247424,0.2807158333333334
247425,0.2981333333333333
247426,0.3291275
247427,0.3687391666666667
247428,0.41370833333333334
247429,0.4584125
247430,0.5050533333333334
247431,0.5503966666666666
247432,0.5933125
247433,0.6324816666666667
247434,0.6686883333333333
247435,0.7096933333333334
247436,0.742925
247437,0.7685825000000001
247438,0.7963116666666666
247439,0.8181499999999999
247440,0.8348175
247441,0.8421008333333333
247442,0.8522624999999999
247443,0.8534258333333332
247444,0.8506341666666667
247445,0.8425608333333333
247446,0.8279366666666667
247447,0.8165475
247448,0.8059825
247449,0.7917799999999999
247450,0.7645099999999999
247451,0.7520625
247452,0.7445816666666667
247453,0.7324533333333334
247454,0.7287183333333334
247455,0.7269741666666666
247456,0.7235466666666668
247457,0.7163108333333333
247458,0.7083033333333334
247459,0.7028575
247460,0.6859733333333333
247461,0.6782858333333334
247462,0.6599733333333334
247463,0.6397841666666667
247464,0.6153858333333333
247465,0.6005050000000001
247466,0.5762783333333333
247467,0.5412308333333333
247468,0.5040266666666666
247469,0.46180666666666664
247470,0.42342749999999996
247471,0.38146416666666666
247472,0.3404391666666667
247473,0.2965875
247474,0.25289666666666666
247475,0.22529000000000002
247476,0.19514583333333332
247477,0.17733833333333332
247478,0.1568925
247479,0.14370500000000003
247480,0.1271775
247481,0.10699750000000001
247482,0.09390333333333332
247483,0.08424666666666665
247484,0.07588583333333335
247485,0.07141333333333333
247486,0.06913333333333332
247487,0.06595999999999999
247488,0.07522916666666667
247489,0.08505333333333334
247490,0.09223416666666666
247491,0.095245
247492,0.09412583333333334
247493,0.10009749999999999
247494,0.10215500000000001
247495,0.10334916666666666
247496,0.10582083333333332
247497,0.10697833333333333
247498,0.10702333333333333
247499,0.10778083333333334
247500,0.100095
247501,0.09403416666666665
247502,0.08900333333333334
247503,0.07460666666666668
247504,0.061657500000000004
247505,0.05148333333333333
247506,0.044951666666666674
247507,0.04004166666666667
247508,0.0318625
247509,0.02703
247510,0.024990000000000002
247511,0.024203333333333337
247512,0.023035833333333332
247513,0.02316
247514,0.024588333333333334
247515,0.028293333333333334
247516,0.036859166666666665
247517,0.046259166666666664
247518,0.056244166666666665
247519,0.06825
247520,0.08684583333333334
247521,0.11167416666666667
247522,0.14336000000000002
247523,0.1749
247524,0.21311999999999998
247525,0.2522125
247526,0.2911008333333333
247527,0.3297166666666666
247528,0.3744175
247529,0.4246025
247530,0.47555333333333333
247531,0.5237191666666666
247532,0.5754541666666667
247533,0.627105
247534,0.6747891666666667
247535,0.7168125000000001
247536,0.75231
247537,0.7806791666666667
247538,0.8091808333333332
247539,0.8305549999999999
247540,0.8498741666666666
247541,0.8668075
247542,0.8864449999999999
247543,0.8988333333333334
247544,0.9033116666666667
247545,0.9077625
247546,0.9121199999999999
247547,0.9122491666666667
247548,0.9134983333333333
247549,0.916035
247550,0.9173074999999999
247551,0.9191141666666667
247552,0.9213516666666667
247553,0.9245216666666668
247554,0.927415
247555,0.9287316666666666
247556,0.9312600000000001
247557,0.9164266666666667
247558,0.8969991666666667
247559,0.8779358333333334
247560,0.8504308333333334
247561,0.8198883333333333
247562,0.79111
247563,0.7587891666666667
247564,0.7305125
247565,0.7064425
247566,0.6902858333333334
247567,0.6708558333333333
247568,0.6498758333333332
247569,0.6128866666666666
247570,0.5799749999999999
247571,0.5422041666666666
247572,0.51971
247573,0.5002116666666666
247574,0.4848733333333333
247575,0.4659966666666666
247576,0.44537166666666667
247577,0.4178975
247578,0.38986166666666666
247579,0.36073333333333335
247580,0.3272933333333333
247581,0.28444583333333334
247582,0.25202
247583,0.22013583333333334
247584,0.20203916666666666
247585,0.17850333333333332
247586,0.15696083333333333
247587,0.14362589285714283
247588,0.13150096153846152
247589,0.11262395833333333
247590,0.10361363636363637
247591,0.09672499999999999
247592,0.09732638888888888
247593,0.1031953125
247594,0.1889875
247595,0.20084027777777777
247596,0.20468625000000001
247597,0.2102022727272727
247598,0.21292604166666665
247599,0.2141875
247600,0.21854464285714287
247601,0.22939333333333334
247602,0.2552433333333333
247603,0.28051166666666666
247604,0.29302083333333334
247605,0.30408916666666663
247606,0.31564416666666667
247607,0.32980250000000005
247608,0.3447316666666667
247609,0.35685416666666664
247610,0.3657941666666667
247611,0.37723666666666666
247612,0.38756083333333335
247613,0.3977275
247614,0.40853083333333334
247615,0.4223425
247616,0.4296333333333333
247617,0.43545500000000004
247618,0.4325975
247619,0.43031166666666665
247620,0.4385141666666667
247621,0.444475
247622,0.447335
247623,0.4546941666666667
247624,0.46240500000000007
247625,0.468815
247626,0.47658333333333336
247627,0.4855316666666667
247628,0.494995
247629,0.5067483333333334
247630,0.5217116666666667
247631,0.5376325000000001
247632,0.5546641666666666
247633,0.5783583333333334
247634,0.6003016666666666
247635,0.61656
247636,0.634145
247637,0.6500783333333333
247638,0.6636749999999999
247639,0.6765399999999999
247640,0.6913016666666666
247641,0.7051208333333334
247642,0.71631
247643,0.7371158333333334
247644,0.7478216666666667
247645,0.7445158333333334
247646,0.7388691666666668
247647,0.73165
247648,0.723115
247649,0.7185966666666667
247650,0.7043649999999999
247651,0.6927233333333334
247652,0.6780791666666667
247653,0.653185
247654,0.6209483333333333
247655,0.5886866666666666
247656,0.5582016666666667
247657,0.522205
247658,0.475985
247659,0.442585
247660,0.41543
247661,0.38760583333333337
247662,0.35711166666666666
247663,0.32918749999999997
247664,0.30828916666666667
247665,0.2940966666666667
247666,0.28545583333333335
247667,0.28118916666666666
247668,0.2620691666666667
247669,0.24812333333333333
247670,0.235325
247671,0.22090500000000002
247672,0.21151833333333334
247673,0.20328833333333332
247674,0.19105583333333334
247675,0.17662416666666667
247676,0.16469916666666667
247677,0.15487833333333334
247678,0.1455525
247679,0.1273433333333333
247680,0.10874166666666667
247681,0.08398666666666667
247682,0.06777166666666666
247683,0.07559166666666667
247684,0.083595
247685,0.09308166666666667
247686,0.10503083333333334
247687,0.11551166666666667
247688,0.129965
247689,0.14623833333333333
247690,0.16517749999999998
247691,0.18212250000000002
247692,0.20034416666666666
247693,0.2239558333333333
247694,0.25130083333333336
247695,0.27425333333333335
247696,0.29675999999999997
247697,0.3168583333333333
247698,0.34055250000000004
247699,0.3707783333333333
247700,0.4053108333333333
247701,0.4384066666666666
247702,0.4712291666666666
247703,0.4971925
247704,0.5205358333333333
247705,0.5418758333333333
247706,0.5630991666666667
247707,0.5594858333333332
247708,0.5473833333333332
247709,0.5295666666666666
247710,0.5151825
247711,0.50046
247712,0.48416
247713,0.4636758333333333
247714,0.4413958333333333
247715,0.4136833333333333
247716,0.3867975
247717,0.360775
247718,0.3385283333333333
247719,0.31307583333333333
247720,0.2918108333333333
247721,0.28951916666666666
247722,0.3096841666666667
247723,0.3356808333333333
247724,0.3594991666666667
247725,0.38431
247726,0.4079133333333333
247727,0.4234783333333334
247728,0.435765
247729,0.4416066666666667
247730,0.44884416666666666
247731,0.4592908333333333
247732,0.4703475
247733,0.48084083333333333
247734,0.49547416666666666
247735,0.5105283333333334
247736,0.5150108333333334
247737,0.5156033333333333
247738,0.5119183333333334
247739,0.5046425
247740,0.49579500000000004
247741,0.4833475
247742,0.47647833333333334
247743,0.46641499999999997
247744,0.458105
247745,0.4511233333333333
247746,0.451875
247747,0.4588841666666667
247748,0.46418916666666665
247749,0.470895
247750,0.47684666666666664
247751,0.4764508333333333
247752,0.48254
247753,0.4836916666666666
247754,0.4924658333333333
247755,0.49112500000000003
247756,0.49444916666666666
247757,0.49067666666666665
247758,0.5028233333333333
247759,0.51913
247760,0.5248666666666667
247761,0.5209024999999999
247762,0.5120541666666666
247763,0.5119016666666667
247764,0.5147116666666667
247765,0.51144
247766,0.5080675
247767,0.506285
247768,0.5130858333333334
247769,0.5096925
247770,0.508545
247771,0.5115833333333334
247772,0.5262658333333333
247773,0.5298816666666667
247774,0.5315908333333333
247775,0.5392775000000001
247776,0.5409533333333333
247777,0.5469375000000001
247778,0.5458383333333333
247779,0.5413025
247780,0.5330458333333333
247781,0.5294558333333333
247782,0.5204183333333333
247783,0.513295
247784,0.5149441666666666
247785,0.5213258333333334
247786,0.5252158333333333
247787,0.5200416666666666
247788,0.5134583333333333
247789,0.5057691666666667
247790,0.5020650000000001
247791,0.506255
247792,0.5100516666666667
247793,0.5239808333333333
247794,0.5318816666666667
247795,0.5475591666666666
247796,0.5633883333333334
247797,0.5837341666666667
247798,0.5979966666666666
247799,0.6156908333333334
247800,0.6411683333333333
247801,0.6640216666666666
247802,0.6850741666666667
247803,0.70519
247804,0.7232908333333333
247805,0.7368441666666666
247806,0.7406024999999999
247807,0.7368641666666667
247808,0.7251066666666667
247809,0.71462
247810,0.7011958333333334
247811,0.6850458333333334
247812,0.6673825
247813,0.6563450000000001
247814,0.6422008333333334
247815,0.6308833333333334
247816,0.6191491666666666
247817,0.6121033333333333
247818,0.6095391666666666
247819,0.6195958333333333
247820,0.6321258333333334
247821,0.6482375
247822,0.6661416666666666
247823,0.6838241666666668
247824,0.7029133333333333
247825,0.7160966666666666
247826,0.727955
247827,0.7459341666666667
247828,0.7592408333333333
247829,0.772425
247830,0.77647
247831,0.7817408333333334
247832,0.7826533333333334
247833,0.7627833333333334
247834,0.7279883333333333
247835,0.6862316666666666
247836,0.6426125
247837,0.6030691666666667
247838,0.5612999999999999
247839,0.52491
247840,0.4898133333333333
247841,0.4534991666666667
247842,0.40708666666666665
247843,0.35801499999999997
247844,0.3089308333333333
247845,0.261905
247846,0.21514916666666664
247847,0.17229916666666664
247848,0.14958166666666667
247849,0.13034583333333333
247850,0.11778666666666666
247851,0.11088250000000001
247852,0.10108249999999999
247853,0.0926075
247854,0.07965666666666667
247855,0.07438166666666667
247856,0.06933583333333335
247857,0.06790750000000001
247858,0.0755625
247859,0.08258499999999999
247860,0.08998666666666667
247861,0.09632666666666667
247862,0.10543583333333334
247863,0.1163775
247864,0.1287475
247865,0.153265
247866,0.17565
247867,0.20088916666666667
247868,0.22499083333333333
247869,0.25192333333333333
247870,0.2785575
247871,0.3024275
247872,0.3245108333333333
247873,0.3444758333333333
247874,0.37368583333333333
247875,0.40060333333333337
247876,0.43298333333333333
247877,0.4669816666666667
247878,0.49849333333333334
247879,0.5263416666666667
247880,0.54042
247881,0.5560475
247882,0.5690533333333333
247883,0.5834833333333334
247884,0.5982491666666666
247885,0.6115383333333333
247886,0.6252491666666666
247887,0.6437766666666666
247888,0.6625600000000001
247889,0.6643991666666668
247890,0.6454458333333334
247891,0.6247799999999999
247892,0.6035691666666666
247893,0.5849758333333334
247894,0.555705
247895,0.5329016666666667
247896,0.509185
247897,0.4852883333333333
247898,0.459155
247899,0.431485
247900,0.4059666666666667
247901,0.38240250000000003
247902,0.3533716666666667
247903,0.32480166666666666
247904,0.31418
247905,0.3226925
247906,0.33651333333333333
247907,0.3401316666666666
247908,0.33965249999999997
247909,0.3499891666666667
247910,0.3637741666666667
247911,0.3741716666666666
247912,0.38420166666666666
247913,0.3989925
247914,0.4154541666666667
247915,0.4418658333333333
247916,0.4701425
247917,0.4997916666666667
247918,0.5275016666666666
247919,0.541655
247920,0.5608850000000001
247921,0.5746241666666666
247922,0.5962816666666666
247923,0.6081008333333334
247924,0.6175824999999999
247925,0.6155366666666667
247926,0.6069825000000001
247927,0.5943641666666667
247928,0.5800125
247929,0.55579
247930,0.5191025
247931,0.4782183333333333
247932,0.4383491666666667
247933,0.3967633333333333
247934,0.36288333333333334
247935,0.32661
247936,0.28611666666666663
247937,0.24708499999999997
247938,0.21863416666666666
247939,0.19796416666666664
247940,0.18158666666666667
247941,0.17352916666666665
247942,0.16768583333333334
247943,0.1621775
247944,0.16642083333333335
247945,0.1692775
247946,0.17618416666666667
247947,0.178835
247948,0.179745
247949,0.18290916666666668
247950,0.18946500000000002
247951,0.19236500000000004
247952,0.19328333333333336
247953,0.19590500000000002
247954,0.21007916666666668
247955,0.22310166666666664
247956,0.24084166666666668
247957,0.2575475
247958,0.2692133333333333
247959,0.2728758333333333
247960,0.2816275
247961,0.28871749999999996
247962,0.2937133333333333
247963,0.300035
247964,0.309065
247965,0.31519583333333334
247966,0.32183500000000004
247967,0.32903000000000004
247968,0.3405508333333333
247969,0.3471066666666667
247970,0.3537975
247971,0.3614891666666667
247972,0.37649666666666665
247973,0.39490583333333334
247974,0.42199333333333333
247975,0.44647749999999997
247976,0.47092000000000006
247977,0.5004550000000001
247978,0.5335708333333333
247979,0.5602383333333333
247980,0.5784641666666666
247981,0.5979466666666667
247982,0.6207041666666666
247983,0.6365949999999999
247984,0.6438891666666666
247985,0.6508916666666666
247986,0.6543033333333332
247987,0.6539683333333334
247988,0.6518108333333333
247989,0.6450833333333335
247990,0.6443899999999999
247991,0.6517908333333333
247992,0.6598908333333333
247993,0.6642741666666667
247994,0.6654033333333333
247995,0.6758675000000001
247996,0.68267
247997,0.6789933333333333
247998,0.6739116666666667
247999,0.6680391666666666
248000,0.6614208333333333
248001,0.6358116666666668
248002,0.6087958333333333
248003,0.5839350000000001
248004,0.5607225
248005,0.5305016666666666
248006,0.48812
248007,0.44576166666666667
248008,0.40412916666666665
248009,0.36970749999999997
248010,0.33565999999999996
248011,0.3102875
248012,0.28802916666666667
248013,0.2709316666666666
248014,0.25780333333333333
248015,0.24617833333333333
248016,0.25091
248017,0.25904916666666666
248018,0.26075916666666665
248019,0.27094
248020,0.2800041666666667
248021,0.2904216666666667
248022,0.3037691666666667
248023,0.3137166666666667
248024,0.3155833333333333
248025,0.31810166666666667
248026,0.31718083333333336
248027,0.31766583333333337
248028,0.31678833333333334
248029,0.31515583333333336
248030,0.3102858333333333
248031,0.3022225
248032,0.2891883333333333
248033,0.28314999999999996
248034,0.2678025
248035,0.25680000000000003
248036,0.24590166666666669
248037,0.23165583333333337
248038,0.21791666666666668
248039,0.21126250000000002
248040,0.19787833333333332
248041,0.18756333333333333
248042,0.1769716666666667
248043,0.1669658333333333
248044,0.15495166666666668
248045,0.1473
248046,0.14313583333333332
248047,0.14393416666666667
248048,0.14256583333333334
248049,0.14054916666666667
248050,0.135135
248051,0.132965
248052,0.13154333333333332
248053,0.13178833333333334
248054,0.12750583333333332
248055,0.13054166666666667
248056,0.12816666666666668
248057,0.13115333333333334
248058,0.13268083333333333
248059,0.130485
248060,0.1249175
248061,0.1207375
248062,0.11310166666666666
248063,0.10585833333333335
248064,0.1016625
248065,0.0985775
248066,0.09410750000000001
248067,0.09001916666666668
248068,0.08541666666666667
248069,0.08184166666666667
248070,0.07438666666666666
248071,0.06900916666666666
248072,0.0615475
248073,0.055986666666666664
248074,0.0532875
248075,0.051655
248076,0.05023083333333333
248077,0.05212666666666667
248078,0.05714916666666667
248079,0.06198333333333333
248080,0.06707583333333332
248081,0.07292083333333334
248082,0.07744333333333332
248083,0.08386583333333333
248084,0.09083333333333334
248085,0.10276083333333333
248086,0.11557166666666667
248087,0.1359075
248088,0.15420333333333333
248089,0.17965749999999997
248090,0.19662999999999997
248091,0.21269749999999998
248092,0.22767833333333334
248093,0.2435275
248094,0.2591283333333333
248095,0.2745575
248096,0.29665083333333336
248097,0.31710333333333335
248098,0.3367775
248099,0.35710749999999997
248100,0.37582916666666666
248101,0.39421083333333334
248102,0.4046583333333333
248103,0.4127883333333333
248104,0.41499749999999996
248105,0.42823083333333334
248106,0.4471166666666667
248107,0.45845833333333336
248108,0.47027416666666666
248109,0.47920416666666665
248110,0.490585
248111,0.4941508333333334
248112,0.48876499999999995
248113,0.48009333333333337
248114,0.46666416666666666
248115,0.4495841666666667
248116,0.42740999999999996
248117,0.4067941666666667
248118,0.38798750000000004
248119,0.3708791666666667
248120,0.35046
248121,0.3262333333333333
248122,0.31430166666666665
248123,0.30701083333333334
248124,0.30122666666666664
248125,0.28703416666666665
248126,0.27357916666666665
248127,0.2752575
248128,0.27933
248129,0.2883225
248130,0.29001916666666666
248131,0.29469416666666665
248132,0.2930841666666667
248133,0.2889775
248134,0.2817383333333333
248135,0.27652750000000004
248136,0.2701491666666667
248137,0.2586133333333333
248138,0.23786583333333333
248139,0.2144875
248140,0.19552333333333335
248141,0.17667166666666667
248142,0.15525166666666665
248143,0.13371166666666667
248144,0.110195
248145,0.09567916666666666
248146,0.08550833333333333
248147,0.08181750000000002
248148,0.08299999999999999
248149,0.08644666666666666
248150,0.0878625
248151,0.093905
248152,0.09722
248153,0.10035583333333334
248154,0.10588833333333333
248155,0.11571916666666665
248156,0.1277075
248157,0.13947749999999998
248158,0.15091416666666665
248159,0.16288999999999998
248160,0.17278666666666667
248161,0.17712916666666664
248162,0.18396083333333335
248163,0.18852833333333333
248164,0.18700083333333334
248165,0.18606999999999999
248166,0.18006416666666666
248167,0.17633749999999998
248168,0.17224083333333332
248169,0.16715833333333335
248170,0.15822416666666667
248171,0.14516749999999998
248172,0.13139333333333333
248173,0.11737166666666667
248174,0.10282583333333334
248175,0.09018250000000001
248176,0.08192166666666667
248177,0.06882333333333333
248178,0.05769333333333333
248179,0.0518925
248180,0.0468225
248181,0.04191916666666667
248182,0.042725
248183,0.04906916666666667
248184,0.058655000000000006
248185,0.0707625
248186,0.08955500000000001
248187,0.11306583333333335
248188,0.13678583333333333
248189,0.15595083333333332
248190,0.17369166666666666
248191,0.19204833333333332
248192,0.2133391666666667
248193,0.23664000000000002
248194,0.258395
248195,0.2762025
248196,0.2959033333333333
248197,0.3110158333333333
248198,0.31938083333333334
248199,0.32490250000000004
248200,0.3269208333333333
248201,0.32674833333333336
248202,0.3225725
248203,0.31632333333333335
248204,0.3106275
248205,0.30313666666666667
248206,0.29451333333333335
248207,0.28088833333333335
248208,0.2647058333333333
248209,0.2512975
248210,0.24949666666666664
248211,0.24519583333333334
248212,0.23995666666666665
248213,0.23878166666666667
248214,0.23839249999999998
248215,0.2407183333333333
248216,0.24329499999999998
248217,0.256235
248218,0.2670583333333333
248219,0.28683916666666665
248220,0.31406000000000006
248221,0.33503416666666663
248222,0.35572
248223,0.3741275
248224,0.3954175
248225,0.4091741666666666
248226,0.423195
248227,0.4357583333333333
248228,0.4481825
248229,0.4616233333333334
248230,0.4726433333333333
248231,0.4861566666666667
248232,0.48910916666666665
248233,0.4963441666666667
248234,0.5119525
248235,0.5249675
248236,0.5451433333333334
248237,0.5711508333333334
248238,0.5975133333333333
248239,0.6156783333333334
248240,0.6335033333333334
248241,0.656885
248242,0.6785683333333333
248243,0.6941474999999999
248244,0.7109366666666667
248245,0.7317075000000001
248246,0.7412266666666666
248247,0.7473949999999999
248248,0.7577591666666667
248249,0.7509916666666666
248250,0.7408533333333333
248251,0.7280224999999999
248252,0.7212408333333333
248253,0.7180458333333333
248254,0.7177199999999999
248255,0.7168566666666666
248256,0.7136925000000001
248257,0.7139358333333333
248258,0.718135
248259,0.7191666666666666
248260,0.7164416666666666
248261,0.7231183333333334
248262,0.7277158333333333
248263,0.7385941666666667
248264,0.7536066666666666
248265,0.7730283333333333
248266,0.7915966666666667
248267,0.8010974999999999
248268,0.8089175
248269,0.8029816666666666
248270,0.792135
248271,0.7718333333333334
248272,0.7480875
248273,0.7219758333333334
248274,0.6960091666666667
248275,0.6630083333333334
248276,0.6209699999999999
248277,0.5876416666666666
248278,0.5448325
248279,0.49660166666666666
248280,0.44236749999999997
248281,0.3982925
248282,0.3529908333333333
248283,0.30179666666666666
248284,0.26292333333333334
248285,0.24494416666666666
248286,0.2226733333333333
248287,0.20054916666666667
248288,0.18079416666666667
248289,0.16120583333333333
248290,0.146915
248291,0.1381983333333333
248292,0.12830166666666667
248293,0.12555083333333333
248294,0.13013
248295,0.14364249999999998
248296,0.15314833333333333
248297,0.1636325
248298,0.1806175
248299,0.20333583333333335
248300,0.20942999999999998
248301,0.23009333333333334
248302,0.25384166666666663
248303,0.2756716666666667
248304,0.2985875
248305,0.32509333333333335
248306,0.3580291666666667
248307,0.39088583333333327
248308,0.41284999999999994
248309,0.4232591666666667
248310,0.42625416666666666
248311,0.4240116666666667
248312,0.4209266666666666
248313,0.4172375
248314,0.41170833333333334
248315,0.4070408333333333
248316,0.39700583333333334
248317,0.3861383333333333
248318,0.3734466666666666
248319,0.3590808333333333
248320,0.34421166666666664
248321,0.319945
248322,0.29197500000000004
248323,0.2657125
248324,0.26631333333333335
248325,0.2694783333333334
248326,0.27394416666666666
248327,0.27628833333333336
248328,0.2781708333333333
248329,0.27431750000000005
248330,0.2744241666666667
248331,0.2833408333333333
248332,0.2930266666666667
248333,0.31208
248334,0.33801833333333337
248335,0.3586241666666667
248336,0.38354499999999997
248337,0.4231958333333334
248338,0.46522166666666664
248339,0.5009625
248340,0.5363675
248341,0.570865
248342,0.60767
248343,0.6500083333333334
248344,0.6961533333333333
248345,0.7380258333333334
248346,0.7701433333333334
248347,0.8030516666666666
248348,0.8269241666666666
248349,0.8335458333333333
248350,0.8369766666666667
248351,0.8425233333333332
248352,0.8363283333333332
248353,0.8167349999999999
248354,0.7852399999999999
248355,0.7493033333333334
248356,0.7139075
248357,0.6814025
248358,0.6410641666666667
248359,0.6023366666666666
248360,0.5606883333333333
248361,0.5190716666666667
248362,0.4837525
248363,0.45147166666666666
248364,0.4284616666666667
248365,0.41514833333333334
248366,0.40756749999999997
248367,0.39904166666666663
248368,0.4138675
248369,0.43295749999999994
248370,0.4581691666666667
248371,0.4875716666666667
248372,0.5147166666666666
248373,0.5447383333333333
248374,0.5773208333333333
248375,0.6159125
248376,0.6577249999999999
248377,0.6932791666666667
248378,0.7314333333333333
248379,0.7721374999999999
248380,0.8116091666666666
248381,0.8418033333333333
248382,0.8710341666666667
248383,0.8906291666666667
248384,0.9072399999999999
248385,0.9213541666666667
248386,0.9322783333333333
248387,0.9436216666666667
248388,0.9553475
248389,0.9627033333333334
248390,0.96745
248391,0.9717558333333333
248392,0.9755891666666667
248393,0.9777175000000001
248394,0.9794183333333334
248395,0.9804316666666667
248396,0.9814174999999999
248397,0.9816208333333333
248398,0.9808558333333333
248399,0.9790949999999999
248400,0.9765225
248401,0.9730983333333333
248402,0.9688641666666665
248403,0.9643374999999998
248404,0.9581758333333333
248405,0.939835
248406,0.9197775
248407,0.8984541666666667
248408,0.8796674999999999
248409,0.8613274999999999
248410,0.8445983333333333
248411,0.8305266666666665
248412,0.8124375
248413,0.791765
248414,0.7693308333333333
248415,0.7447183333333333
248416,0.7122233333333334
248417,0.6719808333333334
248418,0.6324525000000001
248419,0.6000066666666668
248420,0.6032025
248421,0.6064291666666667
248422,0.6105883333333334
248423,0.6108908333333333
248424,0.6101641666666667
248425,0.6119708333333332
248426,0.6119308333333334
248427,0.61474
248428,0.6210008333333333
248429,0.6312491666666666
248430,0.6307733333333334
248431,0.6362341666666665
248432,0.6507208333333333
248433,0.6639383333333332
248434,0.669715
248435,0.6640633333333333
248436,0.6523749999999999
248437,0.6407066666666666
248438,0.6298650000000001
248439,0.6299916666666667
248440,0.6271749999999999
248441,0.6262233333333334
248442,0.6276183333333333
248443,0.6307916666666666
248444,0.6322466666666666
248445,0.6490133333333333
248446,0.6645533333333334
248447,0.6771341666666667
248448,0.6891391666666667
248449,0.68081
248450,0.6677683333333333
248451,0.6594325
248452,0.6577575
248453,0.6530066666666666
248454,0.6452266666666666
248455,0.6337291666666667
248456,0.6164275
248457,0.5983166666666667
248458,0.5778641666666666
248459,0.5490733333333334
248460,0.5118858333333334
248461,0.4835891666666666
248462,0.4614533333333333
248463,0.43510666666666664
248464,0.42795916666666667
248465,0.4168975
248466,0.40566833333333335
248467,0.39203
248468,0.38245583333333333
248469,0.3841575
248470,0.38997583333333335
248471,0.39359500000000003
248472,0.4030991666666667
248473,0.4183008333333333
248474,0.4465341666666667
248475,0.4751958333333333
248476,0.4990916666666667
248477,0.5086983333333334
248478,0.5303525
248479,0.55212
248480,0.5593558333333333
248481,0.5813991666666667
248482,0.6016875
248483,0.62079
248484,0.6252441666666667
248485,0.6279299999999999
248486,0.6352866666666667
248487,0.6401166666666666
248488,0.6409983333333333
248489,0.6368483333333332
248490,0.6404891666666667
248491,0.64729
248492,0.664405
248493,0.67658
248494,0.6798966666666666
248495,0.6930775
248496,0.6899316666666666
248497,0.6831983333333334
248498,0.6817716666666667
248499,0.6777616666666667
248500,0.6722541666666667
248501,0.6653141666666668
248502,0.6546958333333334
248503,0.6372283333333333
248504,0.6136166666666666
248505,0.5864816666666667
248506,0.547975
248507,0.5097516666666667
248508,0.46177916666666674
248509,0.4224266666666667
248510,0.38359499999999996
248511,0.3486783333333333
248512,0.3150191666666667
248513,0.277495
248514,0.23926
248515,0.20228333333333332
248516,0.16672333333333336
248517,0.13142416666666668
248518,0.10102083333333334
248519,0.079445
248520,0.06113916666666667
248521,0.050665833333333334
248522,0.03919583333333333
248523,0.037185
248524,0.037950000000000005
248525,0.04166833333333333
248526,0.05042416666666667
248527,0.062161666666666664
248528,0.07429666666666668
248529,0.092075
248530,0.11137916666666667
248531,0.12714083333333334
248532,0.142465
248533,0.16059333333333334
248534,0.18432833333333332
248535,0.20827333333333334
248536,0.2406791666666667
248537,0.27774333333333334
248538,0.31943666666666665
248539,0.3646566666666667
248540,0.4069733333333333
248541,0.4453958333333334
248542,0.4839475
248543,0.5226691666666666
248544,0.5540975
248545,0.5873566666666666
248546,0.6243066666666668
248547,0.6635075
248548,0.6972458333333333
248549,0.7217350000000001
248550,0.7441491666666666
248551,0.7557033333333333
248552,0.7485275
248553,0.72851
248554,0.7036608333333334
248555,0.6763716666666667
248556,0.6468283333333333
248557,0.61525
248558,0.5860266666666667
248559,0.54742
248560,0.5049191666666667
248561,0.45981916666666667
248562,0.412065
248563,0.3647508333333333
248564,0.31991083333333337
248565,0.2715591666666667
248566,0.22616583333333332
248567,0.195515
248568,0.1706716666666667
248569,0.14751833333333333
248570,0.1275575
248571,0.10963333333333332
248572,0.09076
248573,0.06865583333333333
248574,0.0573875
248575,0.04820083333333334
248576,0.04381
248577,0.042444166666666665
248578,0.046411666666666664
248579,0.048834166666666665
248580,0.056375
248581,0.068275
248582,0.0811525
248583,0.09742666666666668
248584,0.1170825
248585,0.14103333333333332
248586,0.1611725
248587,0.18401083333333335
248588,0.21185583333333333
248589,0.243105
248590,0.26350250000000003
248591,0.285155
248592,0.3053983333333334
248593,0.323805
248594,0.34985166666666667
248595,0.3783775
248596,0.40662000000000004
248597,0.43540083333333335
248598,0.4615816666666666
248599,0.48330833333333334
248600,0.5017266666666667
248601,0.5243800000000001
248602,0.5391033333333333
248603,0.5476975
248604,0.5444425
248605,0.5424125
248606,0.5339224999999999
248607,0.5241933333333333
248608,0.5119333333333332
248609,0.4949025
248610,0.48491333333333336
248611,0.4723016666666667
248612,0.45999166666666663
248613,0.45347166666666666
248614,0.44073999999999997
248615,0.4273208333333333
248616,0.4120333333333333
248617,0.39792416666666663
248618,0.3837291666666667
248619,0.3851791666666667
248620,0.3933625
248621,0.40248333333333336
248622,0.4155658333333333
248623,0.43063083333333335
248624,0.44974000000000003
248625,0.4764541666666666
248626,0.5040875
248627,0.5294658333333333
248628,0.5518566666666666
248629,0.58459
248630,0.6167791666666667
248631,0.6494258333333334
248632,0.6846933333333334
248633,0.718065
248634,0.74108
248635,0.7600266666666666
248636,0.7773
248637,0.7917058333333334
248638,0.8067858333333333
248639,0.8158875
248640,0.8160308333333333
248641,0.8189333333333334
248642,0.8198575
248643,0.8175041666666668
248644,0.8124791666666666
248645,0.8098416666666668
248646,0.8065566666666667
248647,0.8060925
248648,0.80691
248649,0.8100358333333334
248650,0.8146558333333334
248651,0.8199116666666666
248652,0.8299166666666665
248653,0.8354775
248654,0.8381225000000001
248655,0.8305591666666667
248656,0.81956
248657,0.8071375
248658,0.7975091666666666
248659,0.7881141666666666
248660,0.778955
248661,0.7729408333333333
248662,0.7639208333333334
248663,0.7560833333333332
248664,0.7501575
248665,0.7436558333333333
248666,0.726225
248667,0.7037158333333334
248668,0.6852999999999999
248669,0.6678025
248670,0.6599550000000001
248671,0.6489641666666667
248672,0.6450383333333334
248673,0.6344825000000001
248674,0.6138025
248675,0.5860425
248676,0.5564641666666666
248677,0.5253016666666667
248678,0.4949125
248679,0.46616416666666666
248680,0.44166416666666664
248681,0.4365525
248682,0.43127750000000004
248683,0.4262125
248684,0.42355166666666666
248685,0.4135041666666667
248686,0.40322166666666664
248687,0.38918166666666665
248688,0.3811325
248689,0.379325
248690,0.3810425
248691,0.3957891666666667
248692,0.4112291666666667
248693,0.4150075
248694,0.4225533333333333
248695,0.43668833333333335
248696,0.44644
248697,0.4609291666666666
248698,0.47213916666666667
248699,0.4819066666666666
248700,0.4890175
248701,0.4928466666666667
248702,0.49916583333333336
248703,0.5048483333333333
248704,0.503925
248705,0.49989833333333333
248706,0.4808091666666667
248707,0.4732925
248708,0.4771666666666667
248709,0.4720216666666667
248710,0.45368
248711,0.43738166666666667
248712,0.4193675
248713,0.4133366666666667
248714,0.4151516666666667
248715,0.41548250000000003
248716,0.425665
248717,0.4379916666666667
248718,0.45220083333333333
248719,0.47484000000000004
248720,0.5036566666666666
248721,0.5312916666666667
248722,0.5518000000000001
248723,0.5592783333333333
248724,0.5779475000000001
248725,0.6031833333333334
248726,0.6289508333333333
248727,0.6458266666666667
248728,0.6498791666666667
248729,0.6555616666666667
248730,0.6662175
248731,0.6756675
248732,0.6781225000000001
248733,0.6861308333333334
248734,0.6854633333333333
248735,0.6824625
248736,0.6831633333333333
248737,0.6884374999999999
248738,0.7018091666666667
248739,0.704205
248740,0.7088591666666666
248741,0.7054075
248742,0.6936075
248743,0.6784025000000001
248744,0.6482050000000001
248745,0.6131083333333334
248746,0.5800466666666667
248747,0.552555
248748,0.5194616666666667
248749,0.498615
248750,0.48489166666666667
248751,0.47640916666666666
248752,0.4642591666666666
248753,0.45626666666666665
248754,0.45231583333333336
248755,0.44558249999999994
248756,0.43732333333333334
248757,0.4446516666666666
248758,0.45563000000000003
248759,0.4721283333333333
248760,0.4786008333333333
248761,0.47880750000000005
248762,0.480415
248763,0.4881174999999999
248764,0.49290249999999997
248765,0.4905466666666667
248766,0.48161833333333337
248767,0.46760416666666665
248768,0.4549283333333333
248769,0.44002583333333334
248770,0.42526916666666664
248771,0.41579499999999997
248772,0.4102816666666667
248773,0.41373833333333326
248774,0.4192691666666667
248775,0.4443158333333333
248776,0.4749866666666666
248777,0.495805
248778,0.5038483333333333
248779,0.5132358333333333
248780,0.5330708333333333
248781,0.5483183333333332
248782,0.5645008333333333
248783,0.5780441666666667
248784,0.5950691666666668
248785,0.6161866666666665
248786,0.6335225
248787,0.6446216666666668
248788,0.6511599999999999
248789,0.6589050000000001
248790,0.65749
248791,0.6517408333333333
248792,0.6480316666666667
248793,0.6498808333333332
248794,0.6454825
248795,0.63446
248796,0.6321858333333333
248797,0.6241441666666667
248798,0.6171491666666665
248799,0.6110275
248800,0.5999041666666667
248801,0.5955616666666667
248802,0.595515
248803,0.59648
248804,0.5964200000000001
248805,0.5930191666666667
248806,0.5662316666666667
248807,0.5455625000000001
248808,0.527215
248809,0.5184108333333334
248810,0.503015
248811,0.48879749999999994
248812,0.4762258333333333
248813,0.4619975
248814,0.44098750000000003
248815,0.41616166666666665
248816,0.38617916666666663
248817,0.35094416666666667
248818,0.31276333333333334
248819,0.27247250000000006
248820,0.23743
248821,0.22395666666666666
248822,0.20723250000000001
248823,0.18640333333333334
248824,0.16302416666666666
248825,0.14279
248826,0.11853249999999999
248827,0.09935666666666666
248828,0.08251333333333334
248829,0.06795916666666667
248830,0.06256166666666667
248831,0.061725833333333334
248832,0.0609825
248833,0.05835416666666667
248834,0.05654583333333333
248835,0.05602416666666667
248836,0.05436083333333333
248837,0.053880833333333336
248838,0.053650833333333335
248839,0.0518775
248840,0.05218166666666667
248841,0.053024166666666664
248842,0.05524916666666667
248843,0.05636083333333333
248844,0.0594425
248845,0.05832833333333333
248846,0.07149833333333332
248847,0.08117416666666667
248848,0.09530250000000001
248849,0.10884416666666667
248850,0.11809666666666668
248851,0.12915916666666666
248852,0.14652416666666668
248853,0.16482166666666667
248854,0.19223166666666666
248855,0.22472666666666666
248856,0.26270083333333333
248857,0.29690249999999996
248858,0.33400250000000004
248859,0.3660483333333333
248860,0.4005791666666667
248861,0.4226775
248862,0.4497333333333333
248863,0.4731625
248864,0.4972608333333334
248865,0.5314450000000001
248866,0.5640891666666668
248867,0.587645
248868,0.6088308333333334
248869,0.6181774999999999
248870,0.6205158333333335
248871,0.6266533333333333
248872,0.634175
248873,0.6350241666666666
248874,0.6450916666666667
248875,0.6535758333333332
248876,0.6584733333333332
248877,0.6644025
248878,0.6717266666666666
248879,0.6791758333333334
248880,0.6797641666666667
248881,0.6841333333333333
248882,0.6879625
248883,0.6926124999999999
248884,0.7058224999999999
248885,0.7197058333333334
248886,0.7187925
248887,0.7206875
248888,0.7254666666666666
248889,0.7239425
248890,0.7124333333333334
248891,0.7074566666666667
248892,0.6962033333333333
248893,0.6861075000000001
248894,0.6809816666666666
248895,0.6784266666666666
248896,0.6690658333333334
248897,0.6621466666666667
248898,0.6547533333333334
248899,0.6386658333333334
248900,0.6248925
248901,0.6144525000000001
248902,0.6021975
248903,0.5932
248904,0.569435
248905,0.54994
248906,0.5341083333333334
248907,0.5172416666666667
248908,0.49620999999999993
248909,0.46877833333333335
248910,0.44566999999999996
248911,0.4243366666666667
248912,0.40079333333333333
248913,0.377345
248914,0.3540241666666667
248915,0.32555750000000006
248916,0.2981408333333333
248917,0.27314249999999995
248918,0.24730583333333334
248919,0.23594666666666667
248920,0.227625
248921,0.207965
248922,0.1953666666666667
248923,0.1851958333333333
248924,0.17866333333333334
248925,0.16659500000000002
248926,0.15638
248927,0.14579416666666667
248928,0.13476916666666666
248929,0.12667
248930,0.12078833333333333
248931,0.11431416666666666
248932,0.10472166666666667
248933,0.09425916666666666
248934,0.08483416666666667
248935,0.0784375
248936,0.07367666666666667
248937,0.0690775
248938,0.06452166666666666
248939,0.058300000000000005
248940,0.05271000000000001
248941,0.04952833333333333
248942,0.051435
248943,0.05487416666666667
248944,0.058971666666666665
248945,0.06508416666666667
248946,0.076905
248947,0.09228166666666666
248948,0.10651000000000001
248949,0.12521
248950,0.1392125
248951,0.14358666666666667
248952,0.15624666666666667
248953,0.17099083333333334
248954,0.17958333333333332
248955,0.18977416666666666
248956,0.20822
248957,0.22127666666666668
248958,0.2361366666666667
248959,0.24115083333333334
248960,0.25342333333333333
248961,0.2509416666666667
248962,0.24622833333333333
248963,0.24273833333333333
248964,0.23672083333333335
248965,0.22969333333333336
248966,0.2370775
248967,0.2354608333333333
248968,0.23122249999999997
248969,0.232195
248970,0.2306633333333333
248971,0.21795416666666664
248972,0.209225
248973,0.19977916666666665
248974,0.20362833333333333
248975,0.19692166666666663
248976,0.19938416666666667
248977,0.2009225
248978,0.20488833333333334
248979,0.20320666666666665
248980,0.21024416666666665
248981,0.20811416666666668
248982,0.216165
248983,0.22483333333333333
248984,0.24063916666666665
248985,0.2454166666666667
248986,0.25017833333333334
248987,0.2599241666666667
248988,0.2682083333333333
248989,0.27075416666666663
248990,0.2671791666666667
248991,0.2640133333333333
248992,0.2593675
248993,0.2511233333333333
248994,0.25022833333333333
248995,0.24375249999999998
248996,0.24218749999999997
248997,0.22956916666666666
248998,0.21742666666666668
248999,0.19723083333333333
249000,0.18608083333333336
249001,0.17489666666666667
249002,0.16134583333333333
249003,0.1494658333333333
249004,0.13655333333333333
249005,0.13116
249006,0.12531916666666668
249007,0.12044666666666666
249008,0.11908916666666666
249009,0.11639916666666666
249010,0.1333425
249011,0.1452166666666667
249012,0.1604408333333333
249013,0.18347333333333332
249014,0.22378333333333333
249015,0.26950666666666667
249016,0.3174866666666667
249017,0.3638433333333334
249018,0.41124416666666674
249019,0.46298166666666674
249020,0.5155441666666667
249021,0.5693833333333334
249022,0.6194725000000001
249023,0.6682125
249024,0.7179825
249025,0.7559358333333334
249026,0.7981191666666667
249027,0.8377541666666667
249028,0.8693991666666666
249029,0.8861108333333333
249030,0.8983775
249031,0.9095266666666667
249032,0.9187025
249033,0.9253675
249034,0.9307058333333333
249035,0.9129349999999999
249036,0.8934425
249037,0.8746124999999999
249038,0.8496558333333333
249039,0.8109575
249040,0.7611083333333333
249041,0.7115583333333333
249042,0.66011
249043,0.6091308333333334
249044,0.554385
249045,0.49806416666666664
249046,0.4419916666666666
249047,0.3854191666666667
249048,0.32962916666666664
249049,0.27389833333333335
249050,0.24013083333333332
249051,0.21199166666666666
249052,0.18895
249053,0.16978749999999998
249054,0.16446249999999998
249055,0.16379166666666667
249056,0.1662391666666667
249057,0.17121916666666667
249058,0.1777175
249059,0.1879125
249060,0.19918333333333332
249061,0.21071250000000002
249062,0.219035
249063,0.2232991666666667
249064,0.2259216666666667
249065,0.22841833333333333
249066,0.22946666666666668
249067,0.22994916666666665
249068,0.23597916666666668
249069,0.238465
249070,0.2420325
249071,0.24020666666666665
249072,0.23564583333333333
249073,0.22713583333333334
249074,0.22008999999999998
249075,0.21445833333333336
249076,0.21552333333333334
249077,0.22117333333333333
249078,0.23682333333333333
249079,0.25666500000000003
249080,0.27897083333333333
249081,0.299505
249082,0.32298083333333333
249083,0.3493558333333333
249084,0.3762116666666666
249085,0.40066
249086,0.43411333333333335
249087,0.4753408333333334
249088,0.5160383333333333
249089,0.5562050000000001
249090,0.5931475
249091,0.6233758333333335
249092,0.6575308333333333
249093,0.6838850000000001
249094,0.7120883333333334
249095,0.7358608333333334
249096,0.75961
249097,0.7829558333333334
249098,0.8012583333333333
249099,0.8196150000000001
249100,0.8376691666666666
249101,0.8469800000000001
249102,0.8466733333333334
249103,0.8422075
249104,0.8347383333333334
249105,0.8137266666666668
249106,0.7886741666666667
249107,0.7559375
249108,0.7170074999999999
249109,0.6698766666666667
249110,0.6219525
249111,0.5715883333333334
249112,0.5181391666666666
249113,0.46174
249114,0.40673666666666664
249115,0.35436666666666666
249116,0.30503
249117,0.26058583333333335
249118,0.22195166666666666
249119,0.184645
249120,0.16122166666666668
249121,0.14460333333333333
249122,0.13447416666666667
249123,0.13213166666666665
249124,0.13254833333333332
249125,0.13613833333333333
249126,0.14437583333333331
249127,0.148955
249128,0.15714333333333336
249129,0.16317333333333334
249130,0.17071416666666667
249131,0.17702416666666665
249132,0.18956333333333333
249133,0.20312916666666667
249134,0.21725999999999998
249135,0.23560999999999999
249136,0.249295
249137,0.264995
249138,0.2779208333333333
249139,0.29208416666666664
249140,0.2998591666666667
249141,0.30120916666666664
249142,0.30685666666666667
249143,0.3098975
249144,0.3133658333333333
249145,0.3137216666666667
249146,0.31631750000000003
249147,0.3104591666666667
249148,0.30311499999999997
249149,0.2982366666666667
249150,0.29502416666666664
249151,0.29376833333333335
249152,0.28757249999999995
249153,0.28129
249154,0.27355416666666665
249155,0.2713725
249156,0.2734816666666667
249157,0.2733966666666667
249158,0.27209333333333335
249159,0.2704591666666667
249160,0.27118000000000003
249161,0.2701825
249162,0.26706916666666664
249163,0.26673166666666664
249164,0.2594783333333333
249165,0.24713166666666667
249166,0.237205
249167,0.22990833333333335
249168,0.22669666666666666
249169,0.22675166666666666
249170,0.22345416666666668
249171,0.22314166666666668
249172,0.22854
249173,0.2356525
249174,0.24214166666666667
249175,0.247145
249176,0.25040416666666665
249177,0.2601025
249178,0.25809166666666666
249179,0.25976333333333335
249180,0.260465
249181,0.25417249999999997
249182,0.2450008333333333
249183,0.23556333333333335
249184,0.22379916666666666
249185,0.2123225
249186,0.19624333333333333
249187,0.17756583333333334
249188,0.15914666666666666
249189,0.1409725
249190,0.1247175
249191,0.10898166666666667
249192,0.09073916666666666
249193,0.08207416666666667
249194,0.07391833333333334
249195,0.06969500000000001
249196,0.0710925
249197,0.071595
249198,0.06996083333333333
249199,0.06832083333333334
249200,0.0707325
249201,0.07377916666666667
249202,0.07499166666666665
249203,0.0760075
249204,0.07696
249205,0.0785125
249206,0.08235750000000001
249207,0.08625
249208,0.08882916666666667
249209,0.08862583333333335
249210,0.08814083333333332
249211,0.08490333333333333
249212,0.08201583333333334
249213,0.0807275
249214,0.07905666666666665
249215,0.07614416666666667
249216,0.07296666666666667
249217,0.071385
249218,0.06881416666666666
249219,0.06603833333333334
249220,0.06228416666666667
249221,0.05716333333333334
249222,0.05219083333333333
249223,0.04878583333333333
249224,0.045483333333333334
249225,0.04125666666666667
249226,0.03884916666666667
249227,0.03867833333333334
249228,0.0379775
249229,0.038895
249230,0.04247666666666667
249231,0.04453083333333333
249232,0.045259999999999995
249233,0.04963
249234,0.0533825
249235,0.05750583333333333
249236,0.06376833333333334
249237,0.0673275
249238,0.07251916666666668
249239,0.08050166666666667
249240,0.09151583333333334
249241,0.105005
249242,0.1260575
249243,0.1446775
249244,0.16514666666666666
249245,0.18680500000000003
249246,0.2115775
249247,0.2343
249248,0.25383916666666667
249249,0.2859383333333333
249250,0.31724333333333327
249251,0.3492441666666667
249252,0.3800091666666667
249253,0.4094433333333333
249254,0.4394733333333333
249255,0.4661433333333333
249256,0.4878058333333333
249257,0.5038708333333334
249258,0.5210049999999999
249259,0.5317241666666667
249260,0.5396916666666667
249261,0.5473966666666666
249262,0.5551625
249263,0.56028
249264,0.5541391666666667
249265,0.5483533333333334
249266,0.545165
249267,0.5495575
249268,0.5457083333333334
249269,0.5408508333333334
249270,0.5348366666666667
249271,0.5269075
249272,0.5198441666666667
249273,0.5164191666666667
249274,0.5213975000000001
249275,0.5285016666666666
249276,0.5342191666666667
249277,0.5416108333333334
249278,0.5496216666666667
249279,0.5624783333333333
249280,0.5756758333333333
249281,0.5844991666666667
249282,0.5898283333333333
249283,0.6057466666666668
249284,0.61926
249285,0.6350158333333333
249286,0.651845
249287,0.66183
249288,0.6628333333333333
249289,0.6494891666666667
249290,0.6311358333333333
249291,0.6091200000000001
249292,0.5858983333333333
249293,0.5645316666666667
249294,0.5388125
249295,0.5046291666666667
249296,0.4697191666666667
249297,0.4377483333333333
249298,0.40536666666666665
249299,0.37532583333333336
249300,0.3460491666666667
249301,0.3236358333333333
249302,0.29373
249303,0.26829333333333333
249304,0.2502141666666667
249305,0.23418583333333334
249306,0.22094583333333334
249307,0.21189083333333333
249308,0.20515833333333333
249309,0.20029833333333336
249310,0.20681166666666667
249311,0.21854333333333334
249312,0.24124666666666664
249313,0.26486333333333334
249314,0.2887441666666667
249315,0.3127216666666666
249316,0.32604666666666665
249317,0.3455991666666666
249318,0.36255666666666664
249319,0.4036725
249320,0.4480441666666667
249321,0.493805
249322,0.5305733333333333
249323,0.5706316666666668
249324,0.6097375
249325,0.6441308333333333
249326,0.6764058333333334
249327,0.6975650000000001
249328,0.7186666666666668
249329,0.7405791666666667
249330,0.7619925
249331,0.7908733333333333
249332,0.8235783333333333
249333,0.8609441666666666
249334,0.8769383333333333
249335,0.8902966666666666
249336,0.903375
249337,0.9231099999999999
249338,0.9377233333333332
249339,0.9509083333333332
249340,0.9646766666666667
249341,0.9753791666666666
249342,0.9826075
249343,0.9871783333333333
249344,0.9900199999999999
249345,0.9917583333333333
249346,0.9927908333333334
249347,0.9937625
249348,0.9947016666666666
249349,0.9948158333333333
249350,0.9949033333333334
249351,0.9947066666666667
249352,0.994465
249353,0.9939983333333333
249354,0.9934191666666666
249355,0.9898908333333334
249356,0.9779125000000001
249357,0.9580749999999999
249358,0.9348749999999999
249359,0.9081224999999999
249360,0.8775158333333334
249361,0.8414808333333333
249362,0.8039116666666666
249363,0.7714925
249364,0.7405908333333333
249365,0.7094066666666666
249366,0.6685691666666667
249367,0.6292825
249368,0.5917383333333334
249369,0.5692741666666666
249370,0.5456533333333334
249371,0.5289483333333334
249372,0.5222983333333333
249373,0.5222066666666667
249374,0.5220433333333333
249375,0.5217466666666667
249376,0.5242166666666667
249377,0.5249016666666667
249378,0.5179683333333334
249379,0.5116850000000001
249380,0.5059283333333333
249381,0.51141
249382,0.5265258333333334
249383,0.5361466666666668
249384,0.5364991666666667
249385,0.5432758333333333
249386,0.5542016666666666
249387,0.5629758333333333
249388,0.5706141666666668
249389,0.5806125000000001
249390,0.5991708333333334
249391,0.6238108333333333
249392,0.6502333333333332
249393,0.6803566666666667
249394,0.7111525
249395,0.7409266666666667
249396,0.7701399999999999
249397,0.7879341666666667
249398,0.8092008333333334
249399,0.8261041666666668
249400,0.840155
249401,0.8514708333333334
249402,0.8612033333333334
249403,0.8696016666666666
249404,0.8800699999999999
249405,0.885255
249406,0.8878433333333333
249407,0.8881008333333333
249408,0.8869633333333333
249409,0.8844916666666668
249410,0.88217
249411,0.8807425000000001
249412,0.88086
249413,0.8821358333333333
249414,0.8807533333333333
249415,0.8797241666666668
249416,0.8793016666666666
249417,0.8794466666666666
249418,0.8776383333333334
249419,0.8731283333333334
249420,0.8700766666666666
249421,0.8680333333333333
249422,0.8688925
249423,0.86204
249424,0.8505533333333334
249425,0.8430625
249426,0.8342558333333333
249427,0.8238683333333333
249428,0.8092783333333333
249429,0.8001041666666667
249430,0.7949633333333334
249431,0.7873291666666666
249432,0.7764608333333334
249433,0.7668058333333333
249434,0.7576966666666667
249435,0.7471591666666667
249436,0.7456524999999999
249437,0.7326033333333334
249438,0.7250858333333333
249439,0.7162916666666667
249440,0.707355
249441,0.6956275000000001
249442,0.6805525
249443,0.667915
249444,0.6531183333333334
249445,0.6390108333333333
249446,0.6242249999999999
249447,0.6125158333333334
249448,0.6010391666666666
249449,0.6012133333333334
249450,0.6035691666666666
249451,0.5990300000000001
249452,0.6043924999999999
249453,0.6124675
249454,0.6255091666666667
249455,0.6186524999999999
249456,0.6127825
249457,0.608465
249458,0.6030633333333334
249459,0.5940925
249460,0.5804933333333333
249461,0.5669575000000001
249462,0.5480066666666666
249463,0.5288158333333334
249464,0.5046083333333333
249465,0.48564
249466,0.4578583333333333
249467,0.42241999999999996
249468,0.3854241666666667
249469,0.3446675
249470,0.32006499999999993
249471,0.295765
249472,0.277375
249473,0.26491583333333335
249474,0.249905
249475,0.237395
249476,0.22809333333333334
249477,0.22587583333333333
249478,0.22014166666666665
249479,0.2127116666666667
249480,0.20886333333333335
249481,0.211035
249482,0.23199250000000002
249483,0.25930916666666665
249484,0.29172750000000003
249485,0.32986
249486,0.37167583333333337
249487,0.40717083333333337
249488,0.44048916666666665
249489,0.47127583333333334
249490,0.49822916666666667
249491,0.5182466666666666
249492,0.5362899999999999
249493,0.5583316666666666
249494,0.5807
249495,0.5868599999999999
249496,0.5898000000000001
249497,0.5823999999999999
249498,0.5666308333333333
249499,0.5573716666666667
249500,0.5422999999999999
249501,0.5257999999999999
249502,0.5049408333333333
249503,0.48575500000000005
249504,0.46615666666666666
249505,0.45012083333333336
249506,0.4351316666666667
249507,0.41585583333333337
249508,0.39614666666666665
249509,0.3657658333333334
249510,0.33960666666666667
249511,0.3161216666666667
249512,0.29503416666666665
249513,0.27907166666666666
249514,0.25543
249515,0.23227166666666665
249516,0.20839749999999999
249517,0.19079
249518,0.168605
249519,0.1514241666666667
249520,0.13205250000000002
249521,0.11931749999999999
249522,0.11236166666666668
249523,0.10397166666666667
249524,0.10261166666666667
249525,0.10342666666666665
249526,0.10281583333333334
249527,0.10116083333333334
249528,0.09710749999999999
249529,0.09197833333333333
249530,0.08814916666666667
249531,0.08491416666666667
249532,0.08348666666666668
249533,0.08035083333333333
249534,0.0787525
249535,0.0757325
249536,0.07082416666666667
249537,0.0661675
249538,0.061845000000000004
249539,0.058118333333333334
249540,0.05346583333333334
249541,0.049804999999999995
249542,0.046525000000000004
249543,0.044412499999999994
249544,0.04398666666666667
249545,0.04189
249546,0.03758583333333333
249547,0.03356083333333334
249548,0.0344675
249549,0.0373875
249550,0.044340833333333336
249551,0.0552325
249552,0.07604333333333332
249553,0.08863416666666665
249554,0.10376916666666668
249555,0.1145725
249556,0.13144166666666665
249557,0.1389825
249558,0.1440175
249559,0.14899833333333332
249560,0.15567999999999999
249561,0.16501583333333333
249562,0.1761116666666667
249563,0.18136916666666666
249564,0.18538166666666667
249565,0.18580833333333333
249566,0.18142916666666667
249567,0.16588333333333335
249568,0.1612625
249569,0.15239750000000002
249570,0.14812750000000002
249571,0.1387575
249572,0.1409733333333333
249573,0.14540416666666667
249574,0.14980333333333332
249575,0.14963999999999997
249576,0.14889916666666667
249577,0.143725
249578,0.1428441666666667
249579,0.1399475
249580,0.13898749999999999
249581,0.13663250000000002
249582,0.13617333333333334
249583,0.13452666666666666
249584,0.1334725
249585,0.13266083333333334
249586,0.1316225
249587,0.12918916666666666
249588,0.13192
249589,0.13727750000000002
249590,0.14814666666666668
249591,0.15880999999999998
249592,0.17979416666666667
249593,0.2015025
249594,0.22067833333333334
249595,0.24421916666666668
249596,0.26548166666666667
249597,0.28474083333333333
249598,0.29673083333333333
249599,0.3081683333333334
249600,0.3118666666666667
249601,0.3120266666666666
249602,0.3113841666666667
249603,0.30592083333333336
249604,0.2947783333333333
249605,0.28861916666666665
249606,0.27291750000000004
249607,0.24601916666666665
249608,0.22273833333333334
249609,0.20529416666666667
249610,0.17643
249611,0.15522916666666667
249612,0.1346425
249613,0.121045
249614,0.10698333333333333
249615,0.101205
249616,0.09943333333333333
249617,0.10069333333333333
249618,0.10704333333333334
249619,0.11684666666666667
249620,0.11884083333333333
249621,0.13118166666666667
249622,0.14285499999999998
249623,0.15519166666666667
249624,0.17501
249625,0.20175166666666666
249626,0.23098000000000002
249627,0.2605775
249628,0.29303333333333337
249629,0.3269016666666667
249630,0.36673000000000006
249631,0.4031083333333333
249632,0.44009583333333335
249633,0.4701608333333333
249634,0.498585
249635,0.5290316666666667
249636,0.5604941666666666
249637,0.5952000000000001
249638,0.6161883333333333
249639,0.6264666666666667
249640,0.638845
249641,0.6462491666666668
249642,0.653235
249643,0.6568941666666667
249644,0.6636866666666666
249645,0.6648958333333332
249646,0.6672516666666667
249647,0.6651116666666667
249648,0.6626650000000001
249649,0.6541458333333332
249650,0.6434191666666667
249651,0.6331991666666668
249652,0.6209841666666667
249653,0.6154875000000001
249654,0.6099416666666666
249655,0.6006025
249656,0.5907516666666666
249657,0.5811883333333334
249658,0.5711750000000001
249659,0.5614433333333333
249660,0.5492308333333333
249661,0.5380166666666667
249662,0.522025
249663,0.5045483333333334
249664,0.49111499999999997
249665,0.4769066666666667
249666,0.4544216666666667
249667,0.43418833333333334
249668,0.41676
249669,0.4109408333333333
249670,0.4045666666666667
249671,0.4079825
249672,0.4176558333333334
249673,0.4260683333333333
249674,0.4266041666666667
249675,0.4323658333333333
249676,0.4386291666666667
249677,0.4513816666666667
249678,0.4681516666666667
249679,0.48394833333333337
249680,0.5075175
249681,0.5370383333333333
249682,0.5633633333333333
249683,0.5846633333333333
249684,0.5995366666666667
249685,0.6163533333333333
249686,0.6240775
249687,0.6242741666666667
249688,0.628285
249689,0.6317066666666666
249690,0.6328016666666667
249691,0.636995
249692,0.6411608333333334
249693,0.6415566666666667
249694,0.6462241666666666
249695,0.6396866666666666
249696,0.6332366666666667
249697,0.6295958333333334
249698,0.6169366666666666
249699,0.5949591666666667
249700,0.5696808333333333
249701,0.5358141666666667
249702,0.4998225
249703,0.4603475
249704,0.42444500000000007
249705,0.38606166666666664
249706,0.343555
249707,0.3003675
249708,0.2599875
249709,0.218495
249710,0.18306000000000003
249711,0.14788166666666666
249712,0.11232416666666666
249713,0.09279833333333333
249714,0.08040166666666666
249715,0.07914583333333333
249716,0.08574
249717,0.09457999999999998
249718,0.10585583333333333
249719,0.11817166666666665
249720,0.13351833333333335
249721,0.15019583333333333
249722,0.17592833333333333
249723,0.18802416666666666
249724,0.20785833333333334
249725,0.227135
249726,0.24703416666666664
249727,0.26456
249728,0.2797033333333333
249729,0.29285583333333337
249730,0.30282833333333337
249731,0.3177658333333333
249732,0.3347425
249733,0.3442833333333334
249734,0.3573508333333333
249735,0.3661258333333334
249736,0.3747316666666667
249737,0.37785500000000005
249738,0.39690250000000005
249739,0.4169333333333333
249740,0.4395591666666666
249741,0.46092
249742,0.48205000000000003
249743,0.5056208333333333
249744,0.5316733333333333
249745,0.5498433333333334
249746,0.5613683333333334
249747,0.5718916666666666
249748,0.5838408333333334
249749,0.594025
249750,0.60498
249751,0.6107891666666667
249752,0.6133841666666666
249753,0.6055441666666666
249754,0.58452
249755,0.5583241666666666
249756,0.5308808333333334
249757,0.5011491666666666
249758,0.47298333333333337
249759,0.443235
249760,0.41402666666666665
249761,0.38396416666666666
249762,0.3549583333333333
249763,0.3289733333333333
249764,0.307895
249765,0.2822558333333333
249766,0.2649241666666667
249767,0.2464283333333333
249768,0.23477666666666666
249769,0.22539666666666666
249770,0.21779416666666665
249771,0.21354083333333335
249772,0.21302333333333331
249773,0.2133358333333333
249774,0.217195
249775,0.22515500000000002
249776,0.22752000000000003
249777,0.2343975
249778,0.24026916666666667
249779,0.24205083333333335
249780,0.2524733333333333
249781,0.2603625
249782,0.27132833333333334
249783,0.2878616666666666
249784,0.3116766666666667
249785,0.33887
249786,0.3661566666666667
249787,0.39597083333333327
249788,0.423985
249789,0.44705500000000004
249790,0.47151750000000003
249791,0.50545
249792,0.5324816666666666
249793,0.5650491666666666
249794,0.5879499999999999
249795,0.6114541666666666
249796,0.6324708333333333
249797,0.6471374999999999
249798,0.6644641666666666
249799,0.6885491666666667
249800,0.7079708333333333
249801,0.7257516666666667
249802,0.7375083333333333
249803,0.7443299999999999
249804,0.75163
249805,0.7546391666666666
249806,0.7593091666666666
249807,0.7655058333333334
249808,0.76901
249809,0.7748
249810,0.7687191666666667
249811,0.7601224999999999
249812,0.7535941666666666
249813,0.7436116666666667
249814,0.7208041666666667
249815,0.7000624999999999
249816,0.6796708333333333
249817,0.6662891666666667
249818,0.6563591666666667
249819,0.6441791666666667
249820,0.6353033333333333
249821,0.6275275
249822,0.6232533333333333
249823,0.6304366666666666
249824,0.6458775
249825,0.6696666666666666
249826,0.6973391666666667
249827,0.727285
249828,0.7536133333333334
249829,0.769155
249830,0.78346
249831,0.7924041666666667
249832,0.794425
249833,0.7935866666666667
249834,0.7891016666666668
249835,0.7811591666666667
249836,0.767355
249837,0.7649875
249838,0.7490625000000001
249839,0.72515
249840,0.7016391666666667
249841,0.6884616666666666
249842,0.6717616666666667
249843,0.65552
249844,0.649815
249845,0.6444108333333334
249846,0.646445
249847,0.6348775
249848,0.6231433333333333
249849,0.60664
249850,0.5899374999999999
249851,0.5738
249852,0.5431050000000001
249853,0.5175908333333333
249854,0.5000358333333333
249855,0.48406916666666666
249856,0.46169249999999995
249857,0.4629408333333333
249858,0.46015833333333334
249859,0.4593308333333333
249860,0.4561533333333333
249861,0.44952833333333336
249862,0.459645
249863,0.4712033333333333
249864,0.4931741666666667
249865,0.5079541666666666
249866,0.5200475
249867,0.5251925
249868,0.5279933333333333
249869,0.5212608333333333
249870,0.5112066666666667
249871,0.49757500000000005
249872,0.4727633333333333
249873,0.45476
249874,0.4415316666666667
249875,0.43481500000000006
249876,0.43240166666666663
249877,0.43161
249878,0.43305666666666665
249879,0.4396391666666667
249880,0.4546058333333333
249881,0.47696583333333326
249882,0.4979891666666667
249883,0.5184808333333333
249884,0.5425783333333334
249885,0.5508958333333334
249886,0.5507975
249887,0.5440225000000001
249888,0.5297591666666667
249889,0.5044858333333333
249890,0.47792416666666665
249891,0.44950416666666665
249892,0.421725
249893,0.3900966666666667
249894,0.3518891666666667
249895,0.3159825
249896,0.27656749999999997
249897,0.2477725
249898,0.22092166666666666
249899,0.1917325
249900,0.17920583333333334
249901,0.17773166666666668
249902,0.17354083333333334
249903,0.1727625
249904,0.178045
249905,0.18895916666666668
249906,0.19274416666666666
249907,0.19516416666666667
249908,0.19844166666666666
249909,0.20451583333333334
249910,0.2107475
249911,0.22485333333333332
249912,0.24102083333333332
249913,0.2574958333333333
249914,0.28826666666666667
249915,0.31479500000000005
249916,0.32968083333333337
249917,0.3509116666666667
249918,0.3620891666666667
249919,0.37484666666666666
249920,0.37850083333333334
249921,0.389905
249922,0.40311749999999996
249923,0.41822499999999996
249924,0.4368491666666667
249925,0.45722416666666665
249926,0.4729533333333333
249927,0.4827575
249928,0.49375500000000005
249929,0.49593250000000005
249930,0.5047366666666666
249931,0.5229291666666667
249932,0.5374441666666667
249933,0.5641824999999999
249934,0.5830375
249935,0.6007066666666667
249936,0.6198266666666666
249937,0.6355233333333333
249938,0.6403508333333333
249939,0.6422541666666667
249940,0.6374133333333334
249941,0.6333733333333332
249942,0.623415
249943,0.599295
249944,0.5731391666666668
249945,0.5452133333333333
249946,0.51395
249947,0.48371916666666664
249948,0.45198
249949,0.4258166666666667
249950,0.3997116666666667
249951,0.37290083333333335
249952,0.34259999999999996
249953,0.3170091666666666
249954,0.2928049999999999
249955,0.2731866666666667
249956,0.24803499999999998
249957,0.23147333333333334
249958,0.22237083333333332
249959,0.21581
249960,0.2072
249961,0.202495
249962,0.1922
249963,0.18101583333333335
249964,0.17005333333333333
249965,0.16126416666666668
249966,0.15040250000000002
249967,0.14739416666666666
249968,0.14756416666666666
249969,0.14133500000000002
249970,0.13550500000000001
249971,0.14175916666666666
249972,0.14542833333333333
249973,0.15084916666666667
249974,0.1594525
249975,0.16922083333333332
249976,0.17889416666666666
249977,0.18923666666666664
249978,0.20002083333333331
249979,0.21135249999999997
249980,0.21494333333333332
249981,0.21656833333333333
249982,0.21441249999999998
249983,0.2136175
249984,0.2178625
249985,0.21812166666666666
249986,0.21540083333333332
249987,0.21142
249988,0.2073175
249989,0.20208666666666666
249990,0.19932666666666668
249991,0.19049833333333333
249992,0.18519916666666664
249993,0.18103166666666667
249994,0.18059583333333334
249995,0.18545083333333334
249996,0.1841325
249997,0.19247666666666668
249998,0.20036166666666666
249999,0.20701166666666668
250000,0.21629083333333332
250001,0.22196
250002,0.2316725
250003,0.24248499999999998
250004,0.24930750000000002
250005,0.2510516666666666
250006,0.2553566666666667
250007,0.25849916666666667
250008,0.26562
250009,0.26995916666666664
250010,0.2783383333333333
250011,0.29187250000000003
250012,0.29928333333333335
250013,0.30778666666666665
250014,0.31480416666666666
250015,0.31799249999999996
250016,0.32133416666666664
250017,0.32430416666666667
250018,0.32208916666666665
250019,0.3247758333333334
250020,0.32828
250021,0.3397283333333333
250022,0.3498133333333333
250023,0.348775
250024,0.3563766666666667
250025,0.3688558333333333
250026,0.37940583333333333
250027,0.3895941666666667
250028,0.39427416666666665
250029,0.4062691666666666
250030,0.41832083333333336
250031,0.4256933333333333
250032,0.4274041666666667
250033,0.4326208333333333
250034,0.43237333333333333
250035,0.4407283333333334
250036,0.4374491666666667
250037,0.4287591666666667
250038,0.43127583333333336
250039,0.42384250000000007
250040,0.4090741666666667
250041,0.3957333333333333
250042,0.377025
250043,0.3661066666666667
250044,0.3458433333333334
250045,0.3353566666666667
250046,0.3236816666666667
250047,0.30945666666666666
250048,0.29797833333333335
250049,0.2875208333333334
250050,0.26837916666666667
250051,0.2547583333333333
250052,0.24548
250053,0.23255083333333332
250054,0.21739500000000003
250055,0.20480416666666665
250056,0.19406083333333335
250057,0.18822333333333333
250058,0.17847249999999998
250059,0.174645
250060,0.16417583333333333
250061,0.1560525
250062,0.15690833333333334
250063,0.15329999999999996
250064,0.14949749999999998
250065,0.15051583333333335
250066,0.14900833333333333
250067,0.1538225
250068,0.1597
250069,0.16850749999999998
250070,0.17475166666666667
250071,0.1816075
250072,0.19152333333333335
250073,0.2074175
250074,0.22248166666666666
250075,0.23706666666666665
250076,0.24583916666666666
250077,0.2518433333333333
250078,0.26197750000000003
250079,0.2728475
250080,0.2840625
250081,0.29871416666666667
250082,0.31080583333333334
250083,0.3191058333333333
250084,0.32389166666666663
250085,0.3248375
250086,0.31877333333333335
250087,0.31063666666666667
250088,0.29578333333333334
250089,0.2861166666666667
250090,0.27905833333333335
250091,0.27708333333333335
250092,0.27586333333333335
250093,0.26527333333333336
250094,0.25467166666666663
250095,0.244095
250096,0.23721583333333335
250097,0.22490333333333332
250098,0.21484083333333331
250099,0.2134925
250100,0.21631416666666667
250101,0.23426083333333333
250102,0.24590333333333333
250103,0.25599500000000003
250104,0.28253416666666664
250105,0.3140375
250106,0.35221250000000004
250107,0.3948241666666667
250108,0.4501841666666666
250109,0.506645
250110,0.5613158333333333
250111,0.6117266666666666
250112,0.6653033333333334
250113,0.7184058333333334
250114,0.7653283333333333
250115,0.8128283333333334
250116,0.8516125
250117,0.8945808333333333
250118,0.9405033333333334
250119,0.9635416666666666
250120,0.9791875000000001
250121,0.9887408333333333
250122,0.9938408333333333
250123,0.9955216666666666
250124,0.9963583333333333
250125,0.9967508333333334
250126,0.9970291666666665
250127,0.9971916666666666
250128,0.9973416666666667
250129,0.9973975
250130,0.9974183333333334
250131,0.9974191666666666
250132,0.997385
250133,0.9973508333333334
250134,0.9972258333333333
250135,0.9961175
250136,0.9947683333333333
250137,0.99063
250138,0.9812333333333334
250139,0.9653883333333333
250140,0.9401124999999999
250141,0.90588
250142,0.8581091666666667
250143,0.8051691666666667
250144,0.7472491666666666
250145,0.6849816666666667
250146,0.6209600000000001
250147,0.5590674999999999
250148,0.4945233333333333
250149,0.43223833333333334
250150,0.3704058333333334
250151,0.3068558333333333
250152,0.24706083333333334
250153,0.1955625
250154,0.14624
250155,0.10941666666666666
250156,0.08681416666666666
250157,0.07706750000000001
250158,0.07477916666666666
250159,0.07938583333333334
250160,0.09223333333333335
250161,0.10854583333333334
250162,0.12404250000000001
250163,0.14288416666666667
250164,0.1599025
250165,0.1776425
250166,0.19676916666666663
250167,0.22172416666666667
250168,0.24419833333333332
250169,0.27817000000000003
250170,0.30676666666666663
250171,0.3311258333333333
250172,0.353925
250173,0.373965
250174,0.39872166666666664
250175,0.41443916666666664
250176,0.4241308333333333
250177,0.42650916666666666
250178,0.42763333333333337
250179,0.42978749999999993
250180,0.43334083333333334
250181,0.43715
250182,0.43544333333333335
250183,0.42734583333333326
250184,0.41441749999999994
250185,0.4128475
250186,0.4090875
250187,0.40194499999999994
250188,0.3965433333333333
250189,0.3828958333333333
250190,0.37828333333333336
250191,0.3784666666666666
250192,0.38277666666666665
250193,0.3961066666666666
250194,0.4100558333333334
250195,0.42282249999999993
250196,0.430285
250197,0.43309833333333336
250198,0.4434075
250199,0.4528325
250200,0.4617533333333333
250201,0.46621666666666667
250202,0.4807283333333333
250203,0.494215
250204,0.51031
250205,0.5200824999999999
250206,0.5305083333333332
250207,0.538555
250208,0.5398
250209,0.53287
250210,0.5285683333333334
250211,0.5267658333333334
250212,0.5298758333333333
250213,0.5345975
250214,0.5422766666666666
250215,0.5383933333333334
250216,0.5432191666666667
250217,0.5327216666666666
250218,0.519915
250219,0.508115
250220,0.4971616666666667
250221,0.48621416666666667
250222,0.47683833333333336
250223,0.4659358333333333
250224,0.46083500000000005
250225,0.44828166666666663
250226,0.4411591666666667
250227,0.4280791666666667
250228,0.4111475
250229,0.38722500000000004
250230,0.3630675
250231,0.3356391666666667
250232,0.32088083333333334
250233,0.3093
250234,0.29858999999999997
250235,0.29041083333333334
250236,0.2800525
250237,0.27075333333333335
250238,0.26676416666666664
250239,0.2627625
250240,0.26077
250241,0.249645
250242,0.2441158333333333
250243,0.2376741666666667
250244,0.23396166666666665
250245,0.23247
250246,0.240215
250247,0.2465175
250248,0.2519525
250249,0.25567083333333335
250250,0.25971416666666663
250251,0.2644666666666667
250252,0.27689916666666664
250253,0.27679333333333334
250254,0.27427999999999997
250255,0.27651416666666667
250256,0.2881458333333333
250257,0.29622166666666666
250258,0.3056858333333334
250259,0.3148258333333333
250260,0.3279416666666667
250261,0.3349291666666667
250262,0.3504166666666667
250263,0.3642066666666667
250264,0.37794
250265,0.39202166666666666
250266,0.410965
250267,0.4248541666666667
250268,0.4473683333333333
250269,0.47395583333333335
250270,0.4977608333333334
250271,0.5186416666666667
250272,0.5402741666666666
250273,0.5622275
250274,0.5780391666666667
250275,0.5967241666666666
250276,0.6019883333333333
250277,0.5995108333333334
250278,0.60427
250279,0.6117716666666667
250280,0.6072958333333334
250281,0.5957558333333334
250282,0.5870033333333333
250283,0.5757991666666666
250284,0.5641675
250285,0.5551025
250286,0.5498958333333334
250287,0.54247
250288,0.5313599999999999
250289,0.5299358333333333
250290,0.5231516666666667
250291,0.528895
250292,0.5332641666666667
250293,0.5356366666666666
250294,0.5382583333333333
250295,0.5475966666666666
250296,0.557605
250297,0.56662
250298,0.5725650000000001
250299,0.5737758333333333
250300,0.5715383333333333
250301,0.5580133333333334
250302,0.5504033333333334
250303,0.5491525
250304,0.54434
250305,0.5424741666666667
250306,0.5354033333333333
250307,0.5287266666666667
250308,0.51849
250309,0.5099008333333334
250310,0.500045
250311,0.49839250000000007
250312,0.49499583333333336
250313,0.5065858333333334
250314,0.5279983333333332
250315,0.5532291666666667
250316,0.58517
250317,0.6182841666666667
250318,0.6516516666666665
250319,0.6849708333333333
250320,0.7152124999999999
250321,0.7484158333333333
250322,0.7808041666666666
250323,0.8122783333333333
250324,0.8367933333333333
250325,0.8649616666666666
250326,0.8861399999999999
250327,0.9033275
250328,0.9082341666666667
250329,0.897375
250330,0.8749991666666667
250331,0.8497741666666666
250332,0.8142124999999999
250333,0.7732433333333333
250334,0.7314891666666666
250335,0.6850141666666667
250336,0.6342833333333334
250337,0.5835925
250338,0.5337475
250339,0.48572333333333334
250340,0.4387825
250341,0.3935558333333333
250342,0.34969666666666666
250343,0.30060000000000003
250344,0.2614433333333333
250345,0.23286416666666668
250346,0.20792166666666664
250347,0.18774833333333332
250348,0.16839333333333334
250349,0.1505775
250350,0.137175
250351,0.12911
250352,0.12292750000000001
250353,0.114795
250354,0.10559
250355,0.09678333333333332
250356,0.08906416666666667
250357,0.08407999999999999
250358,0.08476333333333334
250359,0.08521
250360,0.08264500000000001
250361,0.079815
250362,0.08109250000000001
250363,0.08277833333333334
250364,0.08675416666666667
250365,0.08849333333333333
250366,0.08875166666666666
250367,0.08697833333333334
250368,0.0874975
250369,0.08964583333333334
250370,0.09419583333333333
250371,0.09519333333333332
250372,0.09481500000000001
250373,0.09633416666666667
250374,0.09997166666666667
250375,0.10553916666666667
250376,0.11337666666666667
250377,0.12206666666666667
250378,0.1306225
250379,0.1387125
250380,0.14590833333333333
250381,0.15458166666666665
250382,0.1674875
250383,0.18193833333333334
250384,0.190585
250385,0.19559999999999997
250386,0.20094333333333333
250387,0.20740583333333334
250388,0.20871083333333335
250389,0.20854999999999999
250390,0.2097925
250391,0.21183083333333333
250392,0.21212083333333334
250393,0.22430500000000003
250394,0.23482083333333334
250395,0.24628750000000002
250396,0.25677916666666667
250397,0.26140416666666666
250398,0.26099083333333334
250399,0.263535
250400,0.266615
250401,0.27279333333333333
250402,0.27182833333333334
250403,0.2748
250404,0.2766591666666667
250405,0.2742375
250406,0.2722691666666667
250407,0.26907583333333335
250408,0.25880333333333333
250409,0.24544500000000002
250410,0.23639749999999998
250411,0.2261025
250412,0.22423916666666668
250413,0.22492083333333335
250414,0.22697166666666665
250415,0.2282525
250416,0.22631083333333332
250417,0.23125666666666664
250418,0.23300083333333335
250419,0.24332
250420,0.25885583333333334
250421,0.2722891666666667
250422,0.28645583333333335
250423,0.2972425
250424,0.30954750000000003
250425,0.3185191666666667
250426,0.3278275
250427,0.3276975
250428,0.3275416666666667
250429,0.3302475000000001
250430,0.3324141666666666
250431,0.3351325
250432,0.33889333333333327
250433,0.34604250000000003
250434,0.3461975
250435,0.34151750000000003
250436,0.3382225
250437,0.33382749999999994
250438,0.32361500000000004
250439,0.3161516666666666
250440,0.31053416666666667
250441,0.3061025
250442,0.3050933333333334
250443,0.30162833333333333
250444,0.29322166666666666
250445,0.2874366666666666
250446,0.2808033333333333
250447,0.2731591666666667
250448,0.2761925
250449,0.279235
250450,0.28303999999999996
250451,0.2825625
250452,0.2840866666666667
250453,0.29061583333333335
250454,0.2942891666666666
250455,0.29916916666666665
250456,0.3039233333333334
250457,0.31024083333333335
250458,0.31917833333333334
250459,0.33086000000000004
250460,0.34049333333333337
250461,0.3555941666666666
250462,0.3723708333333333
250463,0.3835516666666666
250464,0.3975858333333333
250465,0.41739999999999994
250466,0.43689083333333334
250467,0.45257166666666665
250468,0.46025333333333335
250469,0.46285333333333334
250470,0.4627075
250471,0.4588233333333333
250472,0.44820999999999994
250473,0.437095
250474,0.4298758333333333
250475,0.42980749999999995
250476,0.42761166666666667
250477,0.42551833333333333
250478,0.41326999999999997
250479,0.3999208333333334
250480,0.38120333333333334
250481,0.3625483333333333
250482,0.3482125
250483,0.3445441666666666
250484,0.3542625
250485,0.3556625
250486,0.36210749999999997
250487,0.3757066666666667
250488,0.39832999999999996
250489,0.4337733333333333
250490,0.46294166666666664
250491,0.48926166666666665
250492,0.5137674999999999
250493,0.5419466666666667
250494,0.5674491666666666
250495,0.5961258333333334
250496,0.6246775
250497,0.6516383333333332
250498,0.6685874999999999
250499,0.680195
250500,0.7007525
250501,0.7179
250502,0.7347291666666667
250503,0.7415858333333333
250504,0.7380399999999999
250505,0.7323141666666666
250506,0.7241575
250507,0.7174933333333333
250508,0.7174133333333333
250509,0.7201466666666667
250510,0.7182724999999999
250511,0.7173700000000001
250512,0.7194033333333334
250513,0.7301658333333333
250514,0.742795
250515,0.7548958333333334
250516,0.76367
250517,0.7709616666666667
250518,0.7766883333333332
250519,0.7756216666666667
250520,0.7787191666666667
250521,0.7878116666666666
250522,0.7943675
250523,0.7974800000000001
250524,0.7974458333333333
250525,0.7988566666666668
250526,0.8050641666666667
250527,0.80321
250528,0.80585
250529,0.8034475000000001
250530,0.798185
250531,0.8039283333333332
250532,0.8087133333333333
250533,0.8189141666666667
250534,0.8280108333333334
250535,0.834175
250536,0.8315291666666667
250537,0.8249291666666667
250538,0.8151358333333333
250539,0.8128833333333333
250540,0.7978491666666667
250541,0.7826
250542,0.7689816666666668
250543,0.7465991666666667
250544,0.7227183333333334
250545,0.7021683333333333
250546,0.6671658333333333
250547,0.6272249999999999
250548,0.5831016666666666
250549,0.5344908333333332
250550,0.48556666666666665
250551,0.4406875
250552,0.39943666666666666
250553,0.3584658333333333
250554,0.31101416666666665
250555,0.2765325
250556,0.23969083333333333
250557,0.205205
250558,0.17242666666666667
250559,0.14225999999999997
250560,0.11390666666666666
250561,0.09493583333333334
250562,0.0800825
250563,0.06759166666666667
250564,0.060795833333333334
250565,0.05461833333333333
250566,0.05056416666666667
250567,0.04655416666666667
250568,0.04419666666666667
250569,0.04141583333333333
250570,0.03957416666666667
250571,0.03691083333333334
250572,0.035026666666666664
250573,0.0351375
250574,0.03478166666666667
250575,0.03132583333333334
250576,0.02729583333333333
250577,0.02646160714285714
250578,0.02518461538461538
250579,0.023743749999999997
250580,0.023402272727272723
250581,0.023132499999999997
250582,0.023940277777777776
250583,0.024039062499999996
250584,0.8104203125
250585,0.8274402777777777
250586,0.837895
250587,0.8496829545454545
250588,0.8600249999999999
250589,0.8683326923076924
250590,0.8730482142857143
250591,0.8760833333333333
250592,0.9143916666666667
250593,0.9257958333333334
250594,0.932245
250595,0.9376275
250596,0.9365375
250597,0.9349074999999999
250598,0.9298408333333333
250599,0.9217608333333334
250600,0.9079250000000001
250601,0.8899125
250602,0.8692366666666668
250603,0.8445991666666667
250604,0.8180200000000001
250605,0.7941291666666667
250606,0.7690816666666668
250607,0.7497283333333333
250608,0.7416058333333333
250609,0.7292791666666667
250610,0.7121600000000001
250611,0.7023808333333333
250612,0.6952208333333334
250613,0.68892
250614,0.68555
250615,0.6808608333333334
250616,0.6816325
250617,0.6810366666666667
250618,0.6780333333333334
250619,0.6743433333333333
250620,0.6674958333333333
250621,0.6616141666666666
250622,0.6489783333333333
250623,0.6279708333333333
250624,0.6060058333333332
250625,0.5869058333333332
250626,0.5638208333333332
250627,0.5453066666666666
250628,0.5332116666666666
250629,0.522165
250630,0.5194916666666667
250631,0.5184958333333333
250632,0.5234008333333333
250633,0.5342358333333334
250634,0.5440050000000001
250635,0.555325
250636,0.5666325
250637,0.58246
250638,0.5964591666666668
250639,0.6030708333333334
250640,0.6102166666666666
250641,0.6171291666666667
250642,0.6259608333333334
250643,0.6241016666666667
250644,0.6196466666666667
250645,0.6120716666666667
250646,0.6036966666666667
250647,0.5905891666666666
250648,0.579255
250649,0.5740816666666667
250650,0.5703791666666667
250651,0.5623733333333334
250652,0.5414266666666666
250653,0.514845
250654,0.49755333333333335
250655,0.48083833333333337
250656,0.46235583333333335
250657,0.43407500000000004
250658,0.4120158333333333
250659,0.38801500000000005
250660,0.3655066666666667
250661,0.3449925
250662,0.32739999999999997
250663,0.3075733333333333
250664,0.2799666666666667
250665,0.25100083333333334
250666,0.22592333333333334
250667,0.21160916666666668
250668,0.202935
250669,0.19562249999999998
250670,0.19149166666666667
250671,0.19399166666666667
250672,0.19705583333333332
250673,0.2013675
250674,0.21289583333333334
250675,0.22469250000000002
250676,0.2320375
250677,0.2398275
250678,0.24013083333333332
250679,0.2579025
250680,0.2765666666666667
250681,0.2944108333333333
250682,0.3098091666666667
250683,0.3265625
250684,0.34226416666666665
250685,0.3614733333333333
250686,0.37646083333333336
250687,0.38265166666666667
250688,0.39042249999999995
250689,0.39570833333333333
250690,0.4029641666666667
250691,0.4160891666666667
250692,0.424215
250693,0.4414241666666667
250694,0.4445725
250695,0.45122666666666666
250696,0.4617025
250697,0.48123666666666665
250698,0.4983833333333333
250699,0.5163366666666666
250700,0.5293075
250701,0.5434783333333333
250702,0.5698124999999999
250703,0.5945374999999999
250704,0.6146558333333333
250705,0.6332808333333334
250706,0.6549475
250707,0.6841741666666666
250708,0.7118208333333332
250709,0.7422075
250710,0.7714566666666667
250711,0.79944
250712,0.8187975
250713,0.8384575000000001
250714,0.8593816666666666
250715,0.8773316666666666
250716,0.8856133333333333
250717,0.8853399999999999
250718,0.8777541666666667
250719,0.8782525
250720,0.8692666666666666
250721,0.8528116666666666
250722,0.8318925
250723,0.8137141666666667
250724,0.788605
250725,0.7532841666666666
250726,0.71641
250727,0.6733266666666666
250728,0.6262716666666666
250729,0.5757641666666667
250730,0.5227308333333334
250731,0.47681250000000003
250732,0.4371733333333333
250733,0.3967025
250734,0.35198
250735,0.31404916666666666
250736,0.27839583333333334
250737,0.240095
250738,0.1990925
250739,0.1654641666666667
250740,0.141375
250741,0.1376858333333333
250742,0.14464999999999997
250743,0.16110333333333332
250744,0.1905933333333333
250745,0.18853583333333332
250746,0.19044583333333334
250747,0.18746000000000002
250748,0.1905808333333333
250749,0.1902033333333333
250750,0.18933833333333333
250751,0.19096083333333333
250752,0.19062833333333334
250753,0.18900499999999998
250754,0.18614333333333333
250755,0.18150999999999998
250756,0.15780666666666665
250757,0.12988416666666666
250758,0.09708416666666667
250759,0.05427666666666667
250760,0.046914166666666667
250761,0.037343333333333326
250762,0.031160000000000004
250763,0.024573333333333336
250764,0.02110916666666667
250765,0.02026583333333333
250766,0.016551666666666666
250767,0.015606666666666666
250768,0.016315
250769,0.016390833333333334
250770,0.017423333333333332
250771,0.0190425
250772,0.02736083333333333
250773,0.03840666666666667
250774,0.05552583333333334
250775,0.07588833333333334
250776,0.09346166666666668
250777,0.10781666666666667
250778,0.12732666666666667
250779,0.14372666666666667
250780,0.1609816666666667
250781,0.18415416666666667
250782,0.21427333333333334
250783,0.245135
250784,0.28367416666666667
250785,0.3117275
250786,0.34122166666666665
250787,0.36816333333333334
250788,0.3859458333333333
250789,0.3942191666666667
250790,0.4008308333333333
250791,0.41368333333333335
250792,0.42552083333333335
250793,0.4312141666666667
250794,0.4415641666666667
250795,0.45370333333333335
250796,0.45734666666666673
250797,0.4552525
250798,0.4497683333333333
250799,0.43921916666666666
250800,0.44133
250801,0.440405
250802,0.4379958333333333
250803,0.458855
250804,0.4834583333333333
250805,0.5078016666666667
250806,0.5316425
250807,0.5636616666666666
250808,0.5968916666666666
250809,0.6278083333333334
250810,0.6531441666666666
250811,0.6778425
250812,0.6885041666666666
250813,0.7004333333333334
250814,0.7122341666666666
250815,0.7204324999999999
250816,0.7240391666666667
250817,0.7142924999999999
250818,0.7086191666666667
250819,0.7067916666666666
250820,0.7023550000000001
250821,0.6889233333333334
250822,0.6674216666666667
250823,0.6441941666666667
250824,0.6049441666666666
250825,0.5595008333333333
250826,0.5135641666666666
250827,0.479855
250828,0.4493591666666667
250829,0.4159183333333333
250830,0.38250750000000006
250831,0.3526641666666667
250832,0.33377416666666665
250833,0.3008375
250834,0.26543666666666665
250835,0.23188583333333332
250836,0.19999916666666667
250837,0.16658916666666668
250838,0.133845
250839,0.11740083333333333
250840,0.11208666666666665
250841,0.10675
250842,0.10562166666666667
250843,0.10618916666666668
250844,0.10439083333333335
250845,0.10191666666666667
250846,0.10158166666666667
250847,0.10153083333333333
250848,0.09573333333333332
250849,0.08859666666666667
250850,0.07967333333333333
250851,0.07722083333333332
250852,0.0791
250853,0.08524666666666667
250854,0.09586333333333334
250855,0.09891499999999999
250856,0.10886166666666666
250857,0.11261499999999999
250858,0.11040249999999999
250859,0.11273916666666665
250860,0.11779416666666666
250861,0.122435
250862,0.12460500000000001
250863,0.1254825
250864,0.1268225
250865,0.12993249999999998
250866,0.13208083333333334
250867,0.13604833333333335
250868,0.13709083333333333
250869,0.13088083333333334
250870,0.12917083333333335
250871,0.12496333333333333
250872,0.12743666666666667
250873,0.13342916666666668
250874,0.141835
250875,0.15240833333333334
250876,0.16272333333333336
250877,0.1795016666666667
250878,0.20964666666666668
250879,0.23013083333333334
250880,0.25261416666666664
250881,0.27224333333333334
250882,0.28973333333333334
250883,0.31123249999999997
250884,0.33751250000000005
250885,0.354625
250886,0.37428249999999996
250887,0.39715833333333334
250888,0.427805
250889,0.4533216666666667
250890,0.4793025
250891,0.5054133333333334
250892,0.5205925
250893,0.5172608333333334
250894,0.5325516666666666
250895,0.5421625
250896,0.5462066666666666
250897,0.5605783333333333
250898,0.5817891666666667
250899,0.5872375000000001
250900,0.6033033333333333
250901,0.6195133333333334
250902,0.6309916666666667
250903,0.6430766666666666
250904,0.6472583333333334
250905,0.6418091666666667
250906,0.6347691666666667
250907,0.6322033333333333
250908,0.6325541666666666
250909,0.6271191666666667
250910,0.6211933333333334
250911,0.6200933333333333
250912,0.6068283333333333
250913,0.5813325
250914,0.5656708333333333
250915,0.5469058333333333
250916,0.5265783333333334
250917,0.5036208333333333
250918,0.4706766666666667
250919,0.451615
250920,0.4427991666666667
250921,0.43443833333333337
250922,0.4256741666666667
250923,0.4240641666666667
250924,0.4189791666666667
250925,0.4329475
250926,0.45026916666666666
250927,0.47440166666666667
250928,0.498955
250929,0.5300241666666666
250930,0.5630566666666666
250931,0.5909316666666666
250932,0.6156825
250933,0.6334891666666667
250934,0.6472283333333333
250935,0.6480941666666666
250936,0.647575
250937,0.6421783333333333
250938,0.6227058333333333
250939,0.6007316666666667
250940,0.5779233333333333
250941,0.5491308333333333
250942,0.5146816666666667
250943,0.48765583333333334
250944,0.4628633333333333
250945,0.43567666666666666
250946,0.41463666666666665
250947,0.40305166666666664
250948,0.40198666666666666
250949,0.4022908333333334
250950,0.41336333333333336
250951,0.42770583333333334
250952,0.45051083333333336
250953,0.48767250000000006
250954,0.5292591666666667
250955,0.55981
250956,0.5977
250957,0.6389716666666667
250958,0.6753233333333333
250959,0.7064816666666667
250960,0.7371366666666667
250961,0.7657458333333333
250962,0.7890375
250963,0.81019
250964,0.8306625000000001
250965,0.850705
250966,0.8705008333333333
250967,0.8880516666666668
250968,0.89929
250969,0.9069808333333333
250970,0.9110891666666666
250971,0.9126575
250972,0.9113891666666666
250973,0.9076375
250974,0.9038225
250975,0.8952683333333333
250976,0.8775166666666666
250977,0.8561216666666667
250978,0.83151
250979,0.8140183333333333
250980,0.7792083333333333
250981,0.7389433333333334
250982,0.702615
250983,0.6584808333333334
250984,0.6149841666666667
250985,0.5694258333333334
250986,0.5252574999999999
250987,0.4774675
250988,0.42683499999999996
250989,0.37328083333333334
250990,0.33430499999999996
250991,0.30188666666666664
250992,0.2713575
250993,0.24289083333333336
250994,0.20478416666666668
250995,0.1822175
250996,0.1636608333333333
250997,0.14325583333333336
250998,0.13467083333333332
250999,0.1259583333333333
251000,0.11600333333333333
251001,0.10586833333333333
251002,0.10165416666666667
251003,0.10119666666666666
251004,0.10472916666666668
251005,0.10039333333333333
251006,0.09779416666666667
251007,0.09691749999999999
251008,0.10347333333333333
251009,0.10903416666666667
251010,0.11957333333333334
251011,0.12465583333333334
251012,0.13152833333333333
251013,0.13700666666666667
251014,0.1485525
251015,0.16538583333333332
251016,0.18502083333333333
251017,0.20377083333333335
251018,0.21958166666666665
251019,0.23265583333333334
251020,0.2476158333333333
251021,0.2593141666666667
251022,0.27216250000000003
251023,0.27783083333333336
251024,0.27768916666666665
251025,0.2717191666666666
251026,0.27388666666666667
251027,0.2752166666666666
251028,0.27771749999999995
251029,0.28898416666666665
251030,0.2976041666666667
251031,0.30744249999999995
251032,0.315095
251033,0.32626833333333327
251034,0.34015000000000006
251035,0.3569333333333333
251036,0.37520749999999997
251037,0.38740583333333334
251038,0.40084
251039,0.42356833333333327
251040,0.45089666666666667
251041,0.47952333333333336
251042,0.5053508333333333
251043,0.5275608333333334
251044,0.5378875
251045,0.5488075
251046,0.5543625
251047,0.5686800000000001
251048,0.5810566666666667
251049,0.6001183333333333
251050,0.6140300000000001
251051,0.629065
251052,0.6501891666666667
251053,0.6697591666666667
251054,0.6877150000000001
251055,0.6936825
251056,0.6927408333333334
251057,0.6906583333333334
251058,0.6852583333333333
251059,0.6785516666666667
251060,0.6770258333333333
251061,0.670555
251062,0.6605875000000001
251063,0.6458058333333334
251064,0.621475
251065,0.5992308333333333
251066,0.573545
251067,0.5453816666666668
251068,0.5185016666666666
251069,0.4888708333333333
251070,0.46888666666666673
251071,0.4523208333333333
251072,0.447
251073,0.4481966666666667
251074,0.45472166666666664
251075,0.45980916666666666
251076,0.47419249999999996
251077,0.4893808333333334
251078,0.5113591666666667
251079,0.5381341666666667
251080,0.5643524999999999
251081,0.5959808333333334
251082,0.6288558333333333
251083,0.6617683333333334
251084,0.6987225
251085,0.7258591666666667
251086,0.7520225
251087,0.7617341666666667
251088,0.7699066666666667
251089,0.7723058333333334
251090,0.7692374999999999
251091,0.7599699999999999
251092,0.744425
251093,0.7273566666666667
251094,0.7073341666666667
251095,0.6941491666666667
251096,0.6736825
251097,0.6450383333333334
251098,0.6147016666666666
251099,0.5857366666666667
251100,0.5592283333333334
251101,0.5352416666666666
251102,0.5188158333333334
251103,0.5015183333333334
251104,0.48280583333333327
251105,0.46395249999999993
251106,0.44367666666666666
251107,0.42683
251108,0.4114733333333333
251109,0.39566
251110,0.37734166666666663
251111,0.36309166666666665
251112,0.3564875
251113,0.35289499999999996
251114,0.34503333333333336
251115,0.3356116666666667
251116,0.32410833333333333
251117,0.3145375
251118,0.3064941666666667
251119,0.30268500000000004
251120,0.3084416666666667
251121,0.32479749999999996
251122,0.34625
251123,0.3554475
251124,0.35664416666666665
251125,0.3553641666666667
251126,0.35536833333333334
251127,0.35670666666666667
251128,0.3525891666666667
251129,0.34808999999999996
251130,0.35021916666666664
251131,0.3553575
251132,0.36146
251133,0.37252583333333333
251134,0.3809075
251135,0.3828791666666666
251136,0.38097
251137,0.3744341666666667
251138,0.3852066666666667
251139,0.41057583333333336
251140,0.4365975
251141,0.4648758333333333
251142,0.49343
251143,0.5247158333333333
251144,0.5589725
251145,0.5945766666666666
251146,0.6280675
251147,0.6600908333333334
251148,0.6869241666666667
251149,0.7096741666666666
251150,0.7152591666666667
251151,0.7201625
251152,0.7209791666666666
251153,0.7122275000000001
251154,0.6981466666666667
251155,0.6848816666666667
251156,0.6589174999999999
251157,0.6298058333333334
251158,0.6004225000000001
251159,0.5703908333333333
251160,0.5360541666666667
251161,0.516265
251162,0.5006716666666666
251163,0.4867633333333334
251164,0.476235
251165,0.4816666666666667
251166,0.4755625
251167,0.46572250000000004
251168,0.46044666666666667
251169,0.4542833333333334
251170,0.44358499999999995
251171,0.4453741666666667
251172,0.4498241666666667
251173,0.45177249999999997
251174,0.45901250000000005
251175,0.4714441666666667
251176,0.46583666666666673
251177,0.4511041666666667
251178,0.4317466666666666
251179,0.4057675
251180,0.3834725
251181,0.3698183333333333
251182,0.3569483333333333
251183,0.33519916666666666
251184,0.31579833333333335
251185,0.2951283333333333
251186,0.2706941666666667
251187,0.2440691666666667
251188,0.2201825
251189,0.1915883333333333
251190,0.16236166666666665
251191,0.1378591666666667
251192,0.12436583333333333
251193,0.11136583333333333
251194,0.10843666666666667
251195,0.10593583333333333
251196,0.10843249999999999
251197,0.11357833333333334
251198,0.1295075
251199,0.1359375
251200,0.14783
251201,0.16661083333333332
251202,0.19251666666666667
251203,0.21908500000000003
251204,0.2431375
251205,0.2690941666666667
251206,0.2997783333333333
251207,0.33890750000000003
251208,0.3813458333333334
251209,0.42013416666666664
251210,0.4547316666666667
251211,0.4864891666666667
251212,0.5228441666666667
251213,0.5545266666666666
251214,0.5932566666666667
251215,0.6287725000000001
251216,0.6600258333333334
251217,0.69403
251218,0.7268591666666667
251219,0.7617858333333333
251220,0.7956016666666667
251221,0.8236116666666667
251222,0.8367641666666668
251223,0.8474483333333332
251224,0.8590658333333333
251225,0.869995
251226,0.8799516666666667
251227,0.8867091666666667
251228,0.8944183333333334
251229,0.9022008333333333
251230,0.9118133333333333
251231,0.9208791666666667
251232,0.9227283333333334
251233,0.9258041666666667
251234,0.9295908333333334
251235,0.931585
251236,0.9352616666666667
251237,0.9379624999999999
251238,0.940015
251239,0.9420441666666668
251240,0.9447025
251241,0.9463250000000001
251242,0.9415016666666667
251243,0.937835
251244,0.9346041666666667
251245,0.9268483333333334
251246,0.9140666666666667
251247,0.89835
251248,0.8813408333333334
251249,0.8614341666666667
251250,0.8431441666666667
251251,0.8210558333333334
251252,0.7979383333333333
251253,0.7692991666666666
251254,0.7361966666666666
251255,0.6975916666666666
251256,0.6600958333333333
251257,0.6257658333333335
251258,0.5885775
251259,0.5414425
251260,0.4954908333333333
251261,0.4500883333333333
251262,0.4063691666666667
251263,0.3627033333333333
251264,0.32130333333333333
251265,0.27867749999999997
251266,0.23839416666666666
251267,0.19824999999999998
251268,0.1656375
251269,0.13892833333333332
251270,0.12063166666666668
251271,0.10263083333333332
251272,0.08830833333333335
251273,0.07395749999999998
251274,0.07038166666666666
251275,0.06671
251276,0.0686675
251277,0.07232916666666668
251278,0.07796333333333333
251279,0.08342166666666667
251280,0.08894083333333333
251281,0.0949575
251282,0.10311166666666667
251283,0.11322666666666667
251284,0.11706583333333334
251285,0.11725916666666668
251286,0.11835083333333335
251287,0.12001916666666666
251288,0.12612583333333333
251289,0.13261916666666668
251290,0.14137166666666667
251291,0.15121166666666666
251292,0.16517666666666667
251293,0.17683083333333333
251294,0.19850416666666665
251295,0.2246975
251296,0.25297416666666667
251297,0.27851833333333337
251298,0.30036083333333335
251299,0.33905083333333336
251300,0.37841500000000006
251301,0.41605583333333335
251302,0.45647166666666666
251303,0.4974983333333333
251304,0.5373183333333333
251305,0.57498
251306,0.6101891666666666
251307,0.6408958333333333
251308,0.673365
251309,0.70205
251310,0.7260283333333334
251311,0.74933
251312,0.7713375
251313,0.7951208333333334
251314,0.8068025
251315,0.8186716666666667
251316,0.8320208333333333
251317,0.8444875000000001
251318,0.8548175
251319,0.8654641666666668
251320,0.8779666666666667
251321,0.8896900000000001
251322,0.90112
251323,0.9113008333333334
251324,0.9157108333333334
251325,0.9194741666666667
251326,0.9234033333333334
251327,0.9295641666666667
251328,0.9284866666666666
251329,0.9263091666666666
251330,0.9226041666666667
251331,0.9137491666666667
251332,0.9009441666666667
251333,0.8909583333333333
251334,0.8814816666666666
251335,0.8668
251336,0.8514633333333332
251337,0.8314016666666666
251338,0.8107908333333333
251339,0.7912558333333333
251340,0.7708783333333333
251341,0.7473833333333333
251342,0.7190925
251343,0.7018541666666668
251344,0.6830375
251345,0.668125
251346,0.6599083333333334
251347,0.6511166666666667
251348,0.632235
251349,0.6158558333333333
251350,0.60551
251351,0.5942258333333333
251352,0.5877541666666667
251353,0.5953324999999999
251354,0.6010383333333333
251355,0.6109733333333334
251356,0.628685
251357,0.6507725
251358,0.6686758333333332
251359,0.6889575000000001
251360,0.7045533333333334
251361,0.7152991666666666
251362,0.7269450000000001
251363,0.7461958333333333
251364,0.756725
251365,0.76635
251366,0.7725358333333333
251367,0.7808849999999999
251368,0.7762925
251369,0.7714591666666667
251370,0.7677525000000001
251371,0.7629058333333333
251372,0.7611783333333334
251373,0.7574208333333333
251374,0.7529866666666666
251375,0.7538025
251376,0.7555125
251377,0.7633183333333332
251378,0.7682108333333333
251379,0.7783616666666667
251380,0.7848533333333333
251381,0.7943891666666667
251382,0.7997650000000001
251383,0.8008649999999999
251384,0.8039508333333333
251385,0.8018858333333333
251386,0.7940816666666667
251387,0.7823866666666667
251388,0.7757141666666667
251389,0.7696666666666668
251390,0.7626566666666666
251391,0.7585691666666666
251392,0.7498825
251393,0.7400708333333333
251394,0.7259291666666666
251395,0.7164591666666666
251396,0.7022316666666666
251397,0.6888183333333333
251398,0.6855183333333333
251399,0.6766658333333333
251400,0.6620825
251401,0.6507675
251402,0.6339983333333333
251403,0.6035808333333333
251404,0.5782583333333334
251405,0.5459908333333333
251406,0.5143408333333334
251407,0.4841208333333333
251408,0.4576316666666667
251409,0.43943750000000004
251410,0.41953666666666667
251411,0.4050991666666667
251412,0.39103333333333334
251413,0.37713916666666664
251414,0.36925833333333336
251415,0.3648383333333334
251416,0.35634250000000006
251417,0.35375
251418,0.3573266666666666
251419,0.35699916666666665
251420,0.3682866666666666
251421,0.3751158333333333
251422,0.3836575
251423,0.3986691666666667
251424,0.42043583333333334
251425,0.43699083333333333
251426,0.4544666666666667
251427,0.4682358333333333
251428,0.48120999999999997
251429,0.4943283333333333
251430,0.5080525
251431,0.5200408333333333
251432,0.5320091666666666
251433,0.5462174999999999
251434,0.5604183333333334
251435,0.5648008333333333
251436,0.5785316666666667
251437,0.5880791666666667
251438,0.5919275
251439,0.5917233333333333
251440,0.6028575
251441,0.6162041666666667
251442,0.6334175000000001
251443,0.6453258333333333
251444,0.6548933333333333
251445,0.6675241666666667
251446,0.6845408333333333
251447,0.7026016666666667
251448,0.723915
251449,0.7417725
251450,0.7642641666666667
251451,0.7766591666666667
251452,0.7874741666666666
251453,0.7940325
251454,0.7968675
251455,0.7897408333333333
251456,0.7805449999999999
251457,0.7702508333333333
251458,0.765115
251459,0.7613350000000001
251460,0.7593216666666667
251461,0.7577800000000001
251462,0.7557991666666666
251463,0.7501558333333335
251464,0.7453033333333334
251465,0.7388166666666667
251466,0.7369558333333333
251467,0.7414383333333333
251468,0.7480399999999999
251469,0.7542666666666666
251470,0.7663675
251471,0.7790425
251472,0.7893475
251473,0.7963925
251474,0.8051475
251475,0.8112975
251476,0.8164275
251477,0.8228475
251478,0.8324041666666666
251479,0.8413466666666667
251480,0.8496958333333333
251481,0.8493233333333333
251482,0.8448925
251483,0.8377741666666666
251484,0.8227241666666667
251485,0.8046791666666667
251486,0.7839691666666667
251487,0.7638308333333333
251488,0.7416425
251489,0.7012308333333334
251490,0.6553658333333332
251491,0.6081125
251492,0.5635916666666667
251493,0.52435
251494,0.48690500000000003
251495,0.44742000000000004
251496,0.4108325
251497,0.37770000000000004
251498,0.3483541666666667
251499,0.3272875
251500,0.3089891666666667
251501,0.285885
251502,0.27142166666666667
251503,0.2550091666666667
251504,0.2599708333333333
251505,0.2691008333333333
251506,0.28266749999999996
251507,0.29639750000000004
251508,0.3016291666666666
251509,0.3189575
251510,0.3397891666666667
251511,0.3613566666666667
251512,0.38418583333333334
251513,0.40529916666666665
251514,0.4265975
251515,0.44364000000000003
251516,0.46747500000000003
251517,0.4864475
251518,0.507325
251519,0.5153275
251520,0.5216266666666667
251521,0.5297341666666667
251522,0.5330433333333333
251523,0.5406650000000001
251524,0.5518125
251525,0.5696908333333333
251526,0.5924741666666667
251527,0.6106683333333334
251528,0.6309891666666666
251529,0.64859
251530,0.6700891666666667
251531,0.6917566666666666
251532,0.7151125
251533,0.7403133333333334
251534,0.7728941666666667
251535,0.8090641666666668
251536,0.8383658333333333
251537,0.8698625
251538,0.89863
251539,0.91247
251540,0.9151025
251541,0.9161725000000001
251542,0.9189691666666667
251543,0.9217233333333333
251544,0.924485
251545,0.9243308333333334
251546,0.9247275
251547,0.923365
251548,0.9198358333333333
251549,0.8793175000000001
251550,0.8338141666666666
251551,0.7858875
251552,0.7344258333333333
251553,0.6860250000000001
251554,0.6349533333333334
251555,0.5922316666666667
251556,0.5524691666666667
251557,0.5117475
251558,0.47249250000000004
251559,0.4428025
251560,0.40871500000000005
251561,0.37713
251562,0.3478816666666667
251563,0.32018166666666664
251564,0.32996583333333335
251565,0.3461016666666667
251566,0.36600750000000004
251567,0.37876166666666666
251568,0.38467749999999995
251569,0.40648666666666666
251570,0.42015583333333334
251571,0.4325516666666667
251572,0.44501916666666663
251573,0.45381083333333333
251574,0.462985
251575,0.4766808333333333
251576,0.48436833333333335
251577,0.49199583333333335
251578,0.49839500000000003
251579,0.5016725
251580,0.5016333333333334
251581,0.5027550000000001
251582,0.511525
251583,0.5330408333333333
251584,0.5432291666666667
251585,0.5578358333333334
251586,0.5605475
251587,0.5601708333333334
251588,0.5667291666666667
251589,0.5583583333333333
251590,0.5441591666666667
251591,0.5340425
251592,0.52301
251593,0.5105283333333334
251594,0.49949916666666666
251595,0.5016841666666667
251596,0.5071325
251597,0.5169508333333332
251598,0.5200725
251599,0.5226908333333333
251600,0.5256908333333333
251601,0.5376774999999999
251602,0.5490016666666667
251603,0.5519366666666666
251604,0.5555066666666667
251605,0.56824
251606,0.5807875
251607,0.5910558333333333
251608,0.5997016666666667
251609,0.6068391666666667
251610,0.6039041666666667
251611,0.5811633333333334
251612,0.5566791666666667
251613,0.5358125
251614,0.5107858333333334
251615,0.4863716666666667
251616,0.46565999999999996
251617,0.4506858333333333
251618,0.44192333333333333
251619,0.43069
251620,0.41590249999999995
251621,0.39982666666666666
251622,0.37807833333333335
251623,0.358215
251624,0.34695583333333335
251625,0.3376075
251626,0.34401333333333334
251627,0.3513925
251628,0.35736333333333337
251629,0.36806833333333333
251630,0.37045249999999996
251631,0.3754716666666667
251632,0.37522666666666665
251633,0.36057666666666666
251634,0.35078750000000003
251635,0.3433775
251636,0.3375825
251637,0.34084833333333336
251638,0.3449916666666667
251639,0.3441241666666667
251640,0.3448483333333333
251641,0.34608916666666667
251642,0.34233416666666666
251643,0.32949333333333336
251644,0.3170041666666667
251645,0.31012
251646,0.29725
251647,0.28809833333333335
251648,0.2964766666666667
251649,0.314135
251650,0.3518416666666667
251651,0.38943999999999995
251652,0.423275
251653,0.45023666666666673
251654,0.4791458333333333
251655,0.5012508333333333
251656,0.5307041666666666
251657,0.5656741666666666
251658,0.5975825
251659,0.63396
251660,0.6654258333333334
251661,0.7049883333333333
251662,0.7442016666666668
251663,0.7776625
251664,0.80433
251665,0.8141733333333333
251666,0.8204975000000001
251667,0.8300825
251668,0.8427574999999999
251669,0.854915
251670,0.86674
251671,0.87197
251672,0.87533
251673,0.8870691666666666
251674,0.8904816666666666
251675,0.902445
251676,0.9063433333333334
251677,0.9096191666666666
251678,0.9136483333333333
251679,0.909905
251680,0.8992183333333335
251681,0.8929008333333334
251682,0.8821516666666668
251683,0.8878450000000001
251684,0.8908008333333334
251685,0.8961125
251686,0.8994258333333334
251687,0.9012399999999999
251688,0.9021625
251689,0.9033616666666667
251690,0.9022041666666667
251691,0.9020291666666667
251692,0.9047941666666668
251693,0.9069658333333334
251694,0.9166383333333333
251695,0.9291308333333334
251696,0.9403225000000001
251697,0.9526391666666666
251698,0.9539333333333333
251699,0.9562641666666667
251700,0.9584075000000001
251701,0.9605566666666667
251702,0.9641708333333334
251703,0.9682416666666668
251704,0.9731241666666667
251705,0.9777825000000001
251706,0.9815683333333334
251707,0.9833766666666667
251708,0.983135
251709,0.9829000000000001
251710,0.9772225
251711,0.9690274999999999
251712,0.9588099999999999
251713,0.9503583333333334
251714,0.9394258333333333
251715,0.9225483333333333
251716,0.9088075
251717,0.8968441666666667
251718,0.8836725
251719,0.8607291666666667
251720,0.8393916666666665
251721,0.8136525
251722,0.7909775
251723,0.7632941666666667
251724,0.733115
251725,0.706925
251726,0.6836775
251727,0.6745191666666666
251728,0.6675833333333333
251729,0.658915
251730,0.6442258333333334
251731,0.6266541666666666
251732,0.6101183333333332
251733,0.6045558333333333
251734,0.6012866666666667
251735,0.6010591666666668
251736,0.6014441666666667
251737,0.6021891666666667
251738,0.6083774999999999
251739,0.6107683333333334
251740,0.5999816666666666
251741,0.5910933333333332
251742,0.573545
251743,0.5470691666666667
251744,0.52196
251745,0.5093675
251746,0.4908983333333333
251747,0.4751625
251748,0.45918749999999997
251749,0.4569725
251750,0.45389166666666664
251751,0.45686499999999997
251752,0.45046916666666675
251753,0.44841499999999995
251754,0.44214250000000005
251755,0.4525858333333333
251756,0.464165
251757,0.4702141666666667
251758,0.476295
251759,0.4879433333333333
251760,0.5038050000000001
251761,0.5204575
251762,0.5313816666666666
251763,0.5289691666666667
251764,0.5183741666666667
251765,0.500965
251766,0.48027416666666667
251767,0.4611666666666666
251768,0.43400083333333334
251769,0.41692666666666667
251770,0.4003683333333334
251771,0.385795
251772,0.3689016666666667
251773,0.3523325
251774,0.3333916666666667
251775,0.31118083333333335
251776,0.30080333333333337
251777,0.2857166666666667
251778,0.2775433333333333
251779,0.25774833333333336
251780,0.25006999999999996
251781,0.25299583333333336
251782,0.26924916666666665
251783,0.274965
251784,0.28972916666666665
251785,0.3052391666666666
251786,0.32099666666666665
251787,0.3358133333333333
251788,0.35554166666666664
251789,0.36067499999999997
251790,0.3536308333333333
251791,0.3416591666666667
251792,0.33629666666666663
251793,0.3239258333333333
251794,0.32014750000000003
251795,0.30737583333333335
251796,0.28723
251797,0.27082083333333334
251798,0.28661333333333333
251799,0.2919625
251800,0.29145499999999996
251801,0.28557916666666666
251802,0.2839033333333333
251803,0.27773416666666667
251804,0.2865141666666666
251805,0.30326749999999997
251806,0.3235708333333333
251807,0.3425666666666667
251808,0.3693691666666667
251809,0.40510999999999997
251810,0.44606666666666667
251811,0.4911966666666666
251812,0.5233175
251813,0.5410541666666667
251814,0.5607258333333334
251815,0.5885833333333333
251816,0.6195125
251817,0.6527366666666666
251818,0.6897341666666665
251819,0.7254799999999999
251820,0.7640041666666666
251821,0.7990908333333333
251822,0.8338225
251823,0.8645633333333334
251824,0.8911741666666667
251825,0.9102816666666667
251826,0.9235858333333333
251827,0.9365975
251828,0.9464858333333334
251829,0.9552291666666667
251830,0.95816
251831,0.9539449999999999
251832,0.9315408333333333
251833,0.9011025
251834,0.8733525
251835,0.8504533333333334
251836,0.8266808333333333
251837,0.7964366666666667
251838,0.7708025
251839,0.7470858333333333
251840,0.729885
251841,0.7035483333333333
251842,0.6775950000000001
251843,0.6454133333333334
251844,0.6125325
251845,0.5776816666666666
251846,0.5545658333333333
251847,0.5479958333333333
251848,0.5499716666666666
251849,0.5408633333333334
251850,0.5317308333333333
251851,0.510555
251852,0.49686833333333336
251853,0.47704916666666664
251854,0.45537916666666667
251855,0.4282283333333333
251856,0.40987500000000004
251857,0.39100583333333333
251858,0.3783775
251859,0.37949
251860,0.38221166666666667
251861,0.37298249999999994
251862,0.3625083333333333
251863,0.34551583333333336
251864,0.33966500000000005
251865,0.3291558333333333
251866,0.3246658333333333
251867,0.31797416666666667
251868,0.3150025
251869,0.31431583333333335
251870,0.31442916666666665
251871,0.33204666666666666
251872,0.34974750000000004
251873,0.366205
251874,0.37274999999999997
251875,0.3799
251876,0.38137916666666666
251877,0.3892141666666667
251878,0.3993016666666667
251879,0.4088825
251880,0.4187616666666667
251881,0.4338491666666667
251882,0.4501225
251883,0.46279499999999996
251884,0.4750583333333333
251885,0.48629500000000003
251886,0.4788016666666666
251887,0.46943833333333335
251888,0.46104666666666666
251889,0.44548583333333336
251890,0.41725833333333334
251891,0.3942383333333333
251892,0.36525833333333335
251893,0.3401633333333333
251894,0.31290416666666665
251895,0.2844875
251896,0.255785
251897,0.22577916666666667
251898,0.19684416666666665
251899,0.16631
251900,0.137805
251901,0.109565
251902,0.08355833333333335
251903,0.05801333333333333
251904,0.038051666666666664
251905,0.03193833333333333
251906,0.03243083333333333
251907,0.035817499999999995
251908,0.03949
251909,0.0496
251910,0.0601975
251911,0.06737416666666667
251912,0.07144833333333334
251913,0.07579583333333333
251914,0.08112583333333334
251915,0.08208666666666667
251916,0.08361333333333335
251917,0.08576583333333333
251918,0.08879916666666668
251919,0.09269833333333333
251920,0.0962625
251921,0.09657500000000001
251922,0.09854833333333334
251923,0.10251833333333332
251924,0.10671
251925,0.11162083333333334
251926,0.126865
251927,0.14798333333333333
251928,0.16961166666666666
251929,0.1870725
251930,0.21236000000000002
251931,0.24006416666666666
251932,0.2684033333333334
251933,0.29483750000000003
251934,0.32264499999999996
251935,0.3459333333333333
251936,0.36946833333333334
251937,0.3876441666666667
251938,0.4036191666666667
251939,0.4129
251940,0.4231408333333333
251941,0.4281583333333333
251942,0.4308741666666666
251943,0.43618999999999997
251944,0.4360441666666667
251945,0.42920166666666665
251946,0.4236008333333333
251947,0.41906
251948,0.41397416666666664
251949,0.4127
251950,0.4150358333333333
251951,0.41388916666666664
251952,0.40806833333333337
251953,0.40589333333333333
251954,0.3987325
251955,0.397335
251956,0.4019141666666667
251957,0.4094125
251958,0.4208308333333333
251959,0.44338916666666667
251960,0.47189416666666667
251961,0.4987816666666667
251962,0.5254616666666666
251963,0.5519541666666666
251964,0.5713575
251965,0.595455
251966,0.6253566666666667
251967,0.6634033333333333
251968,0.69641
251969,0.731005
251970,0.7553791666666666
251971,0.7769991666666666
251972,0.7779083333333333
251973,0.7824425
251974,0.7742433333333333
251975,0.7627208333333333
251976,0.7472333333333334
251977,0.7290566666666667
251978,0.70908
251979,0.692265
251980,0.6640599999999999
251981,0.6265191666666667
251982,0.5832849999999999
251983,0.5464666666666667
251984,0.5158291666666667
251985,0.48146000000000005
251986,0.4389583333333333
251987,0.41552333333333336
251988,0.3825766666666667
251989,0.3588816666666667
251990,0.33954916666666674
251991,0.32422416666666665
251992,0.31242500000000006
251993,0.3067816666666667
251994,0.30071083333333337
251995,0.299945
251996,0.31262833333333334
251997,0.31944666666666666
251998,0.32529499999999995
251999,0.3306691666666667
252000,0.34679499999999996
252001,0.36392583333333334
252002,0.3829416666666666
252003,0.39983416666666666
252004,0.4170791666666666
252005,0.4275733333333333
252006,0.43940416666666665
252007,0.4512483333333333
252008,0.4521358333333333
252009,0.4552541666666666
252010,0.46434083333333326
252011,0.47912083333333333
252012,0.49287333333333333
252013,0.5004016666666666
252014,0.5072408333333333
252015,0.5046
252016,0.5058874999999999
252017,0.5002675
252018,0.4917658333333333
252019,0.47482666666666673
252020,0.45924333333333334
252021,0.4402975
252022,0.415175
252023,0.40089166666666665
252024,0.3855375
252025,0.3668175
252026,0.3369533333333333
252027,0.3229866666666667
252028,0.3111083333333333
252029,0.2968325
252030,0.28366583333333334
252031,0.26777833333333334
252032,0.261315
252033,0.25261833333333333
252034,0.24706166666666668
252035,0.24212333333333333
252036,0.2362425
252037,0.24876916666666668
252038,0.25895416666666665
252039,0.2663841666666667
252040,0.2713975
252041,0.2725966666666667
252042,0.2654875
252043,0.26067583333333333
252044,0.26054166666666667
252045,0.26206250000000003
252046,0.27095833333333336
252047,0.2768291666666667
252048,0.2934775
252049,0.32224416666666666
252050,0.35742500000000005
252051,0.39389583333333333
252052,0.4166566666666667
252053,0.43880916666666664
252054,0.462345
252055,0.4909666666666667
252056,0.5251341666666666
252057,0.56616
252058,0.6069175
252059,0.6452416666666667
252060,0.6851725
252061,0.7194041666666667
252062,0.7525958333333332
252063,0.7812341666666668
252064,0.8035875
252065,0.8203741666666667
252066,0.8348258333333334
252067,0.8491508333333333
252068,0.8658641666666667
252069,0.877905
252070,0.8868791666666667
252071,0.8932091666666667
252072,0.8986141666666666
252073,0.9007324999999999
252074,0.9015116666666666
252075,0.9043141666666668
252076,0.9068366666666666
252077,0.9089358333333333
252078,0.9102324999999999
252079,0.9119200000000001
252080,0.9115225
252081,0.9111208333333333
252082,0.8967566666666666
252083,0.8887675
252084,0.8824816666666666
252085,0.8762025
252086,0.8707075
252087,0.8637958333333333
252088,0.8588566666666667
252089,0.8511508333333333
252090,0.846225
252091,0.8386366666666667
252092,0.82816
252093,0.8169033333333334
252094,0.8090608333333333
252095,0.8041633333333333
252096,0.7994933333333333
252097,0.811545
252098,0.8173691666666667
252099,0.8243891666666667
252100,0.8312299999999999
252101,0.8170249999999999
252102,0.806775
252103,0.7979849999999999
252104,0.7912
252105,0.7858033333333334
252106,0.7822724999999999
252107,0.7835841666666667
252108,0.7774291666666666
252109,0.7653358333333333
252110,0.7547758333333333
252111,0.7361408333333334
252112,0.7117
252113,0.6859783333333332
252114,0.6796841666666665
252115,0.6710933333333333
252116,0.6819816666666667
252117,0.6906675
252118,0.696165
252119,0.6979691666666666
252120,0.6949341666666666
252121,0.6937541666666667
252122,0.6897424999999999
252123,0.6970575
252124,0.7037908333333333
252125,0.7074291666666667
252126,0.7182391666666667
252127,0.7325525
252128,0.7478908333333334
252129,0.7479041666666667
252130,0.7527891666666666
252131,0.7571558333333334
252132,0.7630925000000001
252133,0.7690683333333334
252134,0.7787225
252135,0.7887958333333333
252136,0.7972999999999999
252137,0.8038000000000001
252138,0.8073241666666667
252139,0.8085341666666667
252140,0.8111708333333334
252141,0.816705
252142,0.8202483333333334
252143,0.8212133333333332
252144,0.8168666666666666
252145,0.8084116666666666
252146,0.8004825
252147,0.7848399999999999
252148,0.7684866666666667
252149,0.7523758333333334
252150,0.7299458333333334
252151,0.7131683333333334
252152,0.7078041666666667
252153,0.7079608333333333
252154,0.7130425
252155,0.7170191666666667
252156,0.7185141666666667
252157,0.7191891666666667
252158,0.7231833333333333
252159,0.7261258333333332
252160,0.72601
252161,0.7284008333333334
252162,0.7338233333333334
252163,0.7370833333333333
252164,0.7458541666666668
252165,0.7601483333333333
252166,0.7625766666666667
252167,0.7575233333333334
252168,0.7531116666666667
252169,0.7479466666666666
252170,0.7368333333333333
252171,0.7296141666666667
252172,0.7209233333333334
252173,0.7025525
252174,0.68803
252175,0.6754691666666667
252176,0.6564908333333332
252177,0.6372358333333333
252178,0.597505
252179,0.5504025
252180,0.5037375000000001
252181,0.46346333333333334
252182,0.4213025
252183,0.37423083333333335
252184,0.3299533333333334
252185,0.2912975
252186,0.2523575
252187,0.22080666666666668
252188,0.2002825
252189,0.17831333333333335
252190,0.15652000000000002
252191,0.1422225
252192,0.1323525
252193,0.14705333333333334
252194,0.16510416666666666
252195,0.18089166666666667
252196,0.19319333333333336
252197,0.2324975
252198,0.27128583333333334
252199,0.3051816666666667
252200,0.3397233333333334
252201,0.3749475
252202,0.40594583333333334
252203,0.43361
252204,0.45909333333333335
252205,0.48764916666666663
252206,0.5149616666666667
252207,0.5302758333333334
252208,0.5506083333333333
252209,0.5669483333333333
252210,0.5854250000000001
252211,0.6093525
252212,0.6091591666666667
252213,0.6008858333333332
252214,0.5979775
252215,0.5937175000000001
252216,0.5906258333333334
252217,0.5846216666666667
252218,0.5871891666666668
252219,0.5896025
252220,0.5908341666666668
252221,0.5947091666666666
252222,0.599625
252223,0.5911716666666665
252224,0.5791533333333334
252225,0.5696875
252226,0.5557608333333334
252227,0.5369883333333333
252228,0.5212116666666666
252229,0.49883666666666665
252230,0.47662750000000004
252231,0.4533966666666666
252232,0.43785166666666664
252233,0.40838416666666666
252234,0.38086333333333333
252235,0.35490666666666665
252236,0.31825583333333335
252237,0.28937666666666667
252238,0.26767833333333335
252239,0.25461
252240,0.23907166666666668
252241,0.22777916666666667
252242,0.21697750000000002
252243,0.21130083333333335
252244,0.21058166666666667
252245,0.21635
252246,0.22007083333333333
252247,0.24046416666666665
252248,0.263745
252249,0.29729916666666667
252250,0.32911166666666664
252251,0.36762083333333334
252252,0.40839333333333333
252253,0.45533666666666667
252254,0.4940158333333333
252255,0.53419
252256,0.5728241666666667
252257,0.6176716666666666
252258,0.6633300000000001
252259,0.7097966666666667
252260,0.7482916666666667
252261,0.7869108333333333
252262,0.8016966666666666
252263,0.8217466666666666
252264,0.8334241666666667
252265,0.848015
252266,0.8625891666666666
252267,0.8706116666666667
252268,0.8706174999999999
252269,0.8641983333333333
252270,0.8404616666666667
252271,0.8075141666666668
252272,0.7628433333333333
252273,0.7152183333333333
252274,0.6604116666666666
252275,0.6051266666666667
252276,0.5494908333333334
252277,0.494025
252278,0.436085
252279,0.37657250000000003
252280,0.31408833333333336
252281,0.2519958333333333
252282,0.19479416666666666
252283,0.14094083333333335
252284,0.09848
252285,0.07434583333333333
252286,0.05931416666666667
252287,0.0516525
252288,0.047545
252289,0.054858333333333335
252290,0.0663525
252291,0.07753499999999999
252292,0.08624583333333333
252293,0.09391250000000001
252294,0.10194666666666666
252295,0.10886333333333334
252296,0.11542166666666667
252297,0.12132666666666667
252298,0.12551833333333332
252299,0.1376375
252300,0.16607916666666667
252301,0.19403
252302,0.22119583333333334
252303,0.24329666666666666
252304,0.25598666666666664
252305,0.27103416666666663
252306,0.2855908333333333
252307,0.30315
252308,0.32188916666666667
252309,0.3473558333333333
252310,0.3733283333333333
252311,0.3952541666666667
252312,0.42653416666666666
252313,0.4646625
252314,0.5014866666666666
252315,0.5201991666666667
252316,0.5389025000000001
252317,0.5592716666666667
252318,0.5824975
252319,0.6082516666666666
252320,0.6321766666666666
252321,0.6514541666666667
252322,0.6707383333333332
252323,0.6922075
252324,0.7090483333333334
252325,0.7249391666666667
252326,0.7469525
252327,0.7601558333333334
252328,0.7663158333333333
252329,0.7632441666666667
252330,0.7603583333333332
252331,0.7565558333333333
252332,0.7494200000000001
252333,0.7416683333333334
252334,0.7378408333333333
252335,0.73639
252336,0.7421291666666666
252337,0.7429608333333334
252338,0.7399133333333334
252339,0.7356208333333333
252340,0.7340575
252341,0.7327908333333333
252342,0.7316491666666668
252343,0.7287483333333334
252344,0.7283591666666667
252345,0.7263125
252346,0.7267500000000001
252347,0.7222633333333334
252348,0.7177725000000001
252349,0.7110000000000001
252350,0.7087666666666667
252351,0.7031258333333333
252352,0.7055933333333333
252353,0.7084958333333333
252354,0.7047341666666668
252355,0.703215
252356,0.7001075
252357,0.7010016666666666
252358,0.6973691666666666
252359,0.687525
252360,0.6790966666666667
252361,0.6702166666666667
252362,0.6696491666666666
252363,0.6675758333333334
252364,0.6663458333333333
252365,0.6598925
252366,0.6598683333333334
252367,0.6602933333333333
252368,0.6633391666666666
252369,0.6725183333333333
252370,0.6811466666666667
252371,0.6887558333333333
252372,0.6921591666666667
252373,0.7041791666666667
252374,0.7232075000000001
252375,0.7424083333333333
252376,0.7619491666666666
252377,0.7793016666666667
252378,0.7999233333333334
252379,0.8193291666666667
252380,0.8348408333333334
252381,0.8446224999999999
252382,0.8524216666666666
252383,0.8585558333333334
252384,0.8638708333333334
252385,0.8666658333333334
252386,0.8716075
252387,0.8754399999999999
252388,0.8790666666666667
252389,0.87596
252390,0.8717716666666667
252391,0.8667366666666666
252392,0.862435
252393,0.8558574999999998
252394,0.8482266666666667
252395,0.8379158333333333
252396,0.8286133333333334
252397,0.8241241666666667
252398,0.8205608333333333
252399,0.8178808333333334
252400,0.8152033333333333
252401,0.8099958333333334
252402,0.8068266666666667
252403,0.8024108333333333
252404,0.8054175
252405,0.8059341666666666
252406,0.8064808333333334
252407,0.8004758333333334
252408,0.8067891666666667
252409,0.8127158333333333
252410,0.8239875
252411,0.8321641666666666
252412,0.83395
252413,0.8355566666666667
252414,0.8375166666666666
252415,0.8399166666666668
252416,0.8407058333333333
252417,0.8407008333333333
252418,0.8442391666666667
252419,0.8506683333333334
252420,0.8600741666666667
252421,0.8694525
252422,0.8855216666666667
252423,0.8914083333333334
252424,0.8980341666666667
252425,0.9019541666666666
252426,0.9095375
252427,0.9185266666666667
252428,0.9260033333333334
252429,0.9316233333333332
252430,0.9370891666666666
252431,0.9452158333333334
252432,0.9519033333333333
252433,0.9522216666666666
252434,0.9487016666666667
252435,0.9447541666666667
252436,0.9412616666666666
252437,0.9379266666666667
252438,0.9335991666666666
252439,0.9287908333333333
252440,0.9239341666666667
252441,0.9187583333333333
252442,0.9141575
252443,0.9033591666666666
252444,0.8872133333333333
252445,0.8713183333333333
252446,0.8592008333333333
252447,0.8473158333333333
252448,0.8375241666666666
252449,0.8287741666666667
252450,0.8166308333333333
252451,0.811975
252452,0.8087975000000001
252453,0.8082816666666667
252454,0.8087850000000001
252455,0.8087383333333332
252456,0.8075791666666667
252457,0.8059266666666667
252458,0.8094416666666666
252459,0.8211758333333333
252460,0.832965
252461,0.8410899999999999
252462,0.8482933333333335
252463,0.8553316666666667
252464,0.8640883333333332
252465,0.8770008333333333
252466,0.8826058333333333
252467,0.8877041666666666
252468,0.8910483333333333
252469,0.8947708333333334
252470,0.8989908333333333
252471,0.9043083333333333
252472,0.9083574999999999
252473,0.9138258333333334
252474,0.9163850000000001
252475,0.9155316666666666
252476,0.901225
252477,0.8859133333333333
252478,0.872185
252479,0.8553750000000001
252480,0.8377233333333334
252481,0.8147016666666667
252482,0.7865024999999999
252483,0.7614416666666667
252484,0.739805
252485,0.7261041666666668
252486,0.7190258333333334
252487,0.7132075
252488,0.7037058333333334
252489,0.6950483333333334
252490,0.6865183333333333
252491,0.6928108333333333
252492,0.7009658333333333
252493,0.7180808333333334
252494,0.7358608333333333
252495,0.7527966666666667
252496,0.7724233333333334
252497,0.7966666666666666
252498,0.8157008333333332
252499,0.8304008333333334
252500,0.8304608333333333
252501,0.8138675
252502,0.803115
252503,0.7985458333333334
252504,0.793275
252505,0.791735
252506,0.7900566666666667
252507,0.7844825
252508,0.774175
252509,0.76444
252510,0.7578325
252511,0.7550749999999999
252512,0.7542274999999999
252513,0.7550108333333334
252514,0.7534008333333333
252515,0.7568866666666667
252516,0.7697533333333334
252517,0.7779375
252518,0.7743166666666667
252519,0.7675483333333334
252520,0.7597783333333333
252521,0.7474183333333333
252522,0.7439391666666667
252523,0.7385941666666667
252524,0.73054
252525,0.7281299999999999
252526,0.7250908333333332
252527,0.7199416666666667
252528,0.7139808333333334
252529,0.7020116666666667
252530,0.6892741666666666
252531,0.6704841666666667
252532,0.6456358333333334
252533,0.6216591666666668
252534,0.6143466666666666
252535,0.5996066666666666
252536,0.5892491666666667
252537,0.57239
252538,0.5531641666666667
252539,0.51829
252540,0.47768416666666663
252541,0.43878083333333334
252542,0.40064666666666665
252543,0.36426583333333334
252544,0.3290658333333333
252545,0.2947491666666666
252546,0.2684458333333334
252547,0.2552183333333333
252548,0.26322083333333335
252549,0.2672633333333333
252550,0.2770258333333333
252551,0.2839766666666667
252552,0.297035
252553,0.3090491666666667
252554,0.3377266666666667
252555,0.37062666666666666
252556,0.3884108333333333
252557,0.4054391666666667
252558,0.4269658333333333
252559,0.4281875
252560,0.431495
252561,0.4364641666666666
252562,0.42944250000000006
252563,0.41026833333333335
252564,0.3837641666666667
252565,0.38287750000000004
252566,0.39047166666666666
252567,0.39269916666666665
252568,0.39326500000000003
252569,0.3987141666666666
252570,0.40463999999999994
252571,0.4198175
252572,0.4347991666666667
252573,0.44307416666666666
252574,0.4775783333333334
252575,0.5113766666666667
252576,0.5415716666666667
252577,0.57555
252578,0.6076416666666666
252579,0.6395750000000001
252580,0.6520174999999999
252581,0.6543116666666667
252582,0.6514083333333333
252583,0.6468616666666667
252584,0.63452
252585,0.6120133333333333
252586,0.5912658333333334
252587,0.5742916666666668
252588,0.5644375
252589,0.5569941666666666
252590,0.5364316666666666
252591,0.5174266666666667
252592,0.4984133333333334
252593,0.47136333333333336
252594,0.4439041666666667
252595,0.41563999999999995
252596,0.38999833333333334
252597,0.3695224999999999
252598,0.35024000000000005
252599,0.3418025
252600,0.33914000000000005
252601,0.34629166666666666
252602,0.34622166666666665
252603,0.3397233333333333
252604,0.3326775
252605,0.3372133333333333
252606,0.3349925
252607,0.330275
252608,0.3354233333333333
252609,0.3402833333333333
252610,0.3428966666666666
252611,0.3446516666666667
252612,0.35111333333333333
252613,0.3576133333333333
252614,0.35497083333333335
252615,0.35307
252616,0.3454508333333334
252617,0.3409925
252618,0.3386108333333333
252619,0.333425
252620,0.3311125
252621,0.3348925
252622,0.3403491666666667
252623,0.34655833333333336
252624,0.35753500000000005
252625,0.3674566666666667
252626,0.3798125
252627,0.40160666666666667
252628,0.4301083333333333
252629,0.46129583333333335
252630,0.48454749999999996
252631,0.5061983333333333
252632,0.5332641666666667
252633,0.55901
252634,0.5867258333333333
252635,0.6130308333333333
252636,0.6443133333333333
252637,0.6733666666666667
252638,0.7014625
252639,0.723535
252640,0.7464058333333334
252641,0.7696983333333333
252642,0.782995
252643,0.7929358333333333
252644,0.8030841666666666
252645,0.818115
252646,0.8323483333333334
252647,0.8404124999999999
252648,0.8489249999999999
252649,0.8589175
252650,0.8688916666666666
252651,0.8744083333333333
252652,0.8482258333333335
252653,0.8281858333333333
252654,0.8169125
252655,0.7969624999999999
252656,0.7773975
252657,0.7593016666666667
252658,0.7453516666666666
252659,0.7276133333333333
252660,0.707745
252661,0.6919733333333333
252662,0.6805791666666666
252663,0.6658108333333334
252664,0.6516325
252665,0.63541
252666,0.6170975
252667,0.6320191666666666
252668,0.6392308333333333
252669,0.6311933333333334
252670,0.6357900000000001
252671,0.6382625
252672,0.6278533333333333
252673,0.6102466666666667
252674,0.5927216666666667
252675,0.577055
252676,0.5574641666666668
252677,0.5525108333333333
252678,0.5526025000000001
252679,0.554745
252680,0.560645
252681,0.5631233333333333
252682,0.5698666666666666
252683,0.5714266666666667
252684,0.5861000000000001
252685,0.595855
252686,0.6051625
252687,0.6304858333333333
252688,0.6595191666666665
252689,0.6769599999999999
252690,0.6880816666666667
252691,0.6989958333333334
252692,0.6926508333333333
252693,0.6947908333333334
252694,0.6943725000000001
252695,0.6746041666666667
252696,0.6592016666666667
252697,0.6335716666666666
252698,0.6146566666666666
252699,0.5852983333333334
252700,0.5547958333333333
252701,0.5282333333333333
252702,0.49521333333333334
252703,0.47284
252704,0.46591666666666665
252705,0.448715
252706,0.42950916666666666
252707,0.402175
252708,0.3634658333333334
252709,0.32351416666666666
252710,0.30171
252711,0.28046750000000004
252712,0.2679066666666667
252713,0.25201666666666667
252714,0.24026166666666668
252715,0.2376083333333333
252716,0.23203
252717,0.22525916666666668
252718,0.2034675
252719,0.17853833333333333
252720,0.16942000000000002
252721,0.16124833333333333
252722,0.1730925
252723,0.18286083333333333
252724,0.188785
252725,0.19141333333333332
252726,0.19092083333333335
252727,0.18795250000000002
252728,0.1886825
252729,0.18431083333333334
252730,0.17786000000000002
252731,0.17281083333333333
252732,0.17744666666666664
252733,0.18963
252734,0.20139416666666668
252735,0.21318916666666665
252736,0.227095
252737,0.23025666666666667
252738,0.22967166666666666
252739,0.22808166666666665
252740,0.23038916666666667
252741,0.23632083333333334
252742,0.2498433333333333
252743,0.261685
252744,0.2888175
252745,0.3110625
252746,0.33165416666666664
252747,0.343635
252748,0.3496991666666666
252749,0.35789166666666666
252750,0.3661891666666666
252751,0.3809916666666667
252752,0.39811833333333335
252753,0.4190758333333333
252754,0.4413941666666667
252755,0.4534875
252756,0.4625541666666667
252757,0.46078500000000006
252758,0.4586266666666667
252759,0.4522541666666667
252760,0.44203
252761,0.4263125
252762,0.4080391666666666
252763,0.3909175
252764,0.3769475
252765,0.36471583333333335
252766,0.34785
252767,0.32761666666666667
252768,0.31193750000000003
252769,0.29918
252770,0.29497
252771,0.2954866666666666
252772,0.29193916666666664
252773,0.2894683333333333
252774,0.27966916666666664
252775,0.27197
252776,0.2694283333333333
252777,0.2718425
252778,0.2738241666666667
252779,0.27719583333333336
252780,0.27953500000000003
252781,0.27061666666666667
252782,0.26717916666666663
252783,0.26133
252784,0.2593016666666667
252785,0.26004
252786,0.2590941666666667
252787,0.26722583333333333
252788,0.2795666666666667
252789,0.29618249999999996
252790,0.3191041666666667
252791,0.3462091666666666
252792,0.3727466666666667
252793,0.3994441666666667
252794,0.4210575
252795,0.4442675
252796,0.4782116666666667
252797,0.5073533333333333
252798,0.5358666666666667
252799,0.5647525000000001
252800,0.5974275
252801,0.6280933333333334
252802,0.6525833333333334
252803,0.6695833333333333
252804,0.6846391666666667
252805,0.6921225000000001
252806,0.695685
252807,0.7012033333333333
252808,0.7098783333333334
252809,0.7166041666666666
252810,0.7205816666666667
252811,0.7217933333333334
252812,0.7323958333333334
252813,0.7420783333333333
252814,0.7501983333333333
252815,0.7516808333333334
252816,0.7546324999999999
252817,0.7623083333333334
252818,0.7711591666666667
252819,0.780255
252820,0.7853241666666667
252821,0.7912366666666666
252822,0.7921975000000001
252823,0.7828175
252824,0.7784175
252825,0.7798441666666667
252826,0.7704016666666667
252827,0.7506841666666666
252828,0.7351458333333335
252829,0.7178483333333333
252830,0.7011533333333334
252831,0.6788358333333334
252832,0.6566908333333334
252833,0.6445358333333334
252834,0.6240308333333332
252835,0.6134633333333334
252836,0.6083583333333333
252837,0.5883733333333333
252838,0.5749608333333334
252839,0.5612983333333333
252840,0.5388391666666668
252841,0.5281675
252842,0.5109216666666667
252843,0.4860466666666667
252844,0.4633391666666667
252845,0.436915
252846,0.41531583333333333
252847,0.3918875
252848,0.36819999999999997
252849,0.3471475
252850,0.31487000000000004
252851,0.2769966666666666
252852,0.25180583333333334
252853,0.22741833333333333
252854,0.20190666666666665
252855,0.180695
252856,0.15927916666666667
252857,0.145485
252858,0.13704333333333332
252859,0.12579666666666667
252860,0.12038583333333334
252861,0.11453666666666668
252862,0.11112583333333334
252863,0.0977175
252864,0.0874175
252865,0.08484583333333333
252866,0.08200416666666667
252867,0.08316583333333333
252868,0.08353999999999999
252869,0.08427166666666666
252870,0.083285
252871,0.08117083333333333
252872,0.0812375
252873,0.08636916666666666
252874,0.09432666666666666
252875,0.10485499999999999
252876,0.11899833333333333
252877,0.13673083333333336
252878,0.15859833333333334
252879,0.18812916666666668
252880,0.22290166666666664
252881,0.2645675
252882,0.30739
252883,0.34769833333333333
252884,0.38966833333333334
252885,0.4328866666666667
252886,0.47971583333333334
252887,0.5252866666666667
252888,0.5649716666666666
252889,0.6022341666666667
252890,0.6348891666666667
252891,0.6613916666666667
252892,0.6810316666666666
252893,0.7017725
252894,0.7148341666666667
252895,0.7186908333333333
252896,0.71748
252897,0.7129416666666668
252898,0.7123608333333334
252899,0.6997300000000001
252900,0.682115
252901,0.6601433333333334
252902,0.6372741666666666
252903,0.6142891666666668
252904,0.5825600000000001
252905,0.5532683333333334
252906,0.5300641666666667
252907,0.5087433333333333
252908,0.4834533333333333
252909,0.4603141666666667
252910,0.4425983333333333
252911,0.42058749999999995
252912,0.3997408333333333
252913,0.38311166666666663
252914,0.3773
252915,0.3759075
252916,0.3741825
252917,0.37236583333333334
252918,0.37235083333333335
252919,0.38684250000000003
252920,0.39809583333333337
252921,0.40793
252922,0.4072058333333333
252923,0.41927416666666667
252924,0.42818666666666666
252925,0.4341658333333333
252926,0.4368741666666667
252927,0.4506666666666667
252928,0.452335
252929,0.44832333333333335
252930,0.4465983333333333
252931,0.44131333333333334
252932,0.4351775
252933,0.4164016666666666
252934,0.39225583333333336
252935,0.36918666666666666
252936,0.34828916666666665
252937,0.33724666666666664
252938,0.3158283333333334
252939,0.29470583333333333
252940,0.27262083333333337
252941,0.2561483333333333
252942,0.234765
252943,0.22126166666666663
252944,0.21193916666666668
252945,0.20690333333333336
252946,0.20902333333333337
252947,0.21372
252948,0.22658166666666665
252949,0.24130833333333335
252950,0.25637166666666666
252951,0.272055
252952,0.29712
252953,0.32598
252954,0.35419
252955,0.3849708333333333
252956,0.41511250000000005
252957,0.43574833333333335
252958,0.45855083333333335
252959,0.4806566666666667
252960,0.49990666666666667
252961,0.5184141666666666
252962,0.5405441666666666
252963,0.5667508333333333
252964,0.5929916666666666
252965,0.6181583333333334
252966,0.6375791666666667
252967,0.6435225
252968,0.6444058333333333
252969,0.6447725000000001
252970,0.6429508333333334
252971,0.6406266666666666
252972,0.638645
252973,0.6299833333333333
252974,0.6209375
252975,0.6119908333333333
252976,0.6036583333333334
252977,0.5914166666666668
252978,0.5808916666666667
252979,0.5707000000000001
252980,0.5608325
252981,0.5488858333333333
252982,0.54049
252983,0.5282766666666666
252984,0.5298125
252985,0.5326175000000001
252986,0.5415783333333334
252987,0.5457775
252988,0.55453
252989,0.5669975
252990,0.5727025
252991,0.5733466666666668
252992,0.5726125
252993,0.56687
252994,0.5398133333333334
252995,0.5136658333333334
252996,0.4914875
252997,0.46909416666666665
252998,0.4509708333333334
252999,0.4218275
253000,0.39754666666666666
253001,0.3667183333333333
253002,0.34528166666666665
253003,0.3255125
253004,0.32464666666666664
253005,0.3308708333333333
253006,0.33814666666666665
253007,0.34141083333333333
253008,0.34709
253009,0.36770833333333336
253010,0.3880575
253011,0.4076708333333333
253012,0.43220416666666667
253013,0.4573491666666667
253014,0.48055749999999997
253015,0.49792333333333333
253016,0.5153658333333333
253017,0.5311808333333333
253018,0.5457916666666667
253019,0.5412733333333333
253020,0.5344300000000001
253021,0.539895
253022,0.5500091666666667
253023,0.5605916666666667
253024,0.5788475000000001
253025,0.5996825
253026,0.6223425
253027,0.6427033333333334
253028,0.6598358333333334
253029,0.68171
253030,0.7053949999999999
253031,0.7311875000000001
253032,0.7563191666666668
253033,0.77765
253034,0.7960175
253035,0.8087275
253036,0.8081991666666666
253037,0.8044375
253038,0.8007841666666666
253039,0.7918
253040,0.7783425
253041,0.7610875
253042,0.7350008333333332
253043,0.7065116666666668
253044,0.6729616666666666
253045,0.6347725000000001
253046,0.5916283333333333
253047,0.5545108333333333
253048,0.52052
253049,0.4926775
253050,0.47198749999999995
253051,0.45352833333333337
253052,0.43454916666666665
253053,0.4182408333333333
253054,0.3967575
253055,0.3790616666666667
253056,0.36138666666666663
253057,0.35531166666666664
253058,0.35430666666666666
253059,0.354725
253060,0.3572533333333333
253061,0.3644425
253062,0.36436166666666664
253063,0.3605441666666666
253064,0.35630333333333336
253065,0.353095
253066,0.3479891666666667
253067,0.34067083333333337
253068,0.3301625
253069,0.32495
253070,0.3213233333333333
253071,0.3237891666666667
253072,0.32931166666666667
253073,0.33072083333333335
253074,0.3353616666666666
253075,0.34088083333333336
253076,0.34482166666666664
253077,0.35161749999999997
253078,0.3543816666666667
253079,0.3432458333333333
253080,0.3361841666666667
253081,0.32594249999999997
253082,0.3200208333333333
253083,0.3095866666666666
253084,0.3012016666666667
253085,0.28501166666666666
253086,0.2647816666666667
253087,0.2387275
253088,0.21749999999999997
253089,0.19719916666666665
253090,0.17849416666666668
253091,0.16108166666666668
253092,0.14172500000000002
253093,0.13072666666666669
253094,0.1307675
253095,0.12252333333333333
253096,0.12141333333333333
253097,0.11772333333333333
253098,0.12047166666666669
253099,0.12136999999999999
253100,0.12416166666666667
253101,0.12619583333333334
253102,0.12649166666666667
253103,0.12607416666666665
253104,0.12239749999999999
253105,0.11866666666666666
253106,0.11396083333333333
253107,0.1120675
253108,0.11055083333333333
253109,0.10532
253110,0.11678666666666665
253111,0.13031416666666668
253112,0.14765666666666669
253113,0.16638416666666664
253114,0.1861925
253115,0.2074075
253116,0.22918666666666668
253117,0.2457
253118,0.2611616666666667
253119,0.27610833333333334
253120,0.28853249999999997
253121,0.30173583333333326
253122,0.3123166666666667
253123,0.32126
253124,0.3317933333333334
253125,0.3283691666666667
253126,0.3245283333333333
253127,0.317165
253128,0.30824583333333333
253129,0.298165
253130,0.28828916666666665
253131,0.27788583333333333
253132,0.2781875
253133,0.2775433333333333
253134,0.27560666666666667
253135,0.2751166666666667
253136,0.2712525
253137,0.2691925
253138,0.26659666666666665
253139,0.2644266666666667
253140,0.261385
253141,0.25580083333333337
253142,0.25269166666666665
253143,0.2500833333333333
253144,0.2529875
253145,0.2535941666666667
253146,0.2446458333333333
253147,0.23089083333333335
253148,0.21654250000000003
253149,0.2043225
253150,0.19117833333333334
253151,0.1806583333333333
253152,0.16926333333333332
253153,0.15775499999999998
253154,0.1478175
253155,0.13586333333333334
253156,0.123015
253157,0.10921083333333333
253158,0.09431250000000001
253159,0.07963499999999998
253160,0.06924166666666667
253161,0.06744916666666666
253162,0.0714875
253163,0.07921916666666666
253164,0.08827166666666666
253165,0.09764750000000001
253166,0.10773916666666666
253167,0.11733083333333334
253168,0.12956583333333332
253169,0.13491
253170,0.14430833333333334
253171,0.15333333333333332
253172,0.16861333333333337
253173,0.1867875
253174,0.20100750000000003
253175,0.2172683333333333
253176,0.23620333333333335
253177,0.2503083333333333
253178,0.2674708333333333
253179,0.287195
253180,0.30879749999999995
253181,0.3297758333333333
253182,0.34874166666666667
253183,0.375845
253184,0.41124166666666667
253185,0.4436641666666667
253186,0.47833166666666666
253187,0.506895
253188,0.5320133333333333
253189,0.5534233333333333
253190,0.5707266666666667
253191,0.5862641666666666
253192,0.601075
253193,0.6109241666666667
253194,0.6111025
253195,0.5984925
253196,0.5901158333333334
253197,0.5864258333333333
253198,0.5683583333333334
253199,0.540625
253200,0.5169841666666667
253201,0.4914358333333333
253202,0.46722749999999996
253203,0.45504
253204,0.44129000000000007
253205,0.4246183333333333
253206,0.41310916666666664
253207,0.3891733333333333
253208,0.3694433333333333
253209,0.3694733333333334
253210,0.37961500000000004
253211,0.37508416666666666
253212,0.37026749999999997
253213,0.3745783333333333
253214,0.385875
253215,0.3845841666666666
253216,0.3848475
253217,0.3840591666666667
253218,0.365845
253219,0.34634249999999994
253220,0.3311766666666667
253221,0.30786916666666664
253222,0.29546083333333334
253223,0.2794566666666667
253224,0.24958166666666667
253225,0.22212416666666665
253226,0.20552916666666665
253227,0.1868075
253228,0.1647858333333333
253229,0.14291583333333333
253230,0.13120666666666667
253231,0.11940583333333335
253232,0.10499
253233,0.097635
253234,0.0948925
253235,0.09161083333333334
253236,0.0915175
253237,0.09505083333333333
253238,0.09904583333333333
253239,0.10420750000000001
253240,0.11026749999999999
253241,0.12066166666666667
253242,0.13584
253243,0.15072833333333333
253244,0.1603816666666667
253245,0.16636333333333334
253246,0.16848166666666667
253247,0.17378749999999998
253248,0.17717833333333335
253249,0.18022833333333332
253250,0.18039416666666666
253251,0.18111333333333332
253252,0.17625083333333333
253253,0.17005833333333334
253254,0.1638258333333333
253255,0.15740083333333335
253256,0.14953083333333334
253257,0.13585416666666666
253258,0.122985
253259,0.11493083333333334
253260,0.10941083333333333
253261,0.10788083333333334
253262,0.10738166666666667
253263,0.1064625
253264,0.10920500000000001
253265,0.11763333333333333
253266,0.12699833333333332
253267,0.13955083333333332
253268,0.1515575
253269,0.16164833333333334
253270,0.16917250000000003
253271,0.1777175
253272,0.18111916666666664
253273,0.18519750000000001
253274,0.18648666666666666
253275,0.1846175
253276,0.18449416666666665
253277,0.18086166666666664
253278,0.17979416666666664
253279,0.17719666666666667
253280,0.17368916666666667
253281,0.17021416666666667
253282,0.16716666666666669
253283,0.16363416666666666
253284,0.16793833333333333
253285,0.18074833333333332
253286,0.19825166666666666
253287,0.22973416666666668
253288,0.264255
253289,0.3058875
253290,0.35157666666666665
253291,0.39304916666666667
253292,0.4394716666666667
253293,0.4817708333333333
253294,0.5310008333333333
253295,0.5793608333333334
253296,0.6267558333333334
253297,0.6769541666666667
253298,0.7299058333333334
253299,0.7740716666666667
253300,0.8108349999999999
253301,0.8379475
253302,0.8540175
253303,0.8549116666666666
253304,0.84629
253305,0.8338908333333334
253306,0.8262833333333334
253307,0.8133241666666666
253308,0.8029425000000001
253309,0.7766816666666667
253310,0.746895
253311,0.7157775
253312,0.6730891666666666
253313,0.6319108333333332
253314,0.5896116666666666
253315,0.5444150000000001
253316,0.4937383333333333
253317,0.4450783333333333
253318,0.4069008333333334
253319,0.3817508333333333
253320,0.3636541666666667
253321,0.34291083333333333
253322,0.3252383333333333
253323,0.30771000000000004
253324,0.305085
253325,0.3059275
253326,0.31513166666666664
253327,0.3328083333333333
253328,0.35210833333333336
253329,0.3763208333333333
253330,0.40553750000000005
253331,0.43305750000000004
253332,0.4612375
253333,0.48888916666666665
253334,0.5088491666666667
253335,0.5304966666666667
253336,0.5587291666666666
253337,0.5875199999999999
253338,0.6150066666666667
253339,0.6415275
253340,0.6705725
253341,0.6952758333333333
253342,0.72089
253343,0.7429208333333334
253344,0.7628083333333333
253345,0.7804625000000001
253346,0.8071116666666666
253347,0.8348033333333333
253348,0.8618566666666667
253349,0.8890041666666666
253350,0.9096791666666667
253351,0.9228500000000001
253352,0.93403
253353,0.9447108333333333
253354,0.94725
253355,0.9396191666666667
253356,0.9272658333333333
253357,0.9161958333333333
253358,0.8934483333333333
253359,0.8669025
253360,0.833615
253361,0.7900433333333333
253362,0.7453808333333334
253363,0.6969358333333333
253364,0.6469275
253365,0.5949508333333333
253366,0.53909
253367,0.4823441666666667
253368,0.42761
253369,0.37644583333333337
253370,0.33296749999999997
253371,0.2911883333333333
253372,0.245905
253373,0.21076166666666662
253374,0.17872749999999998
253375,0.15384083333333334
253376,0.13877
253377,0.12564833333333333
253378,0.116025
253379,0.10749333333333334
253380,0.09894166666666668
253381,0.09445833333333334
253382,0.09121749999999999
253383,0.09157
253384,0.09107249999999999
253385,0.08880333333333333
253386,0.08536666666666666
253387,0.08520499999999999
253388,0.08718916666666666
253389,0.09090833333333334
253390,0.088515
253391,0.08838916666666667
253392,0.08770982142857144
253393,0.08762211538461538
253394,0.087959375
253395,0.09095
253396,0.09393875000000002
253397,0.09742500000000001
253398,0.093759375
253399,0.4790671875
253400,0.48482638888888885
253401,0.46934250000000005
253402,0.4685988636363636
253403,0.4805875
253404,0.49120192307692306
253405,0.5086089285714286
253406,0.5254833333333333
253407,0.5704483333333333
253408,0.5951741666666667
253409,0.6169966666666667
253410,0.62899
253411,0.6341841666666667
253412,0.6325733333333333
253413,0.6247833333333334
253414,0.6211808333333333
253415,0.6188941666666667
253416,0.6347933333333333
253417,0.6407991666666667
253418,0.6377025000000001
253419,0.6337816666666668
253420,0.6114566666666666
253421,0.5875350000000001
253422,0.5709483333333334
253423,0.5550083333333333
253424,0.5528375000000001
253425,0.5426916666666666
253426,0.54021
253427,0.5464199999999999
253428,0.5493508333333333
253429,0.5538233333333333
253430,0.5638616666666666
253431,0.5699766666666667
253432,0.5757183333333333
253433,0.5796658333333333
253434,0.581395
253435,0.59522
253436,0.6098366666666666
253437,0.6159833333333332
253438,0.6207233333333334
253439,0.6128875
253440,0.6122391666666668
253441,0.6066149999999999
253442,0.5908391666666667
253443,0.5850766666666666
253444,0.5769666666666667
253445,0.5658483333333333
253446,0.5573766666666666
253447,0.5595983333333333
253448,0.5604033333333333
253449,0.5602983333333333
253450,0.5591391666666666
253451,0.5570333333333333
253452,0.56084
253453,0.5558258333333334
253454,0.5507650000000001
253455,0.5446758333333334
253456,0.5478658333333333
253457,0.5559933333333333
253458,0.5629033333333333
253459,0.5735966666666668
253460,0.5818233333333335
253461,0.5921566666666667
253462,0.5961816666666667
253463,0.602105
253464,0.6075333333333334
253465,0.6137383333333334
253466,0.6211216666666667
253467,0.6241183333333333
253468,0.635185
253469,0.6433466666666666
253470,0.6515350000000001
253471,0.6514574999999999
253472,0.6438008333333334
253473,0.63594
253474,0.6269500000000001
253475,0.6272666666666666
253476,0.6241216666666667
253477,0.6190058333333333
253478,0.6160658333333334
253479,0.6235774999999999
253480,0.6242841666666668
253481,0.625055
253482,0.6258724999999999
253483,0.6269041666666666
253484,0.6301258333333333
253485,0.6357883333333334
253486,0.6393958333333334
253487,0.6511466666666668
253488,0.661405
253489,0.6714616666666667
253490,0.6743083333333334
253491,0.6747783333333334
253492,0.6733825000000001
253493,0.6689241666666667
253494,0.6585958333333334
253495,0.6509366666666666
253496,0.6440108333333332
253497,0.635905
253498,0.6379283333333333
253499,0.6453616666666667
253500,0.6527791666666667
253501,0.6638266666666667
253502,0.67443
253503,0.6886025
253504,0.7025933333333333
253505,0.7140783333333334
253506,0.7253141666666667
253507,0.7350141666666665
253508,0.7462058333333333
253509,0.7563941666666666
253510,0.7686933333333333
253511,0.7733208333333332
253512,0.7820816666666666
253513,0.7781241666666666
253514,0.7707816666666666
253515,0.7594316666666666
253516,0.745745
253517,0.7339033333333335
253518,0.7196458333333333
253519,0.7101783333333334
253520,0.7039799999999999
253521,0.6994083333333333
253522,0.6982841666666667
253523,0.6946674999999999
253524,0.6895433333333334
253525,0.6815041666666667
253526,0.6753216666666667
253527,0.6648166666666667
253528,0.652325
253529,0.6356816666666667
253530,0.6175216666666666
253531,0.6009358333333332
253532,0.5834791666666667
253533,0.5617483333333334
253534,0.5398
253535,0.5205641666666667
253536,0.49989666666666666
253537,0.47897333333333336
253538,0.4599316666666667
253539,0.45223083333333336
253540,0.455165
253541,0.4664483333333333
253542,0.4809425
253543,0.5007725
253544,0.5237633333333334
253545,0.5433358333333334
253546,0.5613841666666666
253547,0.5778158333333334
253548,0.5898350000000001
253549,0.5967225
253550,0.5985116666666667
253551,0.6111666666666665
253552,0.6228083333333333
253553,0.6350208333333334
253554,0.6419283333333332
253555,0.6409925
253556,0.6362258333333333
253557,0.6293741666666666
253558,0.62307
253559,0.6208541666666666
253560,0.6248858333333334
253561,0.6274466666666668
253562,0.629805
253563,0.6307441666666667
253564,0.6366358333333333
253565,0.6484766666666667
253566,0.6494933333333334
253567,0.6550308333333333
253568,0.6635399999999999
253569,0.6673650000000001
253570,0.6746708333333334
253571,0.6817624999999999
253572,0.6883425
253573,0.6933083333333333
253574,0.6938841666666667
253575,0.6945658333333333
253576,0.700195
253577,0.7060058333333333
253578,0.7234274999999999
253579,0.7265166666666667
253580,0.7175316666666667
253581,0.7124441666666667
253582,0.6974125
253583,0.6777558333333334
253584,0.6605441666666666
253585,0.6369766666666666
253586,0.6074416666666667
253587,0.5802750000000001
253588,0.5538208333333333
253589,0.5214325
253590,0.5001908333333334
253591,0.475695
253592,0.45097583333333335
253593,0.42584
253594,0.40769333333333335
253595,0.3976083333333333
253596,0.3847175
253597,0.37433833333333333
253598,0.36583166666666667
253599,0.35254166666666664
253600,0.33794083333333336
253601,0.3290983333333334
253602,0.3155
253603,0.3010225
253604,0.29372666666666664
253605,0.27647750000000004
253606,0.2588416666666667
253607,0.2431575
253608,0.231035
253609,0.22287916666666666
253610,0.2197375
253611,0.2173941666666667
253612,0.21816416666666666
253613,0.21866999999999998
253614,0.2247883333333333
253615,0.23865416666666667
253616,0.2545441666666667
253617,0.28039249999999993
253618,0.31021249999999995
253619,0.34661833333333336
253620,0.3815841666666666
253621,0.4171125
253622,0.45125083333333327
253623,0.47793583333333334
253624,0.5073291666666667
253625,0.5311933333333333
253626,0.5512358333333333
253627,0.5727224999999999
253628,0.5934933333333333
253629,0.6088141666666667
253630,0.6125908333333333
253631,0.6148766666666667
253632,0.6148508333333333
253633,0.6049033333333332
253634,0.5903116666666667
253635,0.5796141666666668
253636,0.5690466666666667
253637,0.5649625
253638,0.5694908333333333
253639,0.5735858333333332
253640,0.5816250000000001
253641,0.5945041666666667
253642,0.6039283333333334
253643,0.6110375
253644,0.6172833333333333
253645,0.6312791666666666
253646,0.6458608333333333
253647,0.6563925
253648,0.6832458333333334
253649,0.7074174999999999
253650,0.731915
253651,0.7552625000000001
253652,0.7729066666666667
253653,0.7841525
253654,0.7887058333333333
253655,0.7865408333333334
253656,0.7814816666666666
253657,0.7784133333333333
253658,0.7789425
253659,0.7825358333333333
253660,0.78895
253661,0.7964841666666668
253662,0.8013708333333334
253663,0.7972983333333333
253664,0.7965850000000001
253665,0.7944816666666666
253666,0.7946691666666666
253667,0.7935825
253668,0.7919241666666665
253669,0.7897183333333333
253670,0.7918216666666666
253671,0.7916900000000001
253672,0.7961950000000001
253673,0.8011608333333332
253674,0.8070591666666667
253675,0.8118941666666667
253676,0.8132483333333334
253677,0.8151616666666667
253678,0.817345
253679,0.8106766666666665
253680,0.8004
253681,0.7878208333333333
253682,0.7799774999999999
253683,0.7741325000000001
253684,0.7422683333333333
253685,0.7079783333333334
253686,0.6771333333333334
253687,0.6387708333333333
253688,0.5967141666666667
253689,0.5555633333333334
253690,0.5142008333333333
253691,0.47215749999999995
253692,0.44009
253693,0.40562416666666673
253694,0.37953749999999997
253695,0.3644716666666667
253696,0.3482241666666666
253697,0.33027500000000004
253698,0.3114016666666667
253699,0.318265
253700,0.3288341666666667
253701,0.3424641666666667
253702,0.36082000000000003
253703,0.3859033333333333
253704,0.4128933333333333
253705,0.4465383333333333
253706,0.4839991666666667
253707,0.5147716666666667
253708,0.5472741666666666
253709,0.5761783333333333
253710,0.5954849999999999
253711,0.6227041666666666
253712,0.6520075
253713,0.6789341666666666
253714,0.7093433333333332
253715,0.7359791666666667
253716,0.757075
253717,0.7740741666666666
253718,0.7888416666666667
253719,0.8027116666666667
253720,0.8120075
253721,0.8203316666666667
253722,0.826545
253723,0.8321216666666668
253724,0.8377783333333333
253725,0.8445800000000001
253726,0.8481033333333333
253727,0.8476458333333333
253728,0.8449916666666667
253729,0.8374783333333334
253730,0.8291566666666667
253731,0.8261425
253732,0.8273291666666668
253733,0.8279291666666667
253734,0.8264158333333333
253735,0.8219816666666666
253736,0.8191016666666667
253737,0.8139733333333333
253738,0.8115708333333334
253739,0.808715
253740,0.8124491666666667
253741,0.8113633333333332
253742,0.8062183333333334
253743,0.8046091666666667
253744,0.7904724999999999
253745,0.7792125
253746,0.7637416666666667
253747,0.7417125000000001
253748,0.71478
253749,0.6909475
253750,0.6615308333333334
253751,0.6270533333333332
253752,0.5977133333333333
253753,0.56956
253754,0.5441991666666667
253755,0.5121091666666667
253756,0.48306583333333336
253757,0.4641016666666667
253758,0.4430766666666667
253759,0.4402608333333333
253760,0.43456500000000003
253761,0.4276375
253762,0.4247408333333334
253763,0.4294766666666667
253764,0.4368316666666666
253765,0.4480566666666667
253766,0.4632941666666667
253767,0.4764583333333333
253768,0.48804083333333337
253769,0.49078083333333333
253770,0.4930116666666667
253771,0.4950141666666667
253772,0.49129166666666674
253773,0.49760916666666666
253774,0.49663666666666667
253775,0.5042641666666667
253776,0.5044233333333333
253777,0.50872
253778,0.5094283333333334
253779,0.5109858333333334
253780,0.5044808333333334
253781,0.49757583333333333
253782,0.4942266666666667
253783,0.48776083333333337
253784,0.4930108333333333
253785,0.499
253786,0.5173783333333334
253787,0.5361108333333333
253788,0.5469591666666667
253789,0.5624874999999999
253790,0.5690899999999999
253791,0.585545
253792,0.5961025
253793,0.6026166666666666
253794,0.5927925
253795,0.591
253796,0.5869116666666666
253797,0.5771350000000001
253798,0.5666899999999999
253799,0.5520391666666666
253800,0.5340791666666667
253801,0.50705
253802,0.480225
253803,0.45378833333333335
253804,0.42504333333333333
253805,0.39755666666666667
253806,0.3724483333333334
253807,0.35349749999999996
253808,0.33616250000000003
253809,0.32639666666666667
253810,0.3122391666666667
253811,0.3008308333333333
253812,0.29368333333333335
253813,0.2917958333333333
253814,0.2880225
253815,0.2840816666666666
253816,0.2740066666666667
253817,0.26682833333333333
253818,0.2573875
253819,0.25087666666666664
253820,0.24730083333333336
253821,0.2429833333333333
253822,0.23747916666666666
253823,0.23765833333333333
253824,0.23579250000000002
253825,0.24264333333333335
253826,0.24230000000000002
253827,0.238125
253828,0.22575916666666668
253829,0.21470499999999998
253830,0.20620249999999998
253831,0.20027583333333332
253832,0.19005166666666667
253833,0.18552000000000002
253834,0.17972166666666667
253835,0.173035
253836,0.16448333333333334
253837,0.15367666666666666
253838,0.13873333333333332
253839,0.1283475
253840,0.11504833333333334
253841,0.10831833333333334
253842,0.10496333333333334
253843,0.10457999999999999
253844,0.104815
253845,0.11348416666666666
253846,0.12196583333333333
253847,0.12505416666666666
253848,0.1250775
253849,0.12935916666666666
253850,0.13425833333333334
253851,0.141085
253852,0.14530666666666667
253853,0.15274666666666667
253854,0.15441166666666667
253855,0.1572625
253856,0.15790583333333333
253857,0.1642541666666667
253858,0.16944166666666668
253859,0.18979916666666666
253860,0.21160000000000004
253861,0.23440333333333332
253862,0.2606033333333333
253863,0.28121083333333335
253864,0.2990466666666666
253865,0.3206008333333334
253866,0.3415608333333333
253867,0.3718325
253868,0.4016716666666666
253869,0.44111749999999994
253870,0.47603833333333334
253871,0.516355
253872,0.5510883333333333
253873,0.5911658333333333
253874,0.6216533333333333
253875,0.6442033333333332
253876,0.6656941666666666
253877,0.6898475000000001
253878,0.7194741666666666
253879,0.7509049999999999
253880,0.7739375000000001
253881,0.7936858333333333
253882,0.8094108333333332
253883,0.8211791666666667
253884,0.8224758333333333
253885,0.8262308333333334
253886,0.8333333333333334
253887,0.837975
253888,0.843115
253889,0.843035
253890,0.8404283333333334
253891,0.8397841666666667
253892,0.8350625
253893,0.8311449999999999
253894,0.8260283333333334
253895,0.8236624999999999
253896,0.8200416666666667
253897,0.8141933333333334
253898,0.8096274999999999
253899,0.8026116666666667
253900,0.7994958333333333
253901,0.7899975
253902,0.7787775
253903,0.7650841666666667
253904,0.7532691666666668
253905,0.7430241666666666
253906,0.7285874999999999
253907,0.7216341666666666
253908,0.71388
253909,0.706
253910,0.6924441666666666
253911,0.6753750000000001
253912,0.6634433333333333
253913,0.6548591666666667
253914,0.6549200000000001
253915,0.6545566666666667
253916,0.6620216666666666
253917,0.6666583333333332
253918,0.6745958333333334
253919,0.6840491666666666
253920,0.6950125
253921,0.710795
253922,0.7269950000000001
253923,0.7444741666666667
253924,0.7629900000000001
253925,0.7869124999999999
253926,0.8173783333333333
253927,0.8424958333333333
253928,0.8646383333333333
253929,0.8870283333333333
253930,0.9077616666666667
253931,0.9194058333333334
253932,0.9365383333333334
253933,0.9500858333333333
253934,0.9604758333333334
253935,0.9695258333333334
253936,0.9765591666666666
253937,0.9800883333333333
253938,0.9821425
253939,0.98409
253940,0.9856025
253941,0.9867725
253942,0.9875458333333333
253943,0.9880416666666668
253944,0.9878266666666667
253945,0.9870708333333333
253946,0.9856991666666667
253947,0.9838625000000001
253948,0.98137
253949,0.9768024999999999
253950,0.9720675
253951,0.9688583333333334
253952,0.9637983333333333
253953,0.9575933333333333
253954,0.9505133333333333
253955,0.941145
253956,0.929095
253957,0.9198958333333334
253958,0.9114599999999999
253959,0.9006966666666666
253960,0.8938616666666667
253961,0.8883008333333333
253962,0.8808183333333334
253963,0.8733108333333334
253964,0.8682591666666667
253965,0.8560033333333333
253966,0.833705
253967,0.815615
253968,0.7854691666666668
253969,0.7581116666666666
253970,0.7354166666666667
253971,0.7145966666666667
253972,0.6831733333333333
253973,0.6490091666666667
253974,0.6129308333333334
253975,0.5728766666666666
253976,0.52939
253977,0.4840283333333334
253978,0.4353758333333333
253979,0.38599833333333333
253980,0.34345333333333333
253981,0.3082891666666666
253982,0.2704708333333333
253983,0.2486425
253984,0.22542083333333332
253985,0.1988883333333333
253986,0.17826416666666667
253987,0.164975
253988,0.15070583333333332
253989,0.1431375
253990,0.13495333333333334
253991,0.13064416666666664
253992,0.13477166666666665
253993,0.1440641666666667
253994,0.15461833333333333
253995,0.1606825
253996,0.17872083333333333
253997,0.20120499999999997
253998,0.20962583333333334
253999,0.21493666666666664
254000,0.22030333333333332
254001,0.21943416666666668
254002,0.21885666666666664
254003,0.22236833333333333
254004,0.22624083333333334
254005,0.2249275
254006,0.22101
254007,0.21089333333333335
254008,0.198935
254009,0.18677083333333336
254010,0.18016
254011,0.16292333333333334
254012,0.14170249999999998
254013,0.13081083333333335
254014,0.12199166666666666
254015,0.11571333333333333
254016,0.11071666666666667
254017,0.1040025
254018,0.09510333333333333
254019,0.08697833333333334
254020,0.08374833333333333
254021,0.08159083333333332
254022,0.08376750000000001
254023,0.08600000000000001
254024,0.09001750000000001
254025,0.10144250000000002
254026,0.11716
254027,0.13201666666666664
254028,0.15072166666666667
254029,0.17721749999999997
254030,0.20085500000000003
254031,0.23007583333333334
254032,0.280105
254033,0.33148
254034,0.3789758333333334
254035,0.42785
254036,0.4812208333333334
254037,0.5334191666666667
254038,0.5815199999999999
254039,0.6294641666666667
254040,0.6706708333333332
254041,0.7098591666666667
254042,0.7498458333333334
254043,0.7903475
254044,0.8236891666666666
254045,0.8586333333333334
254046,0.8876558333333333
254047,0.8987291666666667
254048,0.9096783333333334
254049,0.9212816666666667
254050,0.9327708333333333
254051,0.9402325
254052,0.9462508333333334
254053,0.9568600000000002
254054,0.9653491666666666
254055,0.9723200000000001
254056,0.9764016666666666
254057,0.963735
254058,0.9489758333333334
254059,0.9220791666666667
254060,0.8886000000000001
254061,0.8476625000000001
254062,0.7965275
254063,0.7485116666666667
254064,0.6898283333333333
254065,0.6295891666666668
254066,0.5695516666666668
254067,0.5090533333333334
254068,0.44530416666666667
254069,0.38201250000000003
254070,0.31831250000000005
254071,0.2550941666666667
254072,0.2087841666666667
254073,0.16136416666666664
254074,0.12615583333333333
254075,0.09693666666666667
254076,0.07750750000000001
254077,0.06728916666666666
254078,0.0562
254079,0.054385
254080,0.05488083333333333
254081,0.05629333333333333
254082,0.07221166666666666
254083,0.09328249999999999
254084,0.11544666666666667
254085,0.14639083333333333
254086,0.17792416666666666
254087,0.20235750000000002
254088,0.22700583333333332
254089,0.252635
254090,0.2777675
254091,0.3063566666666667
254092,0.3412766666666667
254093,0.3720333333333334
254094,0.40828416666666667
254095,0.44103250000000005
254096,0.4725225
254097,0.4899233333333333
254098,0.5102741666666667
254099,0.53359
254100,0.5490875000000001
254101,0.5628449999999999
254102,0.5818633333333333
254103,0.5999125
254104,0.6180175000000001
254105,0.6380149999999999
254106,0.6506816666666667
254107,0.65393
254108,0.6562775
254109,0.6543650000000001
254110,0.6548791666666667
254111,0.6547116666666667
254112,0.6521616666666666
254113,0.6434425
254114,0.629225
254115,0.6111675
254116,0.5951091666666667
254117,0.5882625000000001
254118,0.5746375
254119,0.5550816666666666
254120,0.5338808333333332
254121,0.5202983333333333
254122,0.5066516666666667
254123,0.49482166666666666
254124,0.4836316666666667
254125,0.46800916666666664
254126,0.4566675
254127,0.45342750000000004
254128,0.45032333333333335
254129,0.4519883333333333
254130,0.461565
254131,0.46210166666666663
254132,0.44661750000000006
254133,0.4352441666666667
254134,0.42694
254135,0.4164075
254136,0.40081333333333335
254137,0.3838125
254138,0.36562833333333333
254139,0.3457641666666666
254140,0.33084583333333334
254141,0.3126175
254142,0.2869933333333333
254143,0.26320083333333333
254144,0.2348241666666667
254145,0.20402333333333333
254146,0.18194499999999997
254147,0.16817500000000002
254148,0.1629625
254149,0.15339916666666664
254150,0.14992833333333336
254151,0.1395875
254152,0.13593666666666668
254153,0.14827916666666666
254154,0.1634525
254155,0.17923916666666664
254156,0.19127
254157,0.20133916666666665
254158,0.2098408333333333
254159,0.21946333333333332
254160,0.22998666666666664
254161,0.23763833333333334
254162,0.2516716666666666
254163,0.25852499999999995
254164,0.2820008333333333
254165,0.30452250000000003
254166,0.33711416666666666
254167,0.36598250000000004
254168,0.382745
254169,0.3996816666666667
254170,0.41692250000000003
254171,0.4439291666666667
254172,0.47680416666666664
254173,0.5125458333333334
254174,0.5477908333333333
254175,0.5816916666666666
254176,0.6158091666666666
254177,0.6449108333333332
254178,0.6581616666666666
254179,0.6586099999999999
254180,0.6558941666666667
254181,0.6378533333333334
254182,0.6213383333333334
254183,0.6046033333333333
254184,0.5873216666666666
254185,0.5650808333333333
254186,0.5339466666666667
254187,0.5016191666666667
254188,0.46650749999999996
254189,0.4288433333333333
254190,0.3865783333333333
254191,0.35028333333333334
254192,0.31299
254193,0.2954625
254194,0.27849916666666663
254195,0.266785
254196,0.265705
254197,0.25981666666666664
254198,0.25106666666666666
254199,0.23777916666666668
254200,0.22862166666666667
254201,0.22281416666666667
254202,0.2191975
254203,0.2224125
254204,0.22656333333333334
254205,0.23557166666666665
254206,0.24449083333333332
254207,0.2609766666666667
254208,0.29370999999999997
254209,0.32669333333333334
254210,0.3521058333333333
254211,0.3724908333333333
254212,0.3945733333333334
254213,0.41516416666666667
254214,0.4414825
254215,0.46483083333333336
254216,0.4929141666666667
254217,0.5183658333333333
254218,0.533365
254219,0.5470166666666666
254220,0.5582866666666667
254221,0.569215
254222,0.5771408333333333
254223,0.5695516666666667
254224,0.5630333333333333
254225,0.5615291666666666
254226,0.5656908333333334
254227,0.5687374999999999
254228,0.575105
254229,0.5759391666666667
254230,0.5813450000000001
254231,0.5838583333333334
254232,0.5861149999999999
254233,0.5714250000000001
254234,0.5590025
254235,0.5486166666666666
254236,0.53588
254237,0.5241241666666666
254238,0.5097383333333333
254239,0.49385999999999997
254240,0.47591916666666667
254241,0.4568508333333333
254242,0.4403616666666667
254243,0.4239741666666667
254244,0.40928
254245,0.3947816666666667
254246,0.37942750000000003
254247,0.3602375
254248,0.36306
254249,0.36199166666666666
254250,0.3564158333333333
254251,0.3499508333333334
254252,0.33803833333333333
254253,0.32743333333333335
254254,0.3140291666666667
254255,0.29697833333333334
254256,0.281685
254257,0.268065
254258,0.2565733333333334
254259,0.2465025
254260,0.23403000000000002
254261,0.21774
254262,0.21058083333333333
254263,0.20471750000000002
254264,0.20322583333333333
254265,0.2011525
254266,0.19542416666666668
254267,0.19357166666666667
254268,0.18707083333333333
254269,0.18356333333333336
254270,0.18173583333333332
254271,0.17778999999999998
254272,0.17117833333333332
254273,0.1617625
254274,0.15280749999999996
254275,0.1449433333333333
254276,0.14204083333333334
254277,0.135265
254278,0.12812166666666666
254279,0.12013583333333333
254280,0.11892333333333333
254281,0.12294749999999999
254282,0.12449166666666667
254283,0.12945416666666668
254284,0.14281166666666667
254285,0.16026666666666667
254286,0.174225
254287,0.1881725
254288,0.20137583333333334
254289,0.21812083333333335
254290,0.23556083333333333
254291,0.25053583333333335
254292,0.2638141666666666
254293,0.27777083333333336
254294,0.29021833333333336
254295,0.30036000000000007
254296,0.31120166666666665
254297,0.31708083333333337
254298,0.32205666666666666
254299,0.32171833333333333
254300,0.33444916666666663
254301,0.35558750000000006
254302,0.38815000000000005
254303,0.42589
254304,0.4629433333333334
254305,0.49786583333333334
254306,0.5331716666666666
254307,0.5691966666666667
254308,0.6006691666666666
254309,0.6429283333333333
254310,0.6831966666666667
254311,0.7199783333333334
254312,0.7575341666666666
254313,0.7913516666666667
254314,0.8216658333333332
254315,0.8324025
254316,0.83708
254317,0.8281566666666667
254318,0.8128633333333333
254319,0.7928541666666666
254320,0.7691958333333333
254321,0.7433825
254322,0.7138466666666666
254323,0.6884016666666667
254324,0.6643058333333334
254325,0.64015
254326,0.6121766666666667
254327,0.5820716666666665
254328,0.5574833333333333
254329,0.53436
254330,0.5165108333333334
254331,0.49731083333333337
254332,0.4836608333333333
254333,0.46548000000000006
254334,0.43801666666666667
254335,0.4132075
254336,0.38775750000000003
254337,0.36507166666666674
254338,0.3400158333333333
254339,0.30397250000000003
254340,0.26875333333333334
254341,0.2382375
254342,0.21207083333333332
254343,0.18659333333333333
254344,0.16112833333333335
254345,0.13449416666666666
254346,0.11372416666666667
254347,0.09368166666666668
254348,0.07769166666666667
254349,0.07477083333333333
254350,0.07175083333333333
254351,0.06955
254352,0.06743666666666666
254353,0.0678725
254354,0.07039250000000001
254355,0.07146083333333333
254356,0.073975
254357,0.08144666666666667
254358,0.09028416666666667
254359,0.10703833333333333
254360,0.12824583333333334
254361,0.14459833333333333
254362,0.16291499999999998
254363,0.18828833333333334
254364,0.21025666666666668
254365,0.23249166666666668
254366,0.24857166666666666
254367,0.266265
254368,0.28780583333333337
254369,0.3096408333333333
254370,0.3345491666666666
254371,0.3562866666666667
254372,0.379535
254373,0.4034841666666667
254374,0.40703416666666664
254375,0.3985
254376,0.39102833333333337
254377,0.3803783333333334
254378,0.37110833333333326
254379,0.3662033333333333
254380,0.35501333333333335
254381,0.34611000000000003
254382,0.33836750000000004
254383,0.32965833333333333
254384,0.32002416666666667
254385,0.3137158333333333
254386,0.3143875
254387,0.31202250000000004
254388,0.3051291666666666
254389,0.31528083333333334
254390,0.3406941666666667
254391,0.3709058333333333
254392,0.402955
254393,0.4328766666666667
254394,0.4617325
254395,0.5002525
254396,0.5481258333333333
254397,0.5947633333333333
254398,0.6363408333333334
254399,0.6801208333333334
254400,0.7138074999999999
254401,0.7434716666666666
254402,0.7712541666666667
254403,0.7991458333333334
254404,0.8257733333333334
254405,0.8469625000000001
254406,0.8658800000000001
254407,0.8822033333333333
254408,0.8943616666666667
254409,0.9055966666666666
254410,0.9160766666666668
254411,0.92244
254412,0.9275683333333333
254413,0.9331975
254414,0.9366341666666667
254415,0.9455741666666667
254416,0.9538808333333333
254417,0.960805
254418,0.9680958333333333
254419,0.9726516666666666
254420,0.9756
254421,0.9780274999999999
254422,0.9808558333333333
254423,0.9836166666666666
254424,0.9841483333333333
254425,0.9828816666666665
254426,0.9814866666666667
254427,0.9795308333333334
254428,0.9781449999999999
254429,0.9757874999999999
254430,0.9727433333333333
254431,0.9676966666666666
254432,0.9635591666666667
254433,0.9600933333333334
254434,0.9553308333333334
254435,0.9497508333333333
254436,0.9392125
254437,0.9285791666666667
254438,0.9024916666666667
254439,0.877975
254440,0.8525083333333333
254441,0.827175
254442,0.8034183333333333
254443,0.7775783333333333
254444,0.7595325
254445,0.737755
254446,0.716375
254447,0.6802083333333333
254448,0.6374333333333333
254449,0.5972558333333333
254450,0.5617
254451,0.5338266666666667
254452,0.5158416666666666
254453,0.5142816666666666
254454,0.5127025
254455,0.5018425
254456,0.4883016666666667
254457,0.47163083333333333
254458,0.4584433333333333
254459,0.4463833333333333
254460,0.44678333333333337
254461,0.4547716666666667
254462,0.4733483333333333
254463,0.5053441666666667
254464,0.5372516666666667
254465,0.5682941666666667
254466,0.5949666666666666
254467,0.6158941666666667
254468,0.6373825000000001
254469,0.6603683333333332
254470,0.6919883333333333
254471,0.7279083333333334
254472,0.7635541666666668
254473,0.7973241666666667
254474,0.8265999999999999
254475,0.8484866666666666
254476,0.8634058333333334
254477,0.8831516666666668
254478,0.89458
254479,0.90392
254480,0.9097241666666667
254481,0.9184133333333333
254482,0.9233383333333334
254483,0.9275516666666666
254484,0.9295741666666667
254485,0.9337091666666666
254486,0.9350483333333333
254487,0.93467
254488,0.9269199999999999
254489,0.9137075
254490,0.8958200000000001
254491,0.8885275
254492,0.8782691666666665
254493,0.8649408333333334
254494,0.84783
254495,0.8290216666666665
254496,0.8152491666666666
254497,0.801045
254498,0.7820883333333334
254499,0.7671666666666667
254500,0.7531533333333333
254501,0.7352341666666667
254502,0.7225175
254503,0.716585
254504,0.7112466666666666
254505,0.7138599999999999
254506,0.7058699999999999
254507,0.697165
254508,0.6926291666666666
254509,0.6905616666666667
254510,0.6943241666666666
254511,0.6906700000000001
254512,0.6806825
254513,0.6665958333333334
254514,0.6458766666666667
254515,0.6306266666666667
254516,0.6162075
254517,0.6115658333333334
254518,0.6096191666666667
254519,0.6039491666666666
254520,0.5968608333333333
254521,0.5938783333333333
254522,0.5957383333333333
254523,0.5973766666666667
254524,0.6057666666666666
254525,0.6119033333333335
254526,0.6234266666666667
254527,0.6437083333333333
254528,0.672985
254529,0.7070974999999999
254530,0.7334774999999999
254531,0.7657633333333334
254532,0.7879666666666666
254533,0.8082183333333333
254534,0.8335116666666667
254535,0.8561075
254536,0.8752583333333334
254537,0.8908375000000001
254538,0.9065941666666667
254539,0.9174900000000001
254540,0.9220083333333332
254541,0.9180716666666666
254542,0.9113866666666668
254543,0.9040983333333333
254544,0.8930108333333333
254545,0.8865816666666667
254546,0.8780283333333334
254547,0.8689491666666667
254548,0.8600341666666667
254549,0.8491125
254550,0.8313858333333334
254551,0.81071
254552,0.7897441666666667
254553,0.7630324999999999
254554,0.7333700000000001
254555,0.7111008333333334
254556,0.6860483333333334
254557,0.653755
254558,0.6246216666666666
254559,0.5983475000000001
254560,0.5661091666666667
254561,0.5363875
254562,0.5132875
254563,0.494535
254564,0.4796075
254565,0.47611333333333333
254566,0.4695391666666667
254567,0.4628033333333334
254568,0.46704
254569,0.4746858333333333
254570,0.4795825
254571,0.48866000000000004
254572,0.509375
254573,0.5369225
254574,0.5654125000000001
254575,0.5934383333333333
254576,0.6196425
254577,0.6432458333333333
254578,0.6600466666666667
254579,0.675015
254580,0.6865875
254581,0.7037150000000001
254582,0.7212016666666667
254583,0.7053233333333334
254584,0.6886658333333333
254585,0.6769383333333333
254586,0.6687350000000001
254587,0.6510641666666666
254588,0.6244466666666667
254589,0.5991916666666666
254590,0.5740616666666667
254591,0.5434366666666667
254592,0.5073966666666666
254593,0.47355833333333336
254594,0.43988
254595,0.4066825
254596,0.37692000000000003
254597,0.34831750000000006
254598,0.3442
254599,0.3348108333333333
254600,0.32747666666666664
254601,0.3186275
254602,0.3176891666666667
254603,0.31686
254604,0.3118458333333333
254605,0.31063750000000007
254606,0.31673499999999993
254607,0.32289749999999995
254608,0.33804166666666663
254609,0.35490583333333336
254610,0.384625
254611,0.4112475
254612,0.43611749999999994
254613,0.4561516666666667
254614,0.4796916666666667
254615,0.49602666666666667
254616,0.5225175
254617,0.5525908333333334
254618,0.5771291666666667
254619,0.5956858333333334
254620,0.6129008333333332
254621,0.6192358333333333
254622,0.6298199999999999
254623,0.6286241666666667
254624,0.6289133333333333
254625,0.6182175
254626,0.6070358333333333
254627,0.599265
254628,0.5976724999999999
254629,0.5995791666666666
254630,0.598255
254631,0.5833358333333333
254632,0.5634224999999999
254633,0.544015
254634,0.5310216666666666
254635,0.49594499999999997
254636,0.4689883333333333
254637,0.4400525
254638,0.41259916666666663
254639,0.3919233333333334
254640,0.36476166666666665
254641,0.33816083333333335
254642,0.3089941666666667
254643,0.2983325
254644,0.28855416666666667
254645,0.284125
254646,0.2853358333333333
254647,0.28205833333333336
254648,0.29553083333333335
254649,0.3103533333333333
254650,0.35232499999999994
254651,0.40078833333333336
254652,0.4515466666666666
254653,0.505165
254654,0.5503475000000001
254655,0.5986316666666667
254656,0.6480383333333334
254657,0.6974025
254658,0.7329266666666666
254659,0.7661958333333333
254660,0.7979716666666666
254661,0.8286516666666668
254662,0.8644433333333333
254663,0.8878466666666667
254664,0.9088591666666666
254665,0.9238916666666666
254666,0.9265433333333334
254667,0.9291691666666666
254668,0.9257641666666667
254669,0.9160791666666666
254670,0.8970416666666666
254671,0.8744325000000001
254672,0.8532716666666667
254673,0.8203216666666667
254674,0.7921475000000001
254675,0.7679791666666668
254676,0.7463816666666666
254677,0.7218100000000001
254678,0.7016066666666667
254679,0.6860491666666667
254680,0.6727741666666667
254681,0.6602716666666666
254682,0.64356
254683,0.62898
254684,0.6241408333333334
254685,0.6247016666666667
254686,0.6237191666666667
254687,0.6145808333333334
254688,0.6066416666666666
254689,0.5946049999999999
254690,0.5810108333333334
254691,0.5643858333333334
254692,0.5471783333333333
254693,0.5256341666666666
254694,0.5012641666666666
254695,0.4781591666666667
254696,0.45459416666666663
254697,0.4301358333333333
254698,0.41027583333333334
254699,0.38496
254700,0.3605158333333333
254701,0.34107499999999996
254702,0.33514583333333337
254703,0.333265
254704,0.3304816666666666
254705,0.3310125
254706,0.3282475
254707,0.32139833333333334
254708,0.3228541666666666
254709,0.32930833333333337
254710,0.31921666666666665
254711,0.3133091666666667
254712,0.30738
254713,0.29725333333333326
254714,0.28824833333333333
254715,0.2826458333333334
254716,0.27619666666666665
254717,0.2669408333333333
254718,0.26726333333333335
254719,0.2623225
254720,0.2475625
254721,0.247955
254722,0.2561625
254723,0.2595283333333333
254724,0.26176249999999995
254725,0.28678333333333333
254726,0.3147683333333333
254727,0.3420791666666666
254728,0.37503499999999995
254729,0.40854583333333333
254730,0.43888249999999995
254731,0.4651566666666667
254732,0.4828925
254733,0.4958533333333333
254734,0.5143683333333333
254735,0.5383216666666666
254736,0.5419133333333334
254737,0.5423083333333333
254738,0.5309333333333334
254739,0.5145191666666666
254740,0.4956341666666667
254741,0.4778483333333333
254742,0.46458499999999997
254743,0.4473316666666667
254744,0.41874833333333333
254745,0.3896325
254746,0.3624358333333333
254747,0.3414008333333333
254748,0.32186583333333335
254749,0.30434333333333335
254750,0.2838233333333333
254751,0.2761325
254752,0.27300916666666664
254753,0.2736516666666667
254754,0.2764608333333333
254755,0.28638
254756,0.30137416666666667
254757,0.32142666666666664
254758,0.34099916666666663
254759,0.3777216666666667
254760,0.42020666666666673
254761,0.4701541666666667
254762,0.5212708333333332
254763,0.5705641666666667
254764,0.6179341666666666
254765,0.6675175
254766,0.7111258333333333
254767,0.7521333333333333
254768,0.7963766666666667
254769,0.8389316666666667
254770,0.8640024999999999
254771,0.8830491666666667
254772,0.8874299999999999
254773,0.88447
254774,0.8705433333333333
254775,0.8565725000000001
254776,0.83475
254777,0.8045925
254778,0.7750825
254779,0.7460241666666666
254780,0.7178733333333334
254781,0.698095
254782,0.6798133333333334
254783,0.661065
254784,0.6426225
254785,0.6327991666666667
254786,0.62478
254787,0.6264883333333333
254788,0.6357675
254789,0.6497566666666666
254790,0.6588425
254791,0.6706216666666667
254792,0.6902416666666666
254793,0.7064033333333334
254794,0.7263266666666667
254795,0.7417791666666667
254796,0.7473016666666666
254797,0.7539424999999998
254798,0.7594216666666667
254799,0.761365
254800,0.7581074999999999
254801,0.7562191666666666
254802,0.7452216666666666
254803,0.7333308333333334
254804,0.7169908333333334
254805,0.7052883333333334
254806,0.6986808333333333
254807,0.6915958333333333
254808,0.688645
254809,0.6795908333333334
254810,0.6741625
254811,0.6683716666666667
254812,0.6583191666666667
254813,0.6489674999999999
254814,0.6421341666666667
254815,0.6265908333333333
254816,0.6060466666666666
254817,0.5788425
254818,0.5460433333333333
254819,0.5211158333333333
254820,0.49489833333333333
254821,0.46147333333333335
254822,0.427525
254823,0.3959683333333333
254824,0.3653033333333333
254825,0.33902166666666667
254826,0.32244666666666666
254827,0.31146749999999995
254828,0.30616333333333334
254829,0.30158416666666665
254830,0.30654166666666666
254831,0.31595249999999997
254832,0.33870833333333333
254833,0.36266916666666665
254834,0.37986333333333333
254835,0.3964825
254836,0.40878916666666665
254837,0.4067475
254838,0.3982583333333333
254839,0.40071
254840,0.3947041666666667
254841,0.38747583333333335
254842,0.3733591666666667
254843,0.3540208333333333
254844,0.33129249999999993
254845,0.3118416666666667
254846,0.286295
254847,0.26272333333333336
254848,0.25092499999999995
254849,0.24644666666666665
254850,0.2427291666666667
254851,0.23546250000000002
254852,0.24251416666666667
254853,0.2553783333333333
254854,0.2608433333333333
254855,0.2697308333333333
254856,0.2734075
254857,0.2790891666666667
254858,0.2885316666666667
254859,0.30110833333333337
254860,0.3104083333333333
254861,0.3192133333333334
254862,0.3317825
254863,0.34437083333333335
254864,0.3662266666666667
254865,0.3898758333333333
254866,0.41708833333333334
254867,0.44627000000000006
254868,0.47230083333333334
254869,0.49743166666666666
254870,0.5274883333333334
254871,0.5604033333333334
254872,0.5941641666666667
254873,0.6317683333333333
254874,0.6704208333333334
254875,0.7095033333333334
254876,0.7506083333333333
254877,0.7881691666666667
254878,0.8201958333333332
254879,0.83838
254880,0.85465
254881,0.8766075000000001
254882,0.8960391666666667
254883,0.9110816666666667
254884,0.9256016666666668
254885,0.9349425
254886,0.9422591666666666
254887,0.9485566666666667
254888,0.949
254889,0.9495241666666666
254890,0.944995
254891,0.9401058333333334
254892,0.931785
254893,0.9212633333333334
254894,0.9102775
254895,0.8938875000000001
254896,0.8755225
254897,0.8546291666666667
254898,0.8369325
254899,0.81034
254900,0.7809708333333333
254901,0.7404616666666666
254902,0.7003483333333332
254903,0.6606416666666667
254904,0.6169933333333333
254905,0.5767333333333333
254906,0.5293249999999999
254907,0.4765166666666667
254908,0.4376341666666666
254909,0.3981775
254910,0.3584141666666667
254911,0.3224366666666667
254912,0.28496166666666667
254913,0.254175
254914,0.22953666666666667
254915,0.20912
254916,0.1969225
254917,0.1873908333333333
254918,0.17457083333333337
254919,0.16874833333333333
254920,0.16543500000000003
254921,0.16698833333333335
254922,0.17661416666666666
254923,0.184325
254924,0.19525916666666668
254925,0.20333500000000002
254926,0.2121325
254927,0.24016666666666667
254928,0.2669666666666667
254929,0.2866033333333334
254930,0.29993833333333336
254931,0.3179175
254932,0.3377425
254933,0.3611775
254934,0.3849741666666667
254935,0.4207633333333333
254936,0.4653075
254937,0.5045033333333333
254938,0.5321283333333333
254939,0.5567266666666667
254940,0.5840633333333334
254941,0.6058833333333333
254942,0.6149508333333333
254943,0.6201849999999999
254944,0.6409266666666666
254945,0.6698025
254946,0.6974258333333334
254947,0.7231166666666666
254948,0.7462166666666668
254949,0.7641675
254950,0.7730266666666666
254951,0.7762441666666666
254952,0.7846033333333333
254953,0.7797391666666668
254954,0.7740349999999999
254955,0.7695725
254956,0.7681325
254957,0.7619833333333333
254958,0.7512175
254959,0.74282
254960,0.7299791666666666
254961,0.71869
254962,0.7090825
254963,0.7018966666666666
254964,0.6999799999999999
254965,0.6964
254966,0.6954499999999999
254967,0.6923333333333334
254968,0.705745
254969,0.722425
254970,0.7345841666666667
254971,0.7420358333333333
254972,0.7423033333333334
254973,0.7527141666666667
254974,0.7492058333333333
254975,0.7379416666666666
254976,0.7182691666666667
254977,0.6967666666666666
254978,0.67932
254979,0.6397516666666667
254980,0.5957975
254981,0.546875
254982,0.5040250000000001
254983,0.4583391666666667
254984,0.4095583333333333
254985,0.36776166666666665
254986,0.3302508333333333
254987,0.2978433333333334
254988,0.25800416666666665
254989,0.223195
254990,0.19599
254991,0.17687666666666668
254992,0.15414
254993,0.12485916666666667
254994,0.11400583333333333
254995,0.10636000000000001
254996,0.101945
254997,0.09493333333333333
254998,0.08697416666666666
254999,0.07983166666666668
255000,0.07277
255001,0.06813583333333333
255002,0.0676925
255003,0.0673925
255004,0.06903333333333334
255005,0.07215750000000001
255006,0.07519999999999999
255007,0.0767975
255008,0.08261083333333333
255009,0.08579083333333333
255010,0.09347749999999998
255011,0.09880666666666667
255012,0.10064583333333332
255013,0.10409
255014,0.10912999999999999
255015,0.11554166666666665
255016,0.12283749999999999
255017,0.13010166666666667
255018,0.1432733333333333
255019,0.15351916666666668
255020,0.1680725
255021,0.18529500000000002
255022,0.19927666666666666
255023,0.20658166666666666
255024,0.21802749999999999
255025,0.2193325
255026,0.22591833333333336
255027,0.23311666666666667
255028,0.23827500000000004
255029,0.23953
255030,0.2399675
255031,0.23718583333333332
255032,0.23857083333333334
255033,0.23907166666666668
255034,0.23337
255035,0.2248166666666667
255036,0.21485833333333335
255037,0.2085016666666667
255038,0.21705333333333335
255039,0.22697166666666665
255040,0.24962
255041,0.2601108333333333
255042,0.2715033333333333
255043,0.27457833333333337
255044,0.2766808333333333
255045,0.27586333333333335
255046,0.27589250000000004
255047,0.2721058333333333
255048,0.26793333333333336
255049,0.275595
255050,0.28494083333333337
255051,0.28914416666666665
255052,0.2917833333333333
255053,0.2800633333333334
255054,0.2586908333333333
255055,0.23042416666666668
255056,0.20886000000000002
255057,0.18585916666666666
255058,0.17310333333333333
255059,0.16552416666666667
255060,0.16129083333333333
255061,0.15677750000000001
255062,0.1523525
255063,0.14370833333333335
255064,0.1309475
255065,0.11596666666666668
255066,0.104135
255067,0.09632916666666666
255068,0.09054666666666668
255069,0.08991833333333334
255070,0.08826833333333334
255071,0.0885925
255072,0.08896666666666667
255073,0.08893916666666665
255074,0.08877583333333332
255075,0.09146833333333333
255076,0.09401833333333333
255077,0.09958416666666665
255078,0.10555916666666666
255079,0.10711583333333334
255080,0.11148333333333334
255081,0.12003916666666667
255082,0.12799583333333334
255083,0.1406225
255084,0.15166583333333333
255085,0.16330916666666667
255086,0.1761741666666667
255087,0.19103083333333334
255088,0.21030916666666669
255089,0.22724250000000001
255090,0.24827000000000002
255091,0.2679266666666667
255092,0.28724249999999996
255093,0.3070133333333333
255094,0.3291066666666667
255095,0.34208916666666667
255096,0.35080500000000003
255097,0.3609525
255098,0.36883583333333336
255099,0.3846933333333334
255100,0.3885141666666667
255101,0.39202166666666666
255102,0.3961083333333333
255103,0.39345416666666666
255104,0.3928183333333334
255105,0.3822966666666667
255106,0.3759158333333333
255107,0.3684608333333334
255108,0.3661683333333334
255109,0.3667633333333333
255110,0.37284083333333334
255111,0.38056
255112,0.3862925
255113,0.3860716666666667
255114,0.3831433333333333
255115,0.39932416666666665
255116,0.41500833333333337
255117,0.4338983333333334
255118,0.4591658333333334
255119,0.4770558333333333
255120,0.49356333333333335
255121,0.5056083333333333
255122,0.5214825
255123,0.5348799999999999
255124,0.5263983333333334
255125,0.5209516666666666
255126,0.5074816666666667
255127,0.4911975
255128,0.47758416666666664
255129,0.4618566666666667
255130,0.44033083333333334
255131,0.41627416666666667
255132,0.38462749999999996
255133,0.3517375
255134,0.32443083333333333
255135,0.29967583333333336
255136,0.27590749999999997
255137,0.24511833333333335
255138,0.20906000000000002
255139,0.19250083333333334
255140,0.17091499999999998
255141,0.1539375
255142,0.14349
255143,0.13406083333333332
255144,0.12631083333333332
255145,0.11217416666666667
255146,0.10482083333333334
255147,0.09579583333333333
255148,0.08686666666666666
255149,0.0764725
255150,0.06889583333333334
255151,0.0614125
255152,0.054821666666666664
255153,0.052090833333333336
255154,0.05082166666666667
255155,0.05017333333333333
255156,0.04899916666666667
255157,0.04554416666666667
255158,0.043189166666666674
255159,0.03844833333333333
255160,0.03853333333333333
255161,0.03432
255162,0.035002500000000006
255163,0.03541083333333333
255164,0.04875416666666667
255165,0.06538166666666666
255166,0.07890333333333333
255167,0.09303166666666667
255168,0.1105825
255169,0.12683333333333333
255170,0.1511991666666667
255171,0.1749625
255172,0.19342
255173,0.20537583333333334
255174,0.21843583333333336
255175,0.230055
255176,0.2393583333333333
255177,0.24554333333333334
255178,0.2491816666666667
255179,0.24174583333333333
255180,0.22685833333333333
255181,0.21569750000000001
255182,0.20432083333333334
255183,0.18925833333333336
255184,0.17790416666666667
255185,0.15948416666666665
255186,0.14379916666666667
255187,0.13156666666666667
255188,0.12686333333333333
255189,0.12081499999999999
255190,0.11435749999999999
255191,0.10998083333333335
255192,0.11170416666666666
255193,0.12051666666666666
255194,0.12865000000000001
255195,0.14497083333333333
255196,0.1573325
255197,0.16993750000000002
255198,0.17791500000000002
255199,0.1821675
255200,0.1842225
255201,0.18582416666666665
255202,0.19256416666666668
255203,0.2015525
255204,0.2094825
255205,0.22079666666666667
255206,0.236855
255207,0.25644500000000003
255208,0.2787675
255209,0.30619999999999997
255210,0.33078499999999994
255211,0.3642108333333333
255212,0.3966108333333333
255213,0.43139083333333333
255214,0.4700925
255215,0.49637916666666665
255216,0.5257891666666666
255217,0.5508191666666666
255218,0.5811883333333333
255219,0.6000241666666667
255220,0.6155908333333334
255221,0.6300349999999999
255222,0.6315074999999999
255223,0.6216483333333334
255224,0.6054591666666665
255225,0.5855091666666666
255226,0.560605
255227,0.5349316666666667
255228,0.5130166666666667
255229,0.4863891666666666
255230,0.47779666666666665
255231,0.4673458333333333
255232,0.4513491666666667
255233,0.42472166666666666
255234,0.41660833333333336
255235,0.4173341666666667
255236,0.4158841666666666
255237,0.41412166666666667
255238,0.42858583333333333
255239,0.44658583333333335
255240,0.47052
255241,0.49266
255242,0.5134483333333334
255243,0.5422641666666667
255244,0.5720116666666667
255245,0.5996558333333333
255246,0.6266358333333333
255247,0.6643333333333333
255248,0.7053441666666667
255249,0.7405766666666665
255250,0.7651725
255251,0.7876358333333333
255252,0.8173683333333334
255253,0.8331491666666667
255254,0.8480283333333333
255255,0.8593833333333334
255256,0.8736991666666667
255257,0.888155
255258,0.8913291666666667
255259,0.8900583333333334
255260,0.8894716666666668
255261,0.8869133333333334
255262,0.8783241666666667
255263,0.8663474999999999
255264,0.8559666666666668
255265,0.8494433333333333
255266,0.8444466666666667
255267,0.8368283333333333
255268,0.8168624999999999
255269,0.7961675
255270,0.78111
255271,0.7625675
255272,0.7508158333333333
255273,0.7397391666666666
255274,0.7336008333333334
255275,0.7377433333333333
255276,0.7410224999999999
255277,0.7451916666666667
255278,0.7518825000000001
255279,0.7564108333333334
255280,0.76112
255281,0.7652233333333334
255282,0.7714525
255283,0.7895633333333333
255284,0.8016433333333333
255285,0.8020858333333333
255286,0.8080108333333332
255287,0.8054608333333333
255288,0.8056450000000001
255289,0.8027133333333333
255290,0.7916533333333333
255291,0.778175
255292,0.76795
255293,0.7479008333333332
255294,0.7305833333333333
255295,0.7117808333333334
255296,0.6970791666666666
255297,0.6829416666666667
255298,0.6754191666666667
255299,0.6735766666666667
255300,0.6873308333333334
255301,0.6966558333333333
255302,0.7103041666666667
255303,0.7193474999999999
255304,0.7313766666666667
255305,0.732425
255306,0.7401191666666667
255307,0.7440791666666667
255308,0.7560775000000001
255309,0.7686058333333334
255310,0.7836424999999999
255311,0.7903416666666667
255312,0.7955583333333334
255313,0.7946500000000001
255314,0.7864008333333333
255315,0.7690191666666666
255316,0.749215
255317,0.7322808333333334
255318,0.7132316666666667
255319,0.6939833333333333
255320,0.6814958333333333
255321,0.6592208333333333
255322,0.6411758333333334
255323,0.6236541666666666
255324,0.6032925
255325,0.576155
255326,0.5521858333333333
255327,0.5281741666666666
255328,0.5111341666666667
255329,0.5059733333333333
255330,0.4964966666666667
255331,0.48608833333333334
255332,0.4635458333333334
255333,0.44261
255334,0.41922999999999994
255335,0.3935
255336,0.37125416666666666
255337,0.34488749999999996
255338,0.3212116666666667
255339,0.2982833333333333
255340,0.27835333333333334
255341,0.25724833333333336
255342,0.23614
255343,0.20790833333333333
255344,0.17475833333333332
255345,0.1446675
255346,0.1174675
255347,0.1000375
255348,0.08505916666666666
255349,0.07278083333333334
255350,0.06372083333333332
255351,0.05817833333333334
255352,0.053614166666666664
255353,0.045856666666666664
255354,0.037788333333333333
255355,0.031857500000000004
255356,0.029316964285714286
255357,0.02695192307692308
255358,0.02375729166666667
255359,0.021557954545454547
255360,0.019045
255361,0.019134722222222223
255362,0.018696875
255363,0.0576328125
255364,0.05788194444444445
255365,0.057016250000000004
255366,0.059754545454545456
255367,0.06
255368,0.0588048076923077
255369,0.060325892857142856
255370,0.06225
255371,0.062935
255372,0.06518916666666666
255373,0.076715
255374,0.091755
255375,0.11058666666666667
255376,0.1288425
255377,0.1531158333333333
255378,0.17417916666666666
255379,0.1925675
255380,0.21187416666666667
255381,0.22590000000000002
255382,0.24299833333333332
255383,0.2598958333333333
255384,0.27438416666666665
255385,0.2851383333333333
255386,0.293395
255387,0.30095249999999996
255388,0.30083999999999994
255389,0.29767000000000005
255390,0.2885891666666666
255391,0.2730858333333333
255392,0.25479666666666667
255393,0.23902666666666667
255394,0.22779249999999998
255395,0.2192933333333333
255396,0.21445
255397,0.21283666666666667
255398,0.21949499999999997
255399,0.21562166666666666
255400,0.22310916666666666
255401,0.23410666666666666
255402,0.24900833333333333
255403,0.2674933333333333
255404,0.28960749999999996
255405,0.31457666666666667
255406,0.34458833333333333
255407,0.3715408333333333
255408,0.3964958333333333
255409,0.42032416666666667
255410,0.44400749999999994
255411,0.46483749999999996
255412,0.48100583333333335
255413,0.4887533333333333
255414,0.5052233333333332
255415,0.5104258333333334
255416,0.5140575
255417,0.5164175
255418,0.5173383333333333
255419,0.5135291666666667
255420,0.5045533333333333
255421,0.494945
255422,0.4841475
255423,0.4734966666666667
255424,0.4633716666666666
255425,0.44985833333333336
255426,0.43350000000000005
255427,0.41503249999999997
255428,0.3956516666666667
255429,0.3763633333333333
255430,0.3636316666666667
255431,0.34822000000000003
255432,0.31965833333333327
255433,0.2886333333333333
255434,0.25719583333333335
255435,0.22993083333333333
255436,0.20310833333333334
255437,0.17815333333333336
255438,0.15547999999999998
255439,0.13222916666666668
255440,0.10993416666666667
255441,0.09298833333333333
255442,0.07862250000000001
255443,0.0657225
255444,0.053787499999999995
255445,0.0384375
255446,0.026479999999999997
255447,0.0245075
255448,0.022886666666666666
255449,0.024495
255450,0.024876666666666665
255451,0.027318333333333333
255452,0.030031666666666665
255453,0.03388666666666666
255454,0.03471833333333333
255455,0.034382499999999996
255456,0.03410083333333334
255457,0.033223333333333334
255458,0.040052500000000005
255459,0.053794999999999996
255460,0.07192249999999999
255461,0.09011416666666668
255462,0.10950166666666666
255463,0.12540833333333334
255464,0.14440666666666668
255465,0.164535
255466,0.18464583333333334
255467,0.20733083333333333
255468,0.2400358333333333
255469,0.2715325
255470,0.30601333333333336
255471,0.3444175
255472,0.38214
255473,0.41000333333333333
255474,0.41431
255475,0.4259775
255476,0.4369116666666667
255477,0.44722
255478,0.4597408333333334
255479,0.46461250000000004
255480,0.4677291666666667
255481,0.46636
255482,0.46268166666666666
255483,0.46606
255484,0.4730316666666667
255485,0.48123583333333336
255486,0.4818616666666667
255487,0.48497583333333333
255488,0.49454
255489,0.5228391666666667
255490,0.52667
255491,0.5351125
255492,0.5386275
255493,0.5436099999999999
255494,0.5473425
255495,0.5530308333333332
255496,0.5614783333333333
255497,0.5670750000000001
255498,0.5528658333333334
255499,0.5397883333333333
255500,0.5235316666666666
255501,0.5093408333333334
255502,0.5021433333333333
255503,0.49781333333333333
255504,0.4916525
255505,0.49264833333333335
255506,0.49117000000000005
255507,0.49820500000000006
255508,0.511595
255509,0.5254408333333334
255510,0.5465191666666667
255511,0.5683416666666666
255512,0.5903916666666668
255513,0.6147058333333334
255514,0.6396925000000001
255515,0.6656541666666665
255516,0.6971283333333333
255517,0.7201875
255518,0.7380691666666668
255519,0.7571583333333333
255520,0.7812841666666667
255521,0.8031041666666666
255522,0.8228550000000001
255523,0.8367416666666666
255524,0.8523166666666666
255525,0.86078
255526,0.8662583333333332
255527,0.8738141666666667
255528,0.8803041666666667
255529,0.8799525
255530,0.8796558333333333
255531,0.8727883333333334
255532,0.8670266666666666
255533,0.859635
255534,0.8483108333333333
255535,0.8293958333333333
255536,0.8066666666666668
255537,0.7842708333333335
255538,0.7664791666666667
255539,0.7488216666666667
255540,0.7286791666666665
255541,0.7084141666666667
255542,0.6831483333333334
255543,0.6587483333333334
255544,0.6406716666666665
255545,0.6181558333333333
255546,0.5985691666666667
255547,0.5772508333333334
255548,0.5557341666666668
255549,0.5415691666666668
255550,0.5350558333333333
255551,0.5314216666666667
255552,0.5268941666666667
255553,0.5152116666666666
255554,0.5044583333333333
255555,0.49414916666666664
255556,0.4866475
255557,0.4867233333333333
255558,0.48840416666666664
255559,0.4898908333333333
255560,0.4931933333333333
255561,0.4925825
255562,0.4929575
255563,0.494635
255564,0.49079833333333334
255565,0.4919258333333333
255566,0.49309166666666665
255567,0.4910466666666667
255568,0.4870341666666667
255569,0.48090083333333333
255570,0.4766075
255571,0.46040000000000003
255572,0.44004916666666666
255573,0.41733833333333337
255574,0.39774583333333335
255575,0.37683999999999995
255576,0.3642516666666667
255577,0.35131333333333337
255578,0.33351250000000005
255579,0.32176
255580,0.3095916666666667
255581,0.29767166666666667
255582,0.2980941666666667
255583,0.3040275
255584,0.31143
255585,0.3182583333333333
255586,0.338415
255587,0.3601783333333334
255588,0.3848966666666666
255589,0.4028825
255590,0.42069083333333335
255591,0.4343208333333334
255592,0.45576833333333333
255593,0.48405916666666665
255594,0.5102666666666666
255595,0.5318483333333333
255596,0.5593666666666667
255597,0.5756266666666666
255598,0.5916666666666667
255599,0.6128825
255600,0.6330041666666666
255601,0.6525783333333334
255602,0.6742933333333333
255603,0.6914966666666665
255604,0.70702
255605,0.72522
255606,0.7427975
255607,0.747125
255608,0.7535658333333334
255609,0.7588349999999999
255610,0.7620991666666668
255611,0.7623591666666667
255612,0.7647641666666668
255613,0.76517
255614,0.7641041666666666
255615,0.7692583333333334
255616,0.7731224999999999
255617,0.7756016666666666
255618,0.7732508333333334
255619,0.7727433333333333
255620,0.7712008333333334
255621,0.7750000000000001
255622,0.783
255623,0.7859991666666667
255624,0.7901775000000001
255625,0.7945866666666667
255626,0.7973425000000002
255627,0.8003416666666667
255628,0.8023858333333334
255629,0.8018508333333333
255630,0.7948916666666667
255631,0.7863966666666666
255632,0.7785675
255633,0.7806341666666666
255634,0.78762
255635,0.7967408333333332
255636,0.8008966666666666
255637,0.8052091666666666
255638,0.8070508333333333
255639,0.8063483333333333
255640,0.8084516666666667
255641,0.8100516666666666
255642,0.8122199999999999
255643,0.8138974999999999
255644,0.8150191666666667
255645,0.8173941666666666
255646,0.8206008333333333
255647,0.8224325
255648,0.8194708333333334
255649,0.8119166666666667
255650,0.8038725
255651,0.7926325
255652,0.7818766666666667
255653,0.7736566666666668
255654,0.7638091666666667
255655,0.7488633333333333
255656,0.7334141666666666
255657,0.7190641666666667
255658,0.7033850000000001
255659,0.669425
255660,0.63899
255661,0.6119891666666668
255662,0.5868099999999999
255663,0.5611483333333334
255664,0.5407475
255665,0.5292766666666666
255666,0.5316416666666667
255667,0.5383275
255668,0.543155
255669,0.5473733333333333
255670,0.5577641666666667
255671,0.5693058333333333
255672,0.5827508333333334
255673,0.5961774999999999
255674,0.6296241666666667
255675,0.62762
255676,0.6221274999999999
255677,0.6142183333333334
255678,0.613695
255679,0.6088258333333333
255680,0.5960008333333333
255681,0.5684983333333332
255682,0.5364574999999999
255683,0.5022383333333333
255684,0.46837249999999997
255685,0.4348916666666666
255686,0.40717
255687,0.38125166666666666
255688,0.35894750000000003
255689,0.33539083333333336
255690,0.3374666666666667
255691,0.3450625
255692,0.3592875
255693,0.36447750000000007
255694,0.3765
255695,0.3860775
255696,0.4026141666666667
255697,0.4173716666666667
255698,0.44263250000000004
255699,0.4707466666666667
255700,0.48879833333333333
255701,0.5089183333333334
255702,0.5269825
255703,0.5441191666666666
255704,0.5576275
255705,0.5805658333333333
255706,0.6022383333333333
255707,0.6175883333333334
255708,0.6343283333333333
255709,0.6466483333333334
255710,0.6533058333333333
255711,0.65762
255712,0.6613208333333332
255713,0.6612516666666667
255714,0.6612216666666666
255715,0.6612141666666668
255716,0.648425
255717,0.6273816666666667
255718,0.6023324999999999
255719,0.5770216666666667
255720,0.5449958333333333
255721,0.5087475
255722,0.4693033333333333
255723,0.4344466666666667
255724,0.3965158333333333
255725,0.3655574999999999
255726,0.3327666666666666
255727,0.31420333333333333
255728,0.2917566666666666
255729,0.2917625
255730,0.2979708333333333
255731,0.30612833333333334
255732,0.3170258333333333
255733,0.33742
255734,0.35486500000000004
255735,0.3770691666666667
255736,0.4028041666666667
255737,0.43280583333333333
255738,0.4658175
255739,0.49937333333333334
255740,0.53198
255741,0.5597233333333332
255742,0.5778241666666667
255743,0.6122708333333333
255744,0.6229091666666666
255745,0.6393975
255746,0.6588058333333333
255747,0.6846816666666666
255748,0.7067216666666666
255749,0.7362749999999999
255750,0.7652424999999999
255751,0.7921508333333332
255752,0.8192900000000001
255753,0.8409991666666666
255754,0.8641166666666665
255755,0.8879316666666667
255756,0.91701
255757,0.9444458333333333
255758,0.9571158333333333
255759,0.9701266666666667
255760,0.9790641666666667
255761,0.9880758333333334
255762,0.991965
255763,0.9947233333333334
255764,0.99622
255765,0.9975325
255766,0.9981283333333334
255767,0.9984991666666667
255768,0.9988116666666667
255769,0.9965908333333334
255770,0.991045
255771,0.9798691666666667
255772,0.9548
255773,0.9101866666666667
255774,0.8664291666666666
255775,0.8187816666666666
255776,0.7608525
255777,0.7037525
255778,0.6454308333333333
255779,0.5896625
255780,0.5349616666666666
255781,0.47957249999999996
255782,0.42269083333333335
255783,0.3607525
255784,0.29806416666666663
255785,0.238985
255786,0.18417916666666667
255787,0.1432175
255788,0.12169166666666667
255789,0.09922000000000002
255790,0.08062666666666667
255791,0.0722975
255792,0.06341083333333333
255793,0.055740000000000005
255794,0.04535416666666667
255795,0.03397083333333333
255796,0.023245
255797,0.014311666666666667
255798,0.009971666666666667
255799,0.009714166666666666
255800,0.010931666666666666
255801,0.011894166666666667
255802,0.013101666666666668
255803,0.0148
255804,0.0158525
255805,0.016775833333333334
255806,0.017343333333333332
255807,0.01753416666666667
255808,0.018064166666666666
255809,0.02137
255810,0.025364166666666667
255811,0.02945
255812,0.03386083333333333
255813,0.0376075
255814,0.040369999999999996
255815,0.04121666666666667
255816,0.044389166666666674
255817,0.04836833333333333
255818,0.05344583333333333
255819,0.0594925
255820,0.0645125
255821,0.07109666666666666
255822,0.07662833333333333
255823,0.08200166666666667
255824,0.08447333333333334
255825,0.0893575
255826,0.092835
255827,0.09948333333333333
255828,0.10656
255829,0.11007333333333333
255830,0.11404416666666667
255831,0.11651666666666666
255832,0.12190416666666666
255833,0.12682583333333333
255834,0.1331825
255835,0.1398975
255836,0.151625
255837,0.16010416666666666
255838,0.164955
255839,0.17391666666666666
255840,0.1794525
255841,0.18459666666666666
255842,0.187045
255843,0.1869908333333333
255844,0.19143583333333333
255845,0.19355666666666665
255846,0.19703749999999998
255847,0.194925
255848,0.19465666666666664
255849,0.1959
255850,0.1978258333333333
255851,0.19617916666666665
255852,0.20174750000000002
255853,0.211925
255854,0.21264083333333333
255855,0.2149425
255856,0.21789416666666667
255857,0.22398
255858,0.23717250000000004
255859,0.25065166666666666
255860,0.2704125
255861,0.28898666666666667
255862,0.31093166666666666
255863,0.3283216666666667
255864,0.3452908333333333
255865,0.36253583333333333
255866,0.37778083333333334
255867,0.39286499999999996
255868,0.4135491666666667
255869,0.4378108333333333
255870,0.45816500000000004
255871,0.47073750000000003
255872,0.4813275
255873,0.48103583333333333
255874,0.480425
255875,0.4721983333333333
255876,0.45672166666666664
255877,0.4418266666666667
255878,0.4324333333333333
255879,0.42301916666666667
255880,0.412725
255881,0.413865
255882,0.41510583333333334
255883,0.40866416666666666
255884,0.3953491666666667
255885,0.3859766666666667
255886,0.3942091666666666
255887,0.3927933333333333
255888,0.3889208333333333
255889,0.3818516666666667
255890,0.3857783333333334
255891,0.38728666666666667
255892,0.3890008333333333
255893,0.4003166666666667
255894,0.40644833333333336
255895,0.41244833333333336
255896,0.40450416666666666
255897,0.38714250000000006
255898,0.372895
255899,0.37116083333333333
255900,0.36716916666666666
255901,0.35779250000000007
255902,0.350725
255903,0.35459083333333336
255904,0.36231416666666666
255905,0.35973916666666667
255906,0.36515833333333336
255907,0.36534583333333337
255908,0.3524783333333333
255909,0.3494758333333333
255910,0.34418916666666666
255911,0.34025333333333335
255912,0.3434216666666667
255913,0.3488291666666667
255914,0.3475466666666667
255915,0.34283
255916,0.326855
255917,0.3164383333333333
255918,0.3086691666666666
255919,0.3091525
255920,0.30772083333333333
255921,0.31795083333333335
255922,0.3310883333333333
255923,0.34359
255924,0.35107249999999995
255925,0.36639666666666665
255926,0.38431499999999996
255927,0.40422583333333334
255928,0.42055333333333333
255929,0.445295
255930,0.4767708333333333
255931,0.5141441666666666
255932,0.5477183333333334
255933,0.5749141666666666
255934,0.5870133333333333
255935,0.6104916666666667
255936,0.62721
255937,0.6356249999999999
255938,0.645915
255939,0.6502791666666666
255940,0.6578033333333334
255941,0.6759783333333333
255942,0.6928308333333334
255943,0.7115675
255944,0.7256241666666666
255945,0.7375391666666666
255946,0.7516325
255947,0.7693416666666667
255948,0.7893166666666667
255949,0.8155249999999999
255950,0.8361466666666666
255951,0.8545566666666667
255952,0.8810933333333334
255953,0.905975
255954,0.9343483333333334
255955,0.9544208333333333
255956,0.9622966666666667
255957,0.9683441666666667
255958,0.9715516666666666
255959,0.9747100000000001
255960,0.9779091666666666
255961,0.9809966666666666
255962,0.9838891666666666
255963,0.9868141666666667
255964,0.9886941666666668
255965,0.9893633333333334
255966,0.9894991666666666
255967,0.9890616666666666
255968,0.9886008333333333
255969,0.9881833333333333
255970,0.9886800000000001
255971,0.988705
255972,0.9893291666666666
255973,0.9888724999999999
255974,0.9872591666666666
255975,0.9858224999999999
255976,0.9836158333333334
255977,0.9784050000000001
255978,0.9708283333333334
255979,0.957435
255980,0.9162833333333332
255981,0.8718691666666667
255982,0.8228233333333334
255983,0.7746925
255984,0.7226308333333333
255985,0.6677133333333333
255986,0.6112533333333333
255987,0.5517741666666667
255988,0.49168666666666666
255989,0.43067
255990,0.3683841666666667
255991,0.3133183333333333
255992,0.26161249999999997
255993,0.212735
255994,0.16977916666666668
255995,0.1538108333333333
255996,0.14742916666666664
255997,0.14034583333333334
255998,0.12997166666666665
255999,0.12534416666666667
256000,0.12275333333333334
256001,0.12399083333333333
256002,0.12956
256003,0.13641833333333334
256004,0.14785083333333335
256005,0.16890833333333333
256006,0.17808083333333335
256007,0.18233916666666664
256008,0.18396916666666666
256009,0.18171833333333334
256010,0.18161333333333332
256011,0.17614333333333335
256012,0.17856416666666666
256013,0.18206583333333332
256014,0.20185833333333333
256015,0.21848333333333333
256016,0.23732083333333334
256017,0.24861499999999997
256018,0.26422833333333334
256019,0.27634416666666667
256020,0.2834808333333333
256021,0.2844058333333333
256022,0.29519333333333336
256023,0.30595916666666667
256024,0.32088833333333333
256025,0.337565
256026,0.3574766666666667
256027,0.3822691666666667
256028,0.4076508333333333
256029,0.42158166666666663
256030,0.441085
256031,0.45285916666666665
256032,0.46054333333333336
256033,0.46538916666666663
256034,0.4770758333333333
256035,0.4874883333333333
256036,0.5111266666666666
256037,0.5264675
256038,0.5452641666666665
256039,0.5661691666666667
256040,0.5835908333333334
256041,0.5975116666666666
256042,0.6084616666666667
256043,0.6234791666666666
256044,0.6286825
256045,0.6229999999999999
256046,0.6274683333333333
256047,0.6392466666666667
256048,0.6488866666666666
256049,0.6575466666666667
256050,0.66508
256051,0.6683074999999999
256052,0.6745258333333334
256053,0.6816116666666667
256054,0.686295
256055,0.6867383333333332
256056,0.6884916666666666
256057,0.6854250000000001
256058,0.6802566666666667
256059,0.6790266666666667
256060,0.6875316666666667
256061,0.6953908333333333
256062,0.7032008333333334
256063,0.7116633333333333
256064,0.7148716666666667
256065,0.7164266666666667
256066,0.7185791666666667
256067,0.7060733333333334
256068,0.6943483333333333
256069,0.6907800000000001
256070,0.6915875
256071,0.6991908333333333
256072,0.7084825
256073,0.7162108333333334
256074,0.7229925
256075,0.7266741666666667
256076,0.7262441666666667
256077,0.722865
256078,0.720355
256079,0.7168266666666666
256080,0.7150266666666667
256081,0.7170866666666667
256082,0.7341241666666666
256083,0.7479466666666668
256084,0.7533225
256085,0.7613175
256086,0.7682408333333334
256087,0.7737058333333333
256088,0.7811625
256089,0.7897816666666666
256090,0.7977491666666666
256091,0.803
256092,0.8121183333333334
256093,0.8214791666666666
256094,0.8302324999999999
256095,0.8410308333333333
256096,0.8378891666666667
256097,0.8396325
256098,0.8443799999999999
256099,0.8519283333333333
256100,0.8588791666666666
256101,0.8558616666666666
256102,0.8574383333333332
256103,0.8555033333333334
256104,0.8510416666666667
256105,0.8491850000000001
256106,0.8495925000000001
256107,0.8534050000000001
256108,0.8569608333333334
256109,0.8599825
256110,0.860235
256111,0.8727649999999999
256112,0.8794758333333333
256113,0.8824075
256114,0.8830933333333333
256115,0.8846791666666667
256116,0.889155
256117,0.8898166666666667
256118,0.8913233333333334
256119,0.8942816666666666
256120,0.8968991666666667
256121,0.8923908333333334
256122,0.8897258333333333
256123,0.8864441666666667
256124,0.8870958333333333
256125,0.8865625
256126,0.8859916666666667
256127,0.8867983333333334
256128,0.8885166666666666
256129,0.8905141666666666
256130,0.8892699999999999
256131,0.8860616666666666
256132,0.8771875
256133,0.8714441666666666
256134,0.8649891666666666
256135,0.8608866666666667
256136,0.8593074999999999
256137,0.8549891666666666
256138,0.8487108333333333
256139,0.8321583333333334
256140,0.81559
256141,0.8014516666666667
256142,0.7838541666666666
256143,0.7627033333333333
256144,0.7382091666666667
256145,0.7123133333333335
256146,0.6870608333333333
256147,0.6691175
256148,0.6489225
256149,0.6345866666666667
256150,0.6143366666666666
256151,0.5995166666666667
256152,0.5843191666666666
256153,0.5652366666666667
256154,0.5510916666666666
256155,0.5354816666666667
256156,0.5186841666666667
256157,0.5080366666666667
256158,0.5003691666666666
256159,0.4973483333333333
256160,0.494775
256161,0.4944058333333333
256162,0.49102416666666665
256163,0.49630833333333335
256164,0.5016983333333334
256165,0.5133416666666667
256166,0.5291374999999999
256167,0.5422125
256168,0.5631216666666667
256169,0.5869883333333333
256170,0.6130241666666667
256171,0.6377558333333333
256172,0.6459233333333334
256173,0.6507591666666667
256174,0.6510791666666667
256175,0.6455500000000001
256176,0.6357783333333333
256177,0.6253133333333333
256178,0.6139166666666667
256179,0.5965024999999999
256180,0.5742591666666667
256181,0.5477341666666666
256182,0.5235666666666666
256183,0.4938275
256184,0.4676475
256185,0.46048416666666664
256186,0.45861916666666663
256187,0.470875
256188,0.4862283333333333
256189,0.5060575
256190,0.5359791666666668
256191,0.5740700000000001
256192,0.6133241666666667
256193,0.6459124999999999
256194,0.6805799999999999
256195,0.7183841666666667
256196,0.7565000000000001
256197,0.7956133333333333
256198,0.8383299999999999
256199,0.8779625000000001
256200,0.8984116666666666
256201,0.9136425
256202,0.9273775
256203,0.9413716666666667
256204,0.9535441666666666
256205,0.9638699999999999
256206,0.9684933333333333
256207,0.9727225
256208,0.975935
256209,0.9747341666666667
256210,0.973345
256211,0.9681308333333333
256212,0.9581608333333335
256213,0.9527566666666666
256214,0.9485666666666667
256215,0.9444250000000001
256216,0.9402083333333333
256217,0.9373508333333334
256218,0.9353666666666667
256219,0.9328850000000001
256220,0.9308041666666668
256221,0.9270375000000001
256222,0.9223125
256223,0.9206108333333334
256224,0.9229366666666666
256225,0.9241666666666666
256226,0.925185
256227,0.9271166666666666
256228,0.9226291666666667
256229,0.91614
256230,0.9078241666666667
256231,0.9028799999999999
256232,0.898235
256233,0.8954741666666667
256234,0.8929174999999999
256235,0.8905491666666666
256236,0.8916025
256237,0.893615
256238,0.8890733333333334
256239,0.8861091666666667
256240,0.8839875
256241,0.8822441666666667
256242,0.8817541666666667
256243,0.88233
256244,0.8837175
256245,0.8788649999999999
256246,0.8713291666666667
256247,0.8617291666666667
256248,0.8393599999999999
256249,0.8168275
256250,0.797345
256251,0.7790508333333332
256252,0.7597491666666667
256253,0.7469874999999999
256254,0.7297458333333334
256255,0.7128941666666666
256256,0.6911616666666666
256257,0.6574416666666667
256258,0.6238925000000001
256259,0.5877008333333332
256260,0.5595300000000001
256261,0.5297149999999999
256262,0.5032033333333333
256263,0.48389
256264,0.4599516666666667
256265,0.43273083333333334
256266,0.40345583333333335
256267,0.37227166666666667
256268,0.33341666666666664
256269,0.29547666666666667
256270,0.25983833333333334
256271,0.23160083333333334
256272,0.214815
256273,0.21362333333333336
256274,0.2101975
256275,0.20620750000000002
256276,0.2036275
256277,0.20575916666666666
256278,0.21959166666666666
256279,0.24577833333333335
256280,0.2715175
256281,0.2914908333333333
256282,0.30297583333333333
256283,0.3155525
256284,0.3278908333333333
256285,0.33492
256286,0.3371491666666666
256287,0.34337
256288,0.33423416666666667
256289,0.3351191666666667
256290,0.3330608333333333
256291,0.33062583333333334
256292,0.31239833333333333
256293,0.28808
256294,0.25575
256295,0.2243966666666667
256296,0.19438916666666667
256297,0.1753625
256298,0.15973
256299,0.14680916666666669
256300,0.13740083333333333
256301,0.13622083333333332
256302,0.1312425
256303,0.136395
256304,0.14174416666666667
256305,0.15293083333333335
256306,0.166925
256307,0.18591083333333333
256308,0.20771916666666665
256309,0.22921499999999997
256310,0.25006333333333336
256311,0.28115999999999997
256312,0.3146391666666667
256313,0.34691
256314,0.37343083333333327
256315,0.406505
256316,0.44162
256317,0.47540666666666664
256318,0.5020166666666667
256319,0.5187283333333333
256320,0.5319941666666667
256321,0.5395283333333334
256322,0.559835
256323,0.5786083333333333
256324,0.5993533333333334
256325,0.6213225
256326,0.6414025
256327,0.6609083333333333
256328,0.6846525
256329,0.7113858333333333
256330,0.7285558333333333
256331,0.7392283333333333
256332,0.7494583333333332
256333,0.7580108333333334
256334,0.7730483333333334
256335,0.7913816666666666
256336,0.8117624999999999
256337,0.8236600000000001
256338,0.8330141666666667
256339,0.8402433333333333
256340,0.8390266666666667
256341,0.8272483333333333
256342,0.8135475
256343,0.7982433333333333
256344,0.7860766666666666
256345,0.7761533333333334
256346,0.7611258333333333
256347,0.7493116666666667
256348,0.7281274999999999
256349,0.6924875
256350,0.6509075
256351,0.6129441666666667
256352,0.5722858333333334
256353,0.5295733333333333
256354,0.4913416666666667
256355,0.4554425
256356,0.4244975
256357,0.39733416666666665
256358,0.38230000000000003
256359,0.3605716666666667
256360,0.33886833333333327
256361,0.3134133333333333
256362,0.30382666666666663
256363,0.29490083333333333
256364,0.3009691666666667
256365,0.30862666666666666
256366,0.30808166666666664
256367,0.30676249999999994
256368,0.3089941666666666
256369,0.3085816666666667
256370,0.31071750000000004
256371,0.3159975
256372,0.31777833333333333
256373,0.308205
256374,0.301425
256375,0.29200000000000004
256376,0.28743416666666666
256377,0.2674916666666666
256378,0.2507041666666667
256379,0.22956000000000001
256380,0.2105625
256381,0.19997083333333332
256382,0.19171916666666666
256383,0.17857916666666668
256384,0.16415083333333333
256385,0.15217583333333332
256386,0.14443583333333335
256387,0.142595
256388,0.13642083333333332
256389,0.12629166666666666
256390,0.11930166666666667
256391,0.1150525
256392,0.11413666666666668
256393,0.12510666666666667
256394,0.14182583333333335
256395,0.16293666666666665
256396,0.1875
256397,0.22057833333333335
256398,0.2592425
256399,0.30294333333333334
256400,0.34249666666666667
256401,0.37099666666666664
256402,0.38841333333333333
256403,0.40932
256404,0.4293841666666667
256405,0.45522583333333333
256406,0.47976916666666664
256407,0.5015908333333333
256408,0.5152433333333334
256409,0.5183458333333334
256410,0.5156691666666666
256411,0.5077791666666667
256412,0.48892833333333335
256413,0.46134583333333334
256414,0.42580416666666665
256415,0.3915475
256416,0.36166666666666664
256417,0.3415008333333333
256418,0.32814916666666666
256419,0.3256083333333333
256420,0.3203075
256421,0.3107283333333334
256422,0.30346999999999996
256423,0.2982125
256424,0.295795
256425,0.2913808333333333
256426,0.28412750000000003
256427,0.28232666666666667
256428,0.28639499999999996
256429,0.286785
256430,0.2877416666666667
256431,0.2884725
256432,0.2858775
256433,0.2761808333333333
256434,0.26282916666666667
256435,0.2463975
256436,0.23270166666666667
256437,0.21761166666666665
256438,0.2058125
256439,0.20031333333333332
256440,0.19687833333333332
256441,0.19652499999999998
256442,0.205315
256443,0.2197875
256444,0.2404025
256445,0.260015
256446,0.27354500000000004
256447,0.2831916666666667
256448,0.2946958333333333
256449,0.30744583333333336
256450,0.3215775
256451,0.33773333333333333
256452,0.34835666666666665
256453,0.35593166666666665
256454,0.34800083333333337
256455,0.35363666666666665
256456,0.3581725
256457,0.3486683333333333
256458,0.3330858333333333
256459,0.320315
256460,0.30535249999999997
256461,0.2943
256462,0.285255
256463,0.2760875
256464,0.26521666666666666
256465,0.2546408333333333
256466,0.24860999999999997
256467,0.25587
256468,0.25986
256469,0.27581333333333335
256470,0.28240000000000004
256471,0.2840108333333333
256472,0.284555
256473,0.291625
256474,0.2956425
256475,0.30389583333333337
256476,0.3156208333333333
256477,0.32419583333333335
256478,0.3313183333333333
256479,0.34119083333333333
256480,0.33052499999999996
256481,0.31419250000000004
256482,0.2879125
256483,0.2646183333333333
256484,0.2422175
256485,0.2165183333333333
256486,0.19646333333333335
256487,0.18080833333333335
256488,0.158985
256489,0.1414841666666667
256490,0.12670083333333335
256491,0.11316166666666666
256492,0.1041375
256493,0.093595
256494,0.08209833333333334
256495,0.08889416666666668
256496,0.10362999999999999
256497,0.1191325
256498,0.15514416666666667
256499,0.18885916666666666
256500,0.22324333333333335
256501,0.26068833333333336
256502,0.2973716666666667
256503,0.3296875
256504,0.355715
256505,0.376385
256506,0.3930316666666666
256507,0.4015041666666666
256508,0.41159
256509,0.41688000000000003
256510,0.42139333333333334
256511,0.4164266666666666
256512,0.41043833333333335
256513,0.38149
256514,0.35489000000000004
256515,0.32600166666666663
256516,0.29193166666666664
256517,0.25765333333333335
256518,0.23253666666666667
256519,0.21285916666666665
256520,0.19646083333333333
256521,0.18404916666666668
256522,0.18010916666666668
256523,0.1751025
256524,0.17148666666666668
256525,0.1723275
256526,0.18233666666666665
256527,0.19347166666666665
256528,0.20379916666666667
256529,0.21330916666666663
256530,0.21769666666666668
256531,0.22191666666666668
256532,0.22728249999999997
256533,0.2269233333333333
256534,0.22092416666666667
256535,0.21445999999999998
256536,0.20816083333333332
256537,0.20105166666666666
256538,0.19284583333333333
256539,0.18806416666666664
256540,0.187235
256541,0.18300166666666667
256542,0.17751166666666668
256543,0.17607333333333333
256544,0.17623500000000003
256545,0.19983416666666667
256546,0.22573583333333333
256547,0.26055833333333334
256548,0.295945
256549,0.33913166666666666
256550,0.3771075
256551,0.4188725
256552,0.46292416666666664
256553,0.5055783333333334
256554,0.5533625
256555,0.5901933333333333
256556,0.6236233333333333
256557,0.6653275
256558,0.7061425
256559,0.7404050000000001
256560,0.7593558333333333
256561,0.7773108333333333
256562,0.7845616666666667
256563,0.794075
256564,0.7999974999999999
256565,0.8150933333333333
256566,0.8275208333333333
256567,0.8391675000000001
256568,0.8545916666666666
256569,0.8637066666666667
256570,0.8760458333333332
256571,0.8898274999999999
256572,0.8968833333333334
256573,0.9021275000000001
256574,0.9124549999999999
256575,0.9114308333333334
256576,0.9053375
256577,0.898635
256578,0.8954491666666666
256579,0.8872691666666667
256580,0.8717508333333334
256581,0.8578341666666667
256582,0.83118
256583,0.79904
256584,0.7694808333333333
256585,0.7367133333333332
256586,0.6941725000000001
256587,0.6511575000000001
256588,0.6059991666666666
256589,0.5674358333333334
256590,0.5385533333333333
256591,0.5139716666666667
256592,0.4943008333333333
256593,0.47401
256594,0.464415
256595,0.4585416666666667
256596,0.45090833333333336
256597,0.44222750000000005
256598,0.4370016666666667
256599,0.4229983333333333
256600,0.41429083333333333
256601,0.41513833333333333
256602,0.4159633333333333
256603,0.41979333333333335
256604,0.41424833333333333
256605,0.40438999999999997
256606,0.3893733333333333
256607,0.36949916666666666
256608,0.3457183333333333
256609,0.3191308333333333
256610,0.29466166666666666
256611,0.27296000000000004
256612,0.26833
256613,0.2592375
256614,0.25079916666666663
256615,0.2406525
256616,0.23711166666666667
256617,0.2251925
256618,0.21645833333333334
256619,0.21026333333333333
256620,0.2021075
256621,0.20090666666666665
256622,0.20283749999999998
256623,0.20266333333333333
256624,0.19822083333333335
256625,0.1899708333333333
256626,0.17510666666666666
256627,0.1587275
256628,0.14962166666666665
256629,0.14362916666666667
256630,0.13875416666666668
256631,0.1354275
256632,0.13913250000000002
256633,0.140385
256634,0.1396916666666667
256635,0.16090583333333336
256636,0.16679333333333332
256637,0.17173999999999998
256638,0.17680749999999998
256639,0.19165083333333335
256640,0.1998933333333333
256641,0.21358249999999998
256642,0.22455416666666667
256643,0.2379175
256644,0.24008416666666668
256645,0.24142000000000002
256646,0.23897833333333335
256647,0.2421375
256648,0.2416675
256649,0.24125249999999998
256650,0.22785166666666667
256651,0.22994583333333332
256652,0.22772250000000002
256653,0.23024833333333333
256654,0.2281366666666667
256655,0.23044333333333336
256656,0.224335
256657,0.22235833333333332
256658,0.2155166666666667
256659,0.22087166666666666
256660,0.22897416666666667
256661,0.2318033333333333
256662,0.2284341666666667
256663,0.23178333333333334
256664,0.23588833333333334
256665,0.2355658333333333
256666,0.23192083333333333
256667,0.24525333333333332
256668,0.24867000000000003
256669,0.25107999999999997
256670,0.25562166666666664
256671,0.2651541666666667
256672,0.2756733333333333
256673,0.28367
256674,0.29204833333333335
256675,0.29349333333333333
256676,0.30444250000000006
256677,0.31851666666666667
256678,0.3206166666666667
256679,0.3276291666666667
256680,0.34380416666666663
256681,0.36767833333333333
256682,0.3895058333333334
256683,0.41973250000000006
256684,0.4447758333333333
256685,0.47159999999999996
256686,0.4986508333333333
256687,0.5219900000000001
256688,0.5495599999999999
256689,0.5810166666666666
256690,0.6136741666666666
256691,0.6292025
256692,0.63105
256693,0.6387883333333334
256694,0.6398108333333333
256695,0.6255508333333333
256696,0.5994083333333333
256697,0.5626641666666666
256698,0.5268525000000001
256699,0.49092166666666665
256700,0.4562291666666667
256701,0.4174191666666667
256702,0.37618583333333333
256703,0.33257
256704,0.28793749999999996
256705,0.24599583333333333
256706,0.21530833333333332
256707,0.20145083333333333
256708,0.19323416666666665
256709,0.18625833333333333
256710,0.18425249999999999
256711,0.18472249999999998
256712,0.18181916666666667
256713,0.17432833333333336
256714,0.16874833333333333
256715,0.16556416666666665
256716,0.1688625
256717,0.17965083333333334
256718,0.19519583333333335
256719,0.20681583333333334
256720,0.22142499999999998
256721,0.25001666666666666
256722,0.2657175
256723,0.27605583333333333
256724,0.29122833333333337
256725,0.30651500000000004
256726,0.32444
256727,0.3473166666666667
256728,0.3731075
256729,0.399965
256730,0.42355250000000005
256731,0.438055
256732,0.44478500000000004
256733,0.44884500000000005
256734,0.4529608333333333
256735,0.4553008333333333
256736,0.4376308333333333
256737,0.43563666666666667
256738,0.4410091666666666
256739,0.44554333333333335
256740,0.4575516666666667
256741,0.4741941666666667
256742,0.48805000000000004
256743,0.49843833333333337
256744,0.5048166666666667
256745,0.5113725
256746,0.5220775000000001
256747,0.5331933333333334
256748,0.5393191666666667
256749,0.54283
256750,0.5427291666666666
256751,0.54126
256752,0.52828
256753,0.516105
256754,0.4975908333333333
256755,0.469505
256756,0.44132083333333333
256757,0.4143808333333333
256758,0.3896233333333334
256759,0.39276249999999996
256760,0.392765
256761,0.3992275
256762,0.4080525
256763,0.4172975
256764,0.4354166666666667
256765,0.45135
256766,0.4729166666666666
256767,0.5033841666666666
256768,0.5319191666666666
256769,0.5677408333333334
256770,0.6087483333333333
256771,0.6463558333333334
256772,0.686145
256773,0.7267466666666668
256774,0.7422491666666667
256775,0.7582199999999999
256776,0.7653991666666667
256777,0.7713883333333332
256778,0.7807425
256779,0.7846083333333334
256780,0.793795
256781,0.8017633333333333
256782,0.8074899999999999
256783,0.80876
256784,0.7830516666666667
256785,0.76031
256786,0.7464516666666667
256787,0.7361591666666667
256788,0.7252466666666667
256789,0.7032241666666667
256790,0.6756616666666667
256791,0.6415083333333332
256792,0.60974
256793,0.5799
256794,0.5497475
256795,0.5179816666666667
256796,0.4835908333333333
256797,0.44360083333333333
256798,0.40327833333333335
256799,0.3940325
256800,0.3870758333333333
256801,0.37428750000000005
256802,0.3538841666666667
256803,0.33963333333333334
256804,0.33282416666666664
256805,0.32904
256806,0.3328125
256807,0.3271691666666667
256808,0.32337416666666663
256809,0.325985
256810,0.3240141666666666
256811,0.3254041666666667
256812,0.33241
256813,0.3397366666666667
256814,0.34147333333333335
256815,0.34711416666666667
256816,0.34056416666666667
256817,0.3359233333333333
256818,0.32683999999999996
256819,0.3076825
256820,0.2928225
256821,0.2766475
256822,0.2802766666666667
256823,0.2777658333333333
256824,0.27414
256825,0.2727866666666667
256826,0.2688891666666667
256827,0.26215083333333333
256828,0.2547858333333333
256829,0.25494500000000003
256830,0.247735
256831,0.24170833333333333
256832,0.23687666666666668
256833,0.23028083333333335
256834,0.23845416666666666
256835,0.24547666666666668
256836,0.25088083333333333
256837,0.24296
256838,0.23710833333333337
256839,0.22715583333333333
256840,0.2194266666666667
256841,0.2118816666666667
256842,0.20477083333333335
256843,0.20063833333333336
256844,0.18782333333333331
256845,0.17521916666666665
256846,0.17218
256847,0.16767416666666665
256848,0.15860083333333333
256849,0.14678916666666667
256850,0.13418083333333333
256851,0.12737833333333332
256852,0.1192975
256853,0.1264075
256854,0.13226333333333334
256855,0.14519083333333332
256856,0.16198083333333332
256857,0.17694166666666666
256858,0.18791750000000002
256859,0.20453000000000002
256860,0.21667083333333334
256861,0.2227316666666667
256862,0.2275
256863,0.23088166666666668
256864,0.23812333333333335
256865,0.2511291666666667
256866,0.26282916666666667
256867,0.27626333333333336
256868,0.2760675
256869,0.275925
256870,0.268315
256871,0.2564491666666667
256872,0.2461033333333333
256873,0.23694333333333334
256874,0.226095
256875,0.21897333333333333
256876,0.21580749999999999
256877,0.21514666666666665
256878,0.2068141666666667
256879,0.19869416666666667
256880,0.1883925
256881,0.17885
256882,0.16931749999999998
256883,0.16413166666666665
256884,0.16504083333333333
256885,0.16743083333333333
256886,0.17551666666666668
256887,0.20456416666666666
256888,0.23603333333333332
256889,0.26436
256890,0.2927725
256891,0.32574166666666665
256892,0.3586358333333334
256893,0.4025208333333333
256894,0.44200000000000006
256895,0.48176916666666675
256896,0.5258566666666666
256897,0.5777783333333333
256898,0.6263274999999999
256899,0.6705441666666666
256900,0.7161458333333334
256901,0.7589991666666668
256902,0.7826858333333334
256903,0.8063583333333334
256904,0.8293308333333334
256905,0.8511633333333334
256906,0.8695191666666667
256907,0.8859458333333333
256908,0.9048491666666667
256909,0.9254058333333333
256910,0.9437208333333333
256911,0.9574833333333334
256912,0.9595058333333333
256913,0.9593516666666667
256914,0.9522191666666667
256915,0.9425
256916,0.9308908333333332
256917,0.9167508333333333
256918,0.9059958333333333
256919,0.8951991666666667
256920,0.8822691666666667
256921,0.8668858333333332
256922,0.8557183333333334
256923,0.84563
256924,0.8394583333333333
256925,0.8313875
256926,0.8258325000000001
256927,0.8223491666666667
256928,0.8151833333333334
256929,0.8215033333333334
256930,0.828425
256931,0.8353266666666668
256932,0.8418033333333333
256933,0.8421366666666666
256934,0.8411116666666667
256935,0.8422683333333334
256936,0.8441008333333334
256937,0.8413025
256938,0.8167391666666666
256939,0.7763341666666667
256940,0.72665
256941,0.6766558333333333
256942,0.6294475
256943,0.5862391666666666
256944,0.5344458333333333
256945,0.48421749999999997
256946,0.43512333333333336
256947,0.3865
256948,0.33933083333333336
256949,0.29546083333333334
256950,0.2532816666666667
256951,0.21039333333333332
256952,0.16750833333333331
256953,0.15580833333333333
256954,0.15560500000000002
256955,0.165155
256956,0.16587333333333332
256957,0.1661933333333333
256958,0.16512916666666666
256959,0.16639083333333332
256960,0.16666333333333333
256961,0.16606833333333335
256962,0.16662416666666668
256963,0.16594833333333334
256964,0.16736166666666666
256965,0.16420083333333332
256966,0.16167833333333334
256967,0.15783166666666665
256968,0.13986166666666666
256969,0.122765
256970,0.10735583333333333
256971,0.09985083333333332
256972,0.09103916666666666
256973,0.0828625
256974,0.07397
256975,0.0645925
256976,0.057159166666666664
256977,0.05017833333333333
256978,0.0444275
256979,0.036074999999999996
256980,0.030421666666666666
256981,0.0252475
256982,0.022398333333333336
256983,0.022964166666666667
256984,0.023005833333333336
256985,0.0231825
256986,0.02399
256987,0.02767666666666667
256988,0.030709166666666666
256989,0.03374833333333333
256990,0.03854916666666666
256991,0.04608833333333333
256992,0.051935833333333334
256993,0.06315166666666668
256994,0.07441
256995,0.08524250000000001
256996,0.09557833333333333
256997,0.10375833333333334
256998,0.11010333333333334
256999,0.11662166666666667
257000,0.12295083333333334
257001,0.12645
257002,0.13120333333333334
257003,0.13920166666666667
257004,0.14735083333333332
257005,0.15077416666666668
257006,0.14867416666666664
257007,0.14906083333333334
257008,0.14549916666666668
257009,0.14015333333333332
257010,0.13556500000000002
257011,0.1312125
257012,0.13047
257013,0.13311416666666667
257014,0.15339750000000002
257015,0.1759475
257016,0.20322833333333332
257017,0.23045333333333332
257018,0.25070166666666666
257019,0.2651891666666667
257020,0.27562916666666665
257021,0.28828750000000003
257022,0.301935
257023,0.31295749999999994
257024,0.329115
257025,0.34293833333333335
257026,0.3608325
257027,0.3792466666666667
257028,0.3951483333333333
257029,0.3821925
257030,0.36441083333333335
257031,0.34575666666666666
257032,0.3239883333333333
257033,0.3022258333333333
257034,0.2869216666666667
257035,0.27388666666666667
257036,0.26163333333333333
257037,0.24533000000000002
257038,0.23151249999999998
257039,0.2119275
257040,0.1988633333333333
257041,0.183495
257042,0.1672958333333333
257043,0.15325999999999998
257044,0.15303583333333334
257045,0.15603583333333332
257046,0.1527975
257047,0.14765583333333332
257048,0.14463083333333335
257049,0.13991416666666667
257050,0.14184166666666667
257051,0.14159666666666665
257052,0.14426583333333332
257053,0.1460725
257054,0.14815583333333335
257055,0.14649166666666666
257056,0.14609833333333333
257057,0.14221166666666668
257058,0.13560916666666667
257059,0.129975
257060,0.12466333333333333
257061,0.1196725
257062,0.1192075
257063,0.12237666666666666
257064,0.12508833333333333
257065,0.1261225
257066,0.13342749999999998
257067,0.14304083333333334
257068,0.15511916666666667
257069,0.18090166666666666
257070,0.21679583333333335
257071,0.2528175
257072,0.2911733333333333
257073,0.3319841666666667
257074,0.36724833333333334
257075,0.40867416666666667
257076,0.45503249999999995
257077,0.5010741666666667
257078,0.5496300000000001
257079,0.6018325000000001
257080,0.6528691666666667
257081,0.7018641666666666
257082,0.7477066666666666
257083,0.79096
257084,0.822885
257085,0.8440316666666666
257086,0.8626308333333333
257087,0.8809091666666666
257088,0.8978424999999999
257089,0.9173683333333333
257090,0.9298941666666667
257091,0.9408316666666666
257092,0.9494666666666666
257093,0.9559624999999999
257094,0.9601399999999999
257095,0.9653466666666667
257096,0.9676216666666666
257097,0.9699408333333334
257098,0.9711375
257099,0.9714658333333333
257100,0.9714825
257101,0.9726033333333334
257102,0.9728266666666666
257103,0.9730708333333333
257104,0.9726833333333335
257105,0.9718766666666667
257106,0.9697425000000001
257107,0.9688383333333335
257108,0.9635750000000001
257109,0.9585091666666667
257110,0.9525541666666667
257111,0.9453583333333333
257112,0.9381591666666667
257113,0.9244275
257114,0.9089783333333334
257115,0.8899349999999999
257116,0.8707475
257117,0.8540908333333335
257118,0.8411425
257119,0.8253833333333332
257120,0.8087949999999999
257121,0.7927141666666666
257122,0.7792891666666667
257123,0.7747133333333333
257124,0.7708791666666667
257125,0.7636791666666666
257126,0.7588741666666667
257127,0.7499133333333333
257128,0.7474075
257129,0.7442249999999999
257130,0.7447450000000001
257131,0.7443558333333333
257132,0.7363616666666667
257133,0.7344433333333333
257134,0.7335008333333334
257135,0.7306833333333334
257136,0.7336158333333334
257137,0.7346066666666666
257138,0.728085
257139,0.7211316666666666
257140,0.7191050000000001
257141,0.7120991666666666
257142,0.7095033333333334
257143,0.7071433333333333
257144,0.7109458333333333
257145,0.7147383333333333
257146,0.7180466666666666
257147,0.7240641666666666
257148,0.7199325000000001
257149,0.7167791666666667
257150,0.7150458333333334
257151,0.710815
257152,0.708025
257153,0.7108475000000001
257154,0.7134766666666668
257155,0.7146533333333333
257156,0.7194766666666667
257157,0.7239475
257158,0.7274533333333333
257159,0.7300383333333333
257160,0.7336025
257161,0.74041
257162,0.7506508333333334
257163,0.7624383333333333
257164,0.7788766666666667
257165,0.7967516666666666
257166,0.8126258333333334
257167,0.8254241666666666
257168,0.8338199999999999
257169,0.8343491666666666
257170,0.8246483333333334
257171,0.8112341666666667
257172,0.7985975
257173,0.7910358333333334
257174,0.7831674999999999
257175,0.7744358333333333
257176,0.7617058333333334
257177,0.7427050000000001
257178,0.7236991666666667
257179,0.7085766666666667
257180,0.6930366666666666
257181,0.6813275
257182,0.6678375
257183,0.6575616666666666
257184,0.6562733333333333
257185,0.6697074999999999
257186,0.6885375
257187,0.7067608333333334
257188,0.7206116666666667
257189,0.7319216666666667
257190,0.7425758333333333
257191,0.7552341666666667
257192,0.7742266666666666
257193,0.792465
257194,0.8060258333333333
257195,0.818405
257196,0.82838
257197,0.8378824999999999
257198,0.8439833333333334
257199,0.84782
257200,0.8473975
257201,0.8433700000000001
257202,0.839465
257203,0.8325541666666666
257204,0.8226724999999999
257205,0.8067616666666667
257206,0.7842616666666667
257207,0.7510533333333334
257208,0.7106891666666666
257209,0.6623075
257210,0.61322
257211,0.5587916666666666
257212,0.5065000000000001
257213,0.45339
257214,0.40115166666666663
257215,0.3512516666666667
257216,0.30373083333333334
257217,0.2556
257218,0.20997916666666666
257219,0.16635916666666667
257220,0.1284375
257221,0.097955
257222,0.079655
257223,0.068985
257224,0.06613833333333333
257225,0.07021666666666666
257226,0.08350750000000001
257227,0.09911666666666667
257228,0.11991333333333333
257229,0.14756083333333334
257230,0.18218666666666666
257231,0.22196083333333333
257232,0.26488666666666666
257233,0.31217666666666666
257234,0.3674225
257235,0.42313833333333334
257236,0.47732416666666666
257237,0.5297850000000001
257238,0.5830933333333334
257239,0.6311933333333334
257240,0.670245
257241,0.7088249999999999
257242,0.7445516666666667
257243,0.7755583333333333
257244,0.7933891666666667
257245,0.8047875
257246,0.8077166666666666
257247,0.8122083333333333
257248,0.8120774999999999
257249,0.8150675000000001
257250,0.8199933333333334
257251,0.8266950000000001
257252,0.8332591666666667
257253,0.8398341666666667
257254,0.8491541666666667
257255,0.8628708333333334
257256,0.8710041666666667
257257,0.8793741666666667
257258,0.8885108333333332
257259,0.9026150000000001
257260,0.9128891666666666
257261,0.9248991666666667
257262,0.9295808333333333
257263,0.9338133333333333
257264,0.9225133333333333
257265,0.9107625
257266,0.8971658333333333
257267,0.8823133333333334
257268,0.86234
257269,0.837875
257270,0.8109925
257271,0.7821858333333334
257272,0.7530399999999999
257273,0.7228016666666667
257274,0.6917958333333334
257275,0.6598208333333333
257276,0.6291491666666665
257277,0.5974291666666666
257278,0.5631983333333334
257279,0.5411866666666667
257280,0.5157916666666666
257281,0.4930333333333333
257282,0.46798083333333335
257283,0.44760833333333333
257284,0.4276041666666667
257285,0.41283416666666667
257286,0.38720916666666666
257287,0.36351833333333333
257288,0.33885166666666666
257289,0.3175525
257290,0.2977175
257291,0.27793500000000004
257292,0.26261416666666665
257293,0.25969583333333335
257294,0.2523233333333333
257295,0.2525808333333333
257296,0.2545941666666666
257297,0.2645525
257298,0.2743116666666667
257299,0.2788116666666667
257300,0.27873166666666666
257301,0.29740333333333335
257302,0.3105525
257303,0.3256383333333333
257304,0.3365033333333333
257305,0.35263250000000007
257306,0.38215916666666666
257307,0.41447249999999997
257308,0.44484583333333333
257309,0.4816475
257310,0.5136299999999999
257311,0.5417383333333333
257312,0.5655541666666667
257313,0.5860658333333333
257314,0.616175
257315,0.6457291666666667
257316,0.6700758333333333
257317,0.6996391666666667
257318,0.7296391666666667
257319,0.7627974999999999
257320,0.7933925000000001
257321,0.8123991666666667
257322,0.8307350000000001
257323,0.845095
257324,0.8501983333333334
257325,0.8547883333333333
257326,0.8594033333333333
257327,0.8653866666666666
257328,0.8743225
257329,0.8810975
257330,0.8916258333333335
257331,0.9019208333333334
257332,0.9108991666666667
257333,0.919735
257334,0.9288566666666667
257335,0.9358524999999999
257336,0.9412883333333333
257337,0.9449325
257338,0.9470675
257339,0.9500116666666666
257340,0.9532308333333334
257341,0.9561499999999999
257342,0.9569916666666667
257343,0.9557825
257344,0.9532166666666666
257345,0.9491591666666666
257346,0.9427033333333333
257347,0.9361033333333333
257348,0.9278908333333333
257349,0.9209983333333334
257350,0.9055375
257351,0.8844675
257352,0.8592158333333334
257353,0.8304016666666667
257354,0.8031383333333334
257355,0.7747991666666666
257356,0.760485
257357,0.7454541666666666
257358,0.7335366666666666
257359,0.7272025000000001
257360,0.7221858333333333
257361,0.7209783333333334
257362,0.7218775
257363,0.7253249999999999
257364,0.7269316666666666
257365,0.7381233333333335
257366,0.7570208333333334
257367,0.7798491666666666
257368,0.8069508333333333
257369,0.830765
257370,0.85652
257371,0.8690608333333334
257372,0.8824825000000001
257373,0.8947958333333333
257374,0.9037908333333333
257375,0.9108041666666667
257376,0.9172999999999999
257377,0.9216666666666667
257378,0.9262758333333333
257379,0.9304208333333333
257380,0.9340624999999999
257381,0.9363425000000001
257382,0.93125
257383,0.9229141666666667
257384,0.901415
257385,0.8762866666666668
257386,0.8501041666666665
257387,0.8318708333333333
257388,0.8129483333333333
257389,0.7859591666666667
257390,0.7512866666666667
257391,0.72052
257392,0.6900324999999999
257393,0.6587966666666667
257394,0.63147
257395,0.5983625
257396,0.5684666666666666
257397,0.5543983333333333
257398,0.5276741666666667
257399,0.5054466666666667
257400,0.4909158333333334
257401,0.46901583333333335
257402,0.4370108333333333
257403,0.4120741666666667
257404,0.39468666666666663
257405,0.390915
257406,0.3876041666666667
257407,0.3900075
257408,0.3845425
257409,0.36837083333333337
257410,0.35579750000000004
257411,0.33855833333333335
257412,0.3132941666666667
257413,0.30575500000000005
257414,0.3181491666666666
257415,0.33026416666666664
257416,0.35373166666666667
257417,0.37487
257418,0.38322333333333336
257419,0.3850508333333334
257420,0.38009
257421,0.36850583333333337
257422,0.34891083333333334
257423,0.33782416666666665
257424,0.33367416666666666
257425,0.3339416666666667
257426,0.3342883333333333
257427,0.3358583333333333
257428,0.33206583333333334
257429,0.3174716666666667
257430,0.31502583333333334
257431,0.31661249999999996
257432,0.3243
257433,0.33871666666666667
257434,0.35972999999999994
257435,0.36794916666666666
257436,0.37864499999999995
257437,0.38830749999999997
257438,0.4008508333333333
257439,0.41888166666666665
257440,0.44332083333333333
257441,0.4671291666666667
257442,0.48873083333333334
257443,0.5108475
257444,0.5446208333333333
257445,0.567385
257446,0.58377
257447,0.6009574999999999
257448,0.6152200000000001
257449,0.6303191666666667
257450,0.6579758333333334
257451,0.6869791666666667
257452,0.7217791666666666
257453,0.7531774999999999
257454,0.78012
257455,0.7944633333333333
257456,0.8071175
257457,0.8195941666666667
257458,0.8345358333333334
257459,0.8391816666666667
257460,0.8361175000000001
257461,0.830455
257462,0.8216391666666667
257463,0.8098550000000001
257464,0.8005875
257465,0.7956008333333333
257466,0.7856016666666666
257467,0.7724175
257468,0.7605216666666668
257469,0.7419558333333334
257470,0.7240283333333333
257471,0.7178283333333333
257472,0.7045349999999999
257473,0.69813
257474,0.6932208333333333
257475,0.6880658333333333
257476,0.6719749999999999
257477,0.65778
257478,0.6428391666666667
257479,0.6283733333333333
257480,0.6027241666666666
257481,0.5941899999999999
257482,0.5786391666666667
257483,0.5536224999999999
257484,0.5336391666666667
257485,0.5169125
257486,0.48435
257487,0.45909666666666665
257488,0.42282
257489,0.382725
257490,0.34729166666666667
257491,0.3211516666666666
257492,0.29391833333333334
257493,0.27699500000000005
257494,0.2572
257495,0.24342583333333334
257496,0.22325166666666665
257497,0.21467583333333334
257498,0.20929416666666664
257499,0.2034875
257500,0.1979975
257501,0.19283666666666668
257502,0.18366333333333335
257503,0.18043416666666667
257504,0.18138583333333333
257505,0.1749225
257506,0.18958333333333333
257507,0.20883250000000003
257508,0.2217833333333333
257509,0.24318583333333332
257510,0.27242500000000003
257511,0.2929791666666667
257512,0.30285083333333335
257513,0.31945
257514,0.33453416666666663
257515,0.3540183333333333
257516,0.3836541666666667
257517,0.43536
257518,0.4876783333333333
257519,0.53896
257520,0.5948291666666666
257521,0.6331425
257522,0.6696825000000001
257523,0.7087358333333333
257524,0.7396633333333333
257525,0.7623441666666667
257526,0.7864949999999999
257527,0.8154741666666666
257528,0.8414766666666668
257529,0.8700758333333333
257530,0.8967433333333333
257531,0.92144
257532,0.9209299999999999
257533,0.9147266666666666
257534,0.9013741666666667
257535,0.8924791666666667
257536,0.8816308333333333
257537,0.8678433333333333
257538,0.8547250000000001
257539,0.8403733333333333
257540,0.8279000000000001
257541,0.8154691666666667
257542,0.7713666666666666
257543,0.7234141666666666
257544,0.6731591666666666
257545,0.6200224999999999
257546,0.5667741666666667
257547,0.5181383333333334
257548,0.46847833333333333
257549,0.42528916666666666
257550,0.37965333333333334
257551,0.33374750000000003
257552,0.287435
257553,0.2409075
257554,0.1960375
257555,0.15162583333333332
257556,0.10459666666666667
257557,0.10139083333333333
257558,0.10125999999999999
257559,0.11078416666666667
257560,0.12333666666666666
257561,0.13944083333333335
257562,0.15968833333333335
257563,0.17989500000000003
257564,0.19519833333333333
257565,0.21524416666666665
257566,0.23623666666666665
257567,0.2699741666666667
257568,0.30737166666666665
257569,0.3490391666666667
257570,0.39604249999999996
257571,0.44324250000000004
257572,0.48319083333333335
257573,0.5256608333333334
257574,0.5575191666666667
257575,0.5907025
257576,0.6109475
257577,0.6306108333333333
257578,0.6532066666666668
257579,0.6865083333333334
257580,0.7114691666666667
257581,0.7362850000000001
257582,0.74693
257583,0.7503991666666666
257584,0.7491850000000001
257585,0.740725
257586,0.7345608333333333
257587,0.727515
257588,0.7186108333333333
257589,0.7145508333333334
257590,0.7070183333333333
257591,0.7024433333333333
257592,0.696315
257593,0.6908074999999999
257594,0.683935
257595,0.6760875
257596,0.6699508333333333
257597,0.6662191666666666
257598,0.6614158333333333
257599,0.656745
257600,0.6570966666666667
257601,0.6498
257602,0.6351091666666666
257603,0.61631
257604,0.6003283333333334
257605,0.5834583333333333
257606,0.5555816666666666
257607,0.5312608333333333
257608,0.50186
257609,0.4660858333333333
257610,0.4285833333333333
257611,0.39030499999999996
257612,0.3523825
257613,0.31833666666666666
257614,0.28500499999999995
257615,0.2522566666666667
257616,0.22933916666666665
257617,0.21330583333333336
257618,0.20820833333333333
257619,0.19897916666666665
257620,0.19455916666666664
257621,0.20646166666666668
257622,0.21818833333333335
257623,0.23823916666666667
257624,0.2636441666666667
257625,0.29389
257626,0.3212158333333333
257627,0.33976666666666666
257628,0.35947833333333334
257629,0.3843408333333334
257630,0.4060083333333333
257631,0.42888750000000003
257632,0.45170916666666666
257633,0.4682058333333333
257634,0.4881425
257635,0.5043799999999999
257636,0.5139883333333334
257637,0.5180358333333334
257638,0.5164633333333334
257639,0.51039
257640,0.5057991666666667
257641,0.5101825000000001
257642,0.5276075
257643,0.5446733333333333
257644,0.5549875
257645,0.5621225
257646,0.5677466666666666
257647,0.5648374999999999
257648,0.5646316666666666
257649,0.5632708333333334
257650,0.5633808333333333
257651,0.568965
257652,0.5709858333333333
257653,0.5796125
257654,0.5848441666666666
257655,0.5871208333333333
257656,0.5743716666666666
257657,0.568135
257658,0.5612025
257659,0.5590858333333333
257660,0.5453308333333333
257661,0.5294566666666667
257662,0.5188283333333333
257663,0.5095308333333334
257664,0.49023333333333335
257665,0.4799191666666667
257666,0.47559083333333335
257667,0.4900366666666667
257668,0.4977725
257669,0.502895
257670,0.49567083333333334
257671,0.48999
257672,0.47064083333333334
257673,0.4502725
257674,0.4232891666666667
257675,0.4108191666666666
257676,0.39538
257677,0.38127583333333337
257678,0.3633608333333333
257679,0.3541775
257680,0.3387741666666667
257681,0.31637499999999996
257682,0.2884091666666667
257683,0.26493083333333334
257684,0.24530166666666667
257685,0.24330416666666668
257686,0.2564516666666667
257687,0.27114
257688,0.29218083333333333
257689,0.31330833333333336
257690,0.3344391666666667
257691,0.34949
257692,0.35861250000000006
257693,0.36948
257694,0.3750691666666667
257695,0.3722033333333333
257696,0.3751808333333333
257697,0.36817500000000003
257698,0.3626366666666667
257699,0.355215
257700,0.34400000000000003
257701,0.3278325
257702,0.31204583333333336
257703,0.28969999999999996
257704,0.27200583333333334
257705,0.25792583333333335
257706,0.25444583333333337
257707,0.25772333333333336
257708,0.26545416666666666
257709,0.27266833333333335
257710,0.28508416666666664
257711,0.29465083333333336
257712,0.3162141666666667
257713,0.3329250000000001
257714,0.3529625
257715,0.37453833333333336
257716,0.3952291666666667
257717,0.4164258333333334
257718,0.43916333333333335
257719,0.4611791666666667
257720,0.47546916666666666
257721,0.49191666666666667
257722,0.5086875000000001
257723,0.52862
257724,0.5382425000000001
257725,0.5467475
257726,0.5548183333333334
257727,0.5567316666666666
257728,0.5519458333333332
257729,0.5496908333333334
257730,0.5488491666666667
257731,0.545805
257732,0.5388391666666668
257733,0.5341816666666667
257734,0.5306241666666667
257735,0.5252566666666667
257736,0.5216083333333333
257737,0.5146491666666667
257738,0.49805750000000004
257739,0.48577250000000005
257740,0.47273250000000006
257741,0.45420166666666667
257742,0.425505
257743,0.40510416666666665
257744,0.3847875
257745,0.36829666666666666
257746,0.35203
257747,0.3370433333333333
257748,0.31912416666666665
257749,0.30138166666666666
257750,0.29540833333333333
257751,0.29023333333333334
257752,0.2837025
257753,0.2791925
257754,0.2899808333333333
257755,0.29459166666666664
257756,0.30322666666666664
257757,0.3109983333333333
257758,0.3335766666666667
257759,0.3574508333333333
257760,0.3743225
257761,0.39394916666666663
257762,0.41629333333333335
257763,0.4454116666666667
257764,0.47230666666666665
257765,0.49302750000000006
257766,0.5105058333333333
257767,0.5398508333333333
257768,0.5732075
257769,0.60195
257770,0.63744
257771,0.6647925000000001
257772,0.6963266666666666
257773,0.7111541666666666
257774,0.7250175
257775,0.7342325
257776,0.7411233333333332
257777,0.7439366666666666
257778,0.7351616666666667
257779,0.7253216666666666
257780,0.7041158333333333
257781,0.6796441666666666
257782,0.6481133333333333
257783,0.5901441666666667
257784,0.5347641666666667
257785,0.47855083333333337
257786,0.4314741666666667
257787,0.3894908333333333
257788,0.35221833333333336
257789,0.31402416666666666
257790,0.27943083333333335
257791,0.23950666666666667
257792,0.20361416666666665
257793,0.17980446428571425
257794,0.15316153846153846
257795,0.137421875
257796,0.11823409090909089
257797,0.09449749999999998
257798,0.10035555555555555
257799,0.10284999999999998
257800,0.3637109375
257801,0.39549999999999996
257802,0.40714125
257803,0.4107852272727273
257804,0.4067395833333333
257805,0.40124134615384616
257806,0.39348482142857144
257807,0.38852083333333337
257808,0.39624500000000007
257809,0.4081325
257810,0.415485
257811,0.4210325
257812,0.42712916666666667
257813,0.4323233333333334
257814,0.42837916666666664
257815,0.43227083333333327
257816,0.43419083333333336
257817,0.4385358333333333
257818,0.44420916666666665
257819,0.46485583333333336
257820,0.4872333333333333
257821,0.5120491666666667
257822,0.533505
257823,0.5567483333333333
257824,0.5653
257825,0.5700091666666667
257826,0.5709825
257827,0.5710433333333333
257828,0.5672925000000001
257829,0.5470550000000001
257830,0.5238716666666667
257831,0.5025241666666667
257832,0.49478333333333335
257833,0.4957566666666667
257834,0.48194583333333335
257835,0.4660275
257836,0.4528775
257837,0.43557833333333335
257838,0.41442249999999997
257839,0.39973833333333336
257840,0.38503583333333335
257841,0.37621166666666667
257842,0.3534
257843,0.33180916666666666
257844,0.31084666666666666
257845,0.28939666666666664
257846,0.2671241666666667
257847,0.23850999999999997
257848,0.205355
257849,0.17744666666666667
257850,0.1509075
257851,0.12240916666666667
257852,0.10134083333333334
257853,0.0822075
257854,0.0719475
257855,0.06601416666666667
257856,0.05642666666666667
257857,0.06497583333333333
257858,0.0819175
257859,0.09898333333333334
257860,0.12522
257861,0.15212
257862,0.18134583333333334
257863,0.20365666666666668
257864,0.21129666666666666
257865,0.22082749999999998
257866,0.2360108333333333
257867,0.24690416666666667
257868,0.25477
257869,0.26102166666666665
257870,0.2630458333333333
257871,0.2687
257872,0.2681091666666667
257873,0.26345
257874,0.25541166666666665
257875,0.2376541666666667
257876,0.22193166666666667
257877,0.20944833333333335
257878,0.20921333333333333
257879,0.22733833333333334
257880,0.245065
257881,0.25781166666666666
257882,0.2709141666666666
257883,0.2855416666666667
257884,0.30186999999999997
257885,0.3146775
257886,0.32834916666666664
257887,0.3442883333333333
257888,0.36295333333333335
257889,0.3947908333333333
257890,0.4310941666666667
257891,0.4636308333333333
257892,0.4908458333333333
257893,0.5133558333333333
257894,0.5315958333333334
257895,0.5521175
257896,0.5719299999999999
257897,0.5965758333333333
257898,0.6225066666666667
257899,0.6499116666666667
257900,0.6833849999999999
257901,0.7086141666666668
257902,0.7314775
257903,0.7479816666666667
257904,0.7517958333333332
257905,0.7495683333333333
257906,0.7418508333333332
257907,0.7329891666666667
257908,0.7218916666666666
257909,0.7152391666666666
257910,0.7037708333333333
257911,0.695755
257912,0.6869575
257913,0.6804733333333334
257914,0.6708183333333333
257915,0.6631049999999999
257916,0.6599925
257917,0.6583283333333334
257918,0.6554774999999999
257919,0.6582441666666666
257920,0.6619275000000001
257921,0.6647291666666668
257922,0.6642441666666666
257923,0.6642283333333334
257924,0.66691
257925,0.6706975
257926,0.6821116666666668
257927,0.6919233333333333
257928,0.6955275
257929,0.698995
257930,0.6978166666666666
257931,0.6974308333333333
257932,0.6997266666666666
257933,0.7048241666666667
257934,0.7074649999999999
257935,0.7145975
257936,0.7288366666666666
257937,0.7484175
257938,0.7687716666666666
257939,0.7829541666666666
257940,0.7986441666666667
257941,0.8030166666666666
257942,0.8093558333333333
257943,0.8206141666666668
257944,0.8308166666666666
257945,0.8447266666666667
257946,0.85537
257947,0.8583408333333333
257948,0.8582183333333333
257949,0.8595175000000002
257950,0.8588416666666666
257951,0.8358316666666668
257952,0.8107833333333334
257953,0.7827366666666666
257954,0.7524641666666667
257955,0.7204533333333334
257956,0.6838833333333334
257957,0.6383858333333333
257958,0.5862891666666666
257959,0.5399241666666666
257960,0.49214833333333335
257961,0.448725
257962,0.40707000000000004
257963,0.3663233333333334
257964,0.32196416666666666
257965,0.27713249999999995
257966,0.25746
257967,0.23933500000000002
257968,0.2181025
257969,0.19778500000000002
257970,0.18518333333333334
257971,0.17998083333333334
257972,0.20052916666666665
257973,0.2248991666666667
257974,0.24393166666666666
257975,0.2637158333333333
257976,0.28215166666666663
257977,0.3044616666666667
257978,0.3254058333333333
257979,0.3395341666666667
257980,0.3465891666666667
257981,0.3520375
257982,0.35659166666666664
257983,0.36669333333333337
257984,0.37983333333333336
257985,0.38855916666666673
257986,0.4018058333333333
257987,0.398675
257988,0.39552583333333335
257989,0.39724916666666665
257990,0.4037433333333334
257991,0.4130858333333334
257992,0.4216316666666666
257993,0.4315383333333333
257994,0.4541941666666667
257995,0.4753516666666667
257996,0.4948691666666667
257997,0.5214158333333334
257998,0.547755
257999,0.5475883333333333
258000,0.5472724999999999
258001,0.5428258333333333
258002,0.5336933333333334
258003,0.5257516666666666
258004,0.5115016666666666
258005,0.4931175
258006,0.46832250000000003
258007,0.44575750000000003
258008,0.419985
258009,0.39645916666666664
258010,0.3812758333333333
258011,0.3628666666666666
258012,0.329525
258013,0.30353166666666664
258014,0.30070416666666666
258015,0.30181166666666664
258016,0.30121749999999997
258017,0.300925
258018,0.30373
258019,0.3105908333333333
258020,0.3190366666666667
258021,0.33942333333333335
258022,0.35164833333333334
258023,0.37005249999999995
258024,0.3801358333333333
258025,0.3886366666666667
258026,0.39830166666666666
258027,0.415535
258028,0.4245641666666667
258029,0.4365483333333333
258030,0.44206500000000004
258031,0.44964
258032,0.4602775
258033,0.4679975
258034,0.4790325
258035,0.48750499999999997
258036,0.48711583333333336
258037,0.4910758333333333
258038,0.5022375
258039,0.5153991666666667
258040,0.5326216666666667
258041,0.5572383333333334
258042,0.5885516666666667
258043,0.6217291666666667
258044,0.6536391666666667
258045,0.6870441666666667
258046,0.714705
258047,0.7438408333333334
258048,0.7709991666666666
258049,0.79569
258050,0.8187375
258051,0.8412875000000001
258052,0.8638808333333333
258053,0.8767466666666668
258054,0.8896216666666666
258055,0.9001641666666667
258056,0.90442
258057,0.90045
258058,0.89555
258059,0.894045
258060,0.8896866666666666
258061,0.88846
258062,0.8806441666666667
258063,0.8759633333333333
258064,0.8706641666666666
258065,0.8657941666666666
258066,0.8608325
258067,0.8603958333333334
258068,0.8598608333333334
258069,0.8613183333333334
258070,0.8628558333333333
258071,0.8649725
258072,0.8698041666666667
258073,0.873795
258074,0.8767658333333334
258075,0.878815
258076,0.8792508333333334
258077,0.8845950000000001
258078,0.8889175
258079,0.8896650000000002
258080,0.8857308333333334
258081,0.8819458333333333
258082,0.8762708333333333
258083,0.8703825
258084,0.8638358333333332
258085,0.8584466666666668
258086,0.8466241666666666
258087,0.83023
258088,0.814175
258089,0.7971858333333334
258090,0.7767816666666667
258091,0.7553991666666666
258092,0.72509
258093,0.6951966666666666
258094,0.6644583333333334
258095,0.6322058333333334
258096,0.59913
258097,0.562855
258098,0.5261216666666667
258099,0.48750583333333336
258100,0.4492475
258101,0.41665583333333334
258102,0.3900566666666666
258103,0.36421583333333335
258104,0.33874
258105,0.31873333333333337
258106,0.30630749999999995
258107,0.3018125
258108,0.2991033333333333
258109,0.30131333333333327
258110,0.30988333333333334
258111,0.3180191666666667
258112,0.3236466666666667
258113,0.32667999999999997
258114,0.3265383333333334
258115,0.3305266666666667
258116,0.343725
258117,0.369755
258118,0.39946583333333335
258119,0.4135275
258120,0.42627166666666666
258121,0.4313325
258122,0.4435091666666667
258123,0.45764166666666667
258124,0.4710283333333333
258125,0.48817083333333333
258126,0.5025991666666667
258127,0.5197091666666667
258128,0.54384
258129,0.5722283333333333
258130,0.5998583333333334
258131,0.6131441666666667
258132,0.6168391666666667
258133,0.6188216666666667
258134,0.6378116666666667
258135,0.652095
258136,0.6664533333333333
258137,0.6717216666666667
258138,0.6693808333333333
258139,0.6709458333333332
258140,0.668565
258141,0.6592266666666667
258142,0.64992
258143,0.6435691666666667
258144,0.6361399999999999
258145,0.6110774999999999
258146,0.5901866666666665
258147,0.5638316666666666
258148,0.5269016666666667
258149,0.48629333333333336
258150,0.4550825
258151,0.43260583333333336
258152,0.4175508333333333
258153,0.4039316666666667
258154,0.3878791666666667
258155,0.3667616666666667
258156,0.36568083333333334
258157,0.3708058333333334
258158,0.371675
258159,0.377315
258160,0.37767999999999996
258161,0.38600666666666666
258162,0.39412583333333334
258163,0.4179808333333333
258164,0.44321249999999995
258165,0.4589708333333334
258166,0.47944583333333335
258167,0.502085
258168,0.5281316666666667
258169,0.5477666666666666
258170,0.571315
258171,0.5865508333333334
258172,0.5994875000000001
258173,0.5996866666666667
258174,0.5801641666666667
258175,0.5788650000000001
258176,0.5683683333333334
258177,0.5589408333333333
258178,0.5389975
258179,0.5202266666666666
258180,0.5076091666666667
258181,0.48861333333333334
258182,0.45913916666666665
258183,0.43177666666666664
258184,0.40920416666666665
258185,0.3918458333333333
258186,0.36787916666666665
258187,0.34005416666666666
258188,0.321525
258189,0.31873749999999995
258190,0.3167074999999999
258191,0.3068558333333333
258192,0.30398749999999997
258193,0.3043566666666667
258194,0.3025291666666667
258195,0.29665749999999996
258196,0.27535000000000004
258197,0.2572875
258198,0.23586916666666666
258199,0.2128575
258200,0.18570166666666665
258201,0.16621
258202,0.14625666666666665
258203,0.12902833333333333
258204,0.1135975
258205,0.1005325
258206,0.11324249999999998
258207,0.12201749999999999
258208,0.12726083333333332
258209,0.1326375
258210,0.14719416666666665
258211,0.17138166666666665
258212,0.19461
258213,0.21485583333333336
258214,0.2430425
258215,0.2711
258216,0.30070166666666664
258217,0.33803666666666665
258218,0.3704233333333333
258219,0.40263
258220,0.43143833333333337
258221,0.44156333333333336
258222,0.44302166666666665
258223,0.44284166666666663
258224,0.44672999999999996
258225,0.4452175
258226,0.4447475
258227,0.43629416666666665
258228,0.4365625
258229,0.43686250000000004
258230,0.430905
258231,0.4232258333333333
258232,0.4094875
258233,0.4014783333333333
258234,0.3838533333333333
258235,0.3727983333333333
258236,0.36881916666666664
258237,0.3701875
258238,0.3721175
258239,0.37072083333333333
258240,0.37674
258241,0.3829525
258242,0.39740916666666665
258243,0.40782916666666663
258244,0.4207808333333334
258245,0.44479416666666666
258246,0.4672233333333333
258247,0.48765583333333334
258248,0.50844
258249,0.5404966666666666
258250,0.5670525000000001
258251,0.5910483333333334
258252,0.6113666666666667
258253,0.6377075
258254,0.66463
258255,0.684825
258256,0.7038949999999999
258257,0.719535
258258,0.7307216666666666
258259,0.7319816666666666
258260,0.7258216666666666
258261,0.7127158333333333
258262,0.7020591666666667
258263,0.6797141666666667
258264,0.6445550000000001
258265,0.6064900000000001
258266,0.5642774999999999
258267,0.5273216666666667
258268,0.4871425
258269,0.44817
258270,0.4144375
258271,0.3916408333333333
258272,0.3840833333333334
258273,0.3824625
258274,0.37851416666666665
258275,0.37586583333333334
258276,0.38110083333333333
258277,0.4016566666666667
258278,0.42808666666666667
258279,0.4655116666666667
258280,0.5088166666666667
258281,0.5569591666666667
258282,0.6005183333333334
258283,0.6417758333333333
258284,0.6811558333333333
258285,0.7163366666666667
258286,0.7392083333333334
258287,0.7537208333333333
258288,0.7613483333333334
258289,0.7727333333333334
258290,0.7870766666666668
258291,0.8023775000000001
258292,0.8047766666666667
258293,0.8095058333333333
258294,0.8135858333333333
258295,0.8153808333333333
258296,0.815975
258297,0.8186166666666668
258298,0.8259958333333334
258299,0.8331066666666668
258300,0.8388941666666666
258301,0.8451883333333333
258302,0.846415
258303,0.8491216666666667
258304,0.8527041666666667
258305,0.8569666666666667
258306,0.8643841666666667
258307,0.8680983333333334
258308,0.873035
258309,0.8778233333333333
258310,0.8819208333333334
258311,0.8871541666666667
258312,0.8926241666666666
258313,0.8974966666666667
258314,0.9032049999999999
258315,0.9090458333333333
258316,0.9157274999999999
258317,0.9240625
258318,0.9351566666666666
258319,0.9443075000000001
258320,0.9520716666666666
258321,0.9550233333333333
258322,0.9580350000000001
258323,0.958975
258324,0.9549533333333334
258325,0.94613
258326,0.9333266666666666
258327,0.9218616666666667
258328,0.9103858333333332
258329,0.8967466666666667
258330,0.8807016666666667
258331,0.8617341666666667
258332,0.8477516666666667
258333,0.8383316666666667
258334,0.8292383333333332
258335,0.8174708333333334
258336,0.8019616666666667
258337,0.7905616666666667
258338,0.7786425
258339,0.7662324999999999
258340,0.7550216666666666
258341,0.7541891666666667
258342,0.7503975
258343,0.73904
258344,0.7288016666666667
258345,0.7228475
258346,0.7224575000000001
258347,0.7186991666666667
258348,0.71121
258349,0.7068208333333333
258350,0.7026458333333333
258351,0.699165
258352,0.6847933333333333
258353,0.67557
258354,0.6750700000000001
258355,0.6802441666666666
258356,0.6729083333333333
258357,0.6673674999999999
258358,0.6692316666666667
258359,0.6744225
258360,0.6772341666666667
258361,0.6740333333333334
258362,0.6684291666666666
258363,0.6614233333333333
258364,0.6520133333333333
258365,0.644765
258366,0.64114
258367,0.6542041666666667
258368,0.6721333333333334
258369,0.6885641666666665
258370,0.7026991666666668
258371,0.7230308333333333
258372,0.7427358333333333
258373,0.7622241666666666
258374,0.7780683333333334
258375,0.7949641666666667
258376,0.8161608333333333
258377,0.8387683333333334
258378,0.8618583333333334
258379,0.8833375
258380,0.9045491666666667
258381,0.9258133333333334
258382,0.93715
258383,0.94111
258384,0.9433608333333333
258385,0.9436416666666666
258386,0.9433316666666667
258387,0.9436858333333333
258388,0.9444341666666667
258389,0.9454116666666667
258390,0.9462058333333333
258391,0.9449808333333335
258392,0.9420499999999999
258393,0.9384275
258394,0.9338599999999999
258395,0.9269883333333333
258396,0.9195524999999999
258397,0.9141625
258398,0.90728
258399,0.8994325000000001
258400,0.8940083333333334
258401,0.8879075000000001
258402,0.8820883333333334
258403,0.8735750000000001
258404,0.8624108333333333
258405,0.8480391666666667
258406,0.8365624999999999
258407,0.8271966666666667
258408,0.8150641666666666
258409,0.8013150000000001
258410,0.7853566666666667
258411,0.77059
258412,0.7570208333333334
258413,0.7420025
258414,0.7328908333333334
258415,0.7214849999999999
258416,0.7111433333333333
258417,0.7018841666666666
258418,0.6992225
258419,0.7039416666666667
258420,0.7135583333333333
258421,0.7254358333333334
258422,0.7355291666666667
258423,0.7464100000000001
258424,0.7607116666666668
258425,0.7830475
258426,0.8029799999999999
258427,0.8188408333333332
258428,0.8380725000000001
258429,0.8528991666666668
258430,0.8663624999999999
258431,0.8608408333333333
258432,0.85016
258433,0.8403741666666668
258434,0.8224800000000001
258435,0.8032241666666666
258436,0.7821508333333334
258437,0.7686266666666666
258438,0.757705
258439,0.7438933333333334
258440,0.72591
258441,0.7092525000000001
258442,0.6955950000000001
258443,0.6831366666666666
258444,0.6714633333333333
258445,0.6645558333333333
258446,0.6728808333333334
258447,0.6851366666666667
258448,0.6944075
258449,0.7062383333333333
258450,0.7157716666666667
258451,0.7225941666666666
258452,0.7212658333333334
258453,0.7204491666666667
258454,0.7231766666666667
258455,0.7291591666666667
258456,0.7371041666666667
258457,0.7355091666666667
258458,0.7311208333333333
258459,0.7259908333333333
258460,0.7222641666666667
258461,0.7235975000000001
258462,0.7241833333333333
258463,0.7170650000000001
258464,0.7111491666666667
258465,0.7045941666666666
258466,0.6986591666666667
258467,0.6970500000000001
258468,0.69673
258469,0.6905858333333333
258470,0.6879883333333333
258471,0.6737158333333333
258472,0.6685158333333334
258473,0.6582483333333333
258474,0.6470383333333334
258475,0.6398708333333333
258476,0.6382033333333332
258477,0.639665
258478,0.6471408333333333
258479,0.6520016666666667
258480,0.6598241666666668
258481,0.6659491666666667
258482,0.6695408333333334
258483,0.6671591666666666
258484,0.6720866666666666
258485,0.6727941666666667
258486,0.6726066666666667
258487,0.6760925
258488,0.6689783333333333
258489,0.65936
258490,0.6423291666666667
258491,0.6193725
258492,0.5893999999999999
258493,0.5562666666666668
258494,0.5227125
258495,0.4874466666666667
258496,0.4550941666666667
258497,0.4216175
258498,0.3936733333333333
258499,0.3613225
258500,0.33562083333333337
258501,0.32273666666666667
258502,0.31126333333333334
258503,0.3229275
258504,0.3449675
258505,0.36466333333333334
258506,0.38200083333333335
258507,0.4048641666666667
258508,0.4310766666666667
258509,0.45004000000000005
258510,0.46728083333333337
258511,0.481985
258512,0.49882750000000003
258513,0.5137324999999999
258514,0.5264083333333333
258515,0.5370008333333334
258516,0.552875
258517,0.5606575
258518,0.5597191666666667
258519,0.5518583333333333
258520,0.5417091666666667
258521,0.5333441666666666
258522,0.5296283333333334
258523,0.52554
258524,0.5304175
258525,0.5357666666666667
258526,0.5401466666666667
258527,0.5387866666666666
258528,0.53608
258529,0.5435575
258530,0.5477191666666666
258531,0.548845
258532,0.5565166666666667
258533,0.5672733333333333
258534,0.5745574999999999
258535,0.5886674999999999
258536,0.601485
258537,0.6094183333333334
258538,0.6240525
258539,0.6395316666666666
258540,0.6606341666666666
258541,0.6809799999999999
258542,0.70697
258543,0.733425
258544,0.7496591666666668
258545,0.7645366666666666
258546,0.7753841666666668
258547,0.7806433333333334
258548,0.7849799999999999
258549,0.7933491666666667
258550,0.80127
258551,0.8103816666666666
258552,0.8144483333333333
258553,0.8097841666666666
258554,0.8021033333333333
258555,0.7910275
258556,0.7873791666666666
258557,0.78416
258558,0.7867933333333333
258559,0.7932808333333333
258560,0.7964458333333333
258561,0.7978233333333333
258562,0.7965791666666667
258563,0.7937633333333333
258564,0.7899491666666667
258565,0.7851116666666668
258566,0.765935
258567,0.7528608333333333
258568,0.7423583333333333
258569,0.7361266666666667
258570,0.7296491666666666
258571,0.7193383333333333
258572,0.7086391666666667
258573,0.692335
258574,0.6787466666666667
258575,0.6650408333333334
258576,0.6598624999999999
258577,0.6498275000000001
258578,0.6418633333333333
258579,0.6323841666666666
258580,0.6191625
258581,0.6046516666666667
258582,0.5898033333333335
258583,0.5717383333333335
258584,0.5544908333333333
258585,0.5337558333333334
258586,0.5123483333333333
258587,0.49417750000000005
258588,0.47037
258589,0.44294166666666673
258590,0.41468750000000004
258591,0.3755475
258592,0.34813333333333335
258593,0.32730583333333335
258594,0.31052416666666666
258595,0.3051675
258596,0.31650833333333334
258597,0.32832750000000005
258598,0.3376308333333334
258599,0.3506991666666667
258600,0.36737333333333333
258601,0.38575166666666666
258602,0.40021
258603,0.41998
258604,0.43663833333333335
258605,0.45501083333333336
258606,0.47828
258607,0.5081116666666666
258608,0.5329383333333333
258609,0.5634116666666666
258610,0.58692
258611,0.6097916666666667
258612,0.6302133333333334
258613,0.6472958333333333
258614,0.6636158333333333
258615,0.6810333333333333
258616,0.6982991666666667
258617,0.7103225
258618,0.7186558333333334
258619,0.7303366666666666
258620,0.7379325
258621,0.7429116666666666
258622,0.7418966666666668
258623,0.7414933333333333
258624,0.7267758333333333
258625,0.7104999999999999
258626,0.6909233333333333
258627,0.6712475
258628,0.6585066666666667
258629,0.6457316666666667
258630,0.6342566666666667
258631,0.6201858333333333
258632,0.6149950000000001
258633,0.6185849999999999
258634,0.6304591666666666
258635,0.6497575
258636,0.6702049999999999
258637,0.6870458333333332
258638,0.7022116666666667
258639,0.7250058333333332
258640,0.7467308333333335
258641,0.7704741666666667
258642,0.793775
258643,0.8183766666666666
258644,0.8386558333333334
258645,0.8537091666666667
258646,0.8684208333333334
258647,0.8802774999999999
258648,0.8865675
258649,0.8842316666666666
258650,0.8753908333333332
258651,0.8657408333333333
258652,0.8516608333333334
258653,0.8370708333333333
258654,0.8177025
258655,0.8027158333333333
258656,0.783305
258657,0.7623783333333333
258658,0.7395325
258659,0.71168
258660,0.6883733333333333
258661,0.6693091666666666
258662,0.6458583333333333
258663,0.6238275000000001
258664,0.5998133333333334
258665,0.5813900000000001
258666,0.5725925000000001
258667,0.559035
258668,0.5412275
258669,0.5435466666666666
258670,0.5331475
258671,0.5268208333333334
258672,0.5221883333333334
258673,0.5157849999999999
258674,0.5113291666666666
258675,0.5132691666666667
258676,0.5052366666666667
258677,0.4960725
258678,0.4837766666666667
258679,0.47265499999999994
258680,0.46364416666666664
258681,0.44648333333333334
258682,0.4397808333333334
258683,0.4399516666666667
258684,0.41931
258685,0.4067866666666667
258686,0.39631500000000003
258687,0.386705
258688,0.38601416666666666
258689,0.38831750000000004
258690,0.3839183333333333
258691,0.38516999999999996
258692,0.3940616666666667
258693,0.41301333333333334
258694,0.42496000000000006
258695,0.4377833333333333
258696,0.45282583333333337
258697,0.46359833333333333
258698,0.46893166666666664
258699,0.480065
258700,0.47907333333333335
258701,0.4801591666666667
258702,0.4798766666666667
258703,0.47214416666666664
258704,0.4637075
258705,0.45600416666666665
258706,0.4511583333333333
258707,0.4438475
258708,0.4298275
258709,0.424855
258710,0.4171091666666667
258711,0.41229333333333334
258712,0.4095508333333333
258713,0.4089708333333333
258714,0.40536416666666664
258715,0.41941416666666664
258716,0.4290558333333333
258717,0.4394266666666667
258718,0.45247916666666665
258719,0.4701375
258720,0.4857216666666666
258721,0.4939175
258722,0.4987991666666666
258723,0.5048525
258724,0.5089283333333333
258725,0.5093983333333333
258726,0.5017033333333333
258727,0.49114583333333334
258728,0.4796991666666666
258729,0.4719933333333334
258730,0.45889166666666664
258731,0.44124166666666664
258732,0.4235716666666667
258733,0.40814500000000004
258734,0.3919691666666667
258735,0.37683500000000003
258736,0.36475
258737,0.35533166666666666
258738,0.33935666666666664
258739,0.3325208333333334
258740,0.32841833333333337
258741,0.33163333333333334
258742,0.337215
258743,0.3446433333333333
258744,0.3438716666666667
258745,0.3411341666666667
258746,0.3408975
258747,0.33611166666666664
258748,0.32838249999999997
258749,0.3148358333333333
258750,0.3022491666666667
258751,0.2916491666666666
258752,0.28038833333333335
258753,0.27126
258754,0.2547683333333333
258755,0.24013833333333334
258756,0.22300166666666668
258757,0.21349583333333333
258758,0.20075166666666666
258759,0.19074083333333333
258760,0.1840025
258761,0.18740916666666668
258762,0.20093833333333333
258763,0.2292441666666667
258764,0.25130083333333336
258765,0.2730491666666667
258766,0.3040833333333333
258767,0.3288925
258768,0.35911
258769,0.38942916666666666
258770,0.42472583333333336
258771,0.4489858333333333
258772,0.4593391666666667
258773,0.46805083333333336
258774,0.4796841666666667
258775,0.4833225
258776,0.4786058333333333
258777,0.4686166666666667
258778,0.44657250000000004
258779,0.43380583333333333
258780,0.42151083333333333
258781,0.3977433333333334
258782,0.38041416666666666
258783,0.36033250000000006
258784,0.3426041666666667
258785,0.3186575
258786,0.3069858333333333
258787,0.3185266666666667
258788,0.3283333333333333
258789,0.3321341666666667
258790,0.34202666666666665
258791,0.3508625
258792,0.3615133333333333
258793,0.36879083333333335
258794,0.37452
258795,0.3809875
258796,0.3878675
258797,0.4045041666666666
258798,0.42310249999999994
258799,0.4437083333333333
258800,0.47288833333333335
258801,0.4992416666666667
258802,0.5117991666666667
258803,0.5311733333333334
258804,0.5586599999999999
258805,0.59039
258806,0.6230541666666667
258807,0.6585566666666668
258808,0.6950749999999999
258809,0.73304
258810,0.7689591666666666
258811,0.8081541666666667
258812,0.8379391666666667
258813,0.8658616666666666
258814,0.8899716666666666
258815,0.9042899999999999
258816,0.9183033333333335
258817,0.9301658333333334
258818,0.9404841666666667
258819,0.9492225
258820,0.9554958333333333
258821,0.9627958333333333
258822,0.9652941666666666
258823,0.9678708333333333
258824,0.9692175
258825,0.9706241666666667
258826,0.9718166666666667
258827,0.9727283333333333
258828,0.9743291666666667
258829,0.9757083333333334
258830,0.9768074999999999
258831,0.9775166666666666
258832,0.9779375
258833,0.9786883333333333
258834,0.9786233333333333
258835,0.9786975000000001
258836,0.9787541666666667
258837,0.9786116666666668
258838,0.9794241666666667
258839,0.9799808333333334
258840,0.9800441666666667
258841,0.9799291666666666
258842,0.9798975
258843,0.9800483333333333
258844,0.9802516666666666
258845,0.9802266666666667
258846,0.9806108333333333
258847,0.9811641666666666
258848,0.9820075
258849,0.9830333333333334
258850,0.9839258333333334
258851,0.9832808333333333
258852,0.9821158333333333
258853,0.9786525
258854,0.9748566666666666
258855,0.9691508333333334
258856,0.9643116666666667
258857,0.9610608333333334
258858,0.9596833333333333
258859,0.9565333333333332
258860,0.9531191666666667
258861,0.93761
258862,0.9213708333333333
258863,0.9039275
258864,0.8901658333333332
258865,0.871715
258866,0.8533550000000001
258867,0.8420458333333334
258868,0.8189708333333333
258869,0.7936283333333333
258870,0.7698474999999999
258871,0.7403933333333332
258872,0.6989675
258873,0.6636158333333333
258874,0.6256275
258875,0.5901683333333333
258876,0.573515
258877,0.5620308333333334
258878,0.5463591666666667
258879,0.5318075
258880,0.5198666666666666
258881,0.5125991666666666
258882,0.4988675
258883,0.5003025
258884,0.5061191666666667
258885,0.5144758333333334
258886,0.5149283333333333
258887,0.5191133333333333
258888,0.5140741666666667
258889,0.5166966666666667
258890,0.5181833333333333
258891,0.5156041666666666
258892,0.5153283333333333
258893,0.5176925
258894,0.5130958333333333
258895,0.5049083333333334
258896,0.49027333333333334
258897,0.4774925
258898,0.46652249999999995
258899,0.45704000000000006
258900,0.4377516666666666
258901,0.4336358333333334
258902,0.4413425
258903,0.4537275
258904,0.44712833333333335
258905,0.44495999999999997
258906,0.44482166666666667
258907,0.43227666666666664
258908,0.4363841666666667
258909,0.43797749999999996
258910,0.4508183333333333
258911,0.4700458333333334
258912,0.48997250000000003
258913,0.51483
258914,0.5350566666666666
258915,0.5406650000000001
258916,0.5522225
258917,0.5703616666666667
258918,0.5885175
258919,0.6166466666666666
258920,0.6399024999999999
258921,0.6503241666666667
258922,0.6643975
258923,0.6594675
258924,0.657985
258925,0.6718258333333333
258926,0.6869075000000001
258927,0.7007391666666666
258928,0.7051083333333333
258929,0.7118666666666668
258930,0.7410074999999999
258931,0.7607075
258932,0.7608416666666666
258933,0.7555124999999999
258934,0.7552508333333333
258935,0.7522975
258936,0.7570316666666667
258937,0.7621108333333333
258938,0.7713808333333333
258939,0.7808433333333333
258940,0.7826925
258941,0.7768633333333332
258942,0.7680175000000001
258943,0.7534691666666666
258944,0.7427458333333333
258945,0.72805
258946,0.7060383333333334
258947,0.6898875
258948,0.6822858333333333
258949,0.6776933333333334
258950,0.6710408333333333
258951,0.6685366666666667
258952,0.6602675
258953,0.6553358333333333
258954,0.6477416666666667
258955,0.624925
258956,0.6030141666666666
258957,0.5778883333333333
258958,0.5566766666666666
258959,0.5371975
258960,0.5183166666666666
258961,0.5018508333333334
258962,0.4847916666666666
258963,0.46095250000000004
258964,0.4263325
258965,0.39389749999999996
258966,0.3601183333333333
258967,0.32921416666666664
258968,0.2935258333333334
258969,0.26191083333333337
258970,0.2326075
258971,0.20511833333333335
258972,0.18306833333333333
258973,0.1630425
258974,0.1365591666666667
258975,0.12047166666666667
258976,0.11053500000000001
258977,0.10268416666666667
258978,0.09610833333333334
258979,0.09811833333333334
258980,0.10029249999999999
258981,0.09821333333333332
258982,0.10148666666666667
258983,0.10664666666666665
258984,0.1098075
258985,0.12088583333333333
258986,0.12977583333333334
258987,0.14041833333333334
258988,0.15137
258989,0.16422083333333334
258990,0.16632083333333333
258991,0.17556249999999998
258992,0.18985
258993,0.20561416666666668
258994,0.21853666666666666
258995,0.2204708333333333
258996,0.22511583333333332
258997,0.23539166666666667
258998,0.2500575
258999,0.27163499999999996
259000,0.28817833333333337
259001,0.3061158333333333
259002,0.3306841666666667
259003,0.3580083333333334
259004,0.3820875
259005,0.41191416666666664
259006,0.44292916666666665
259007,0.4693933333333334
259008,0.49709916666666665
259009,0.5349058333333333
259010,0.5827383333333334
259011,0.6302341666666667
259012,0.6753991666666667
259013,0.7178983333333334
259014,0.7553099999999999
259015,0.7896666666666667
259016,0.8255283333333333
259017,0.8527216666666667
259018,0.8763850000000001
259019,0.8984516666666666
259020,0.9165425
259021,0.9243925
259022,0.9311825
259023,0.9292
259024,0.9181008333333334
259025,0.9000483333333332
259026,0.8734941666666667
259027,0.8359483333333333
259028,0.7951358333333333
259029,0.7481675
259030,0.6999891666666667
259031,0.6522125
259032,0.6042325
259033,0.5603066666666667
259034,0.5239658333333334
259035,0.49848499999999996
259036,0.472405
259037,0.44966083333333334
259038,0.42839583333333336
259039,0.4072116666666667
259040,0.40197083333333333
259041,0.3989116666666667
259042,0.4061208333333333
259043,0.4146575
259044,0.4255333333333333
259045,0.4381975
259046,0.45095999999999997
259047,0.45955666666666667
259048,0.4723891666666667
259049,0.4719116666666666
259050,0.47085333333333335
259051,0.47475
259052,0.4894266666666667
259053,0.508485
259054,0.5312825
259055,0.5416566666666667
259056,0.5550583333333333
259057,0.5625775
259058,0.5815991666666667
259059,0.6014066666666668
259060,0.6198608333333334
259061,0.6401941666666667
259062,0.6657175
259063,0.6812283333333333
259064,0.7034891666666667
259065,0.7206758333333334
259066,0.7406058333333334
259067,0.7474408333333333
259068,0.7453383333333333
259069,0.744105
259070,0.7448
259071,0.748785
259072,0.7558608333333333
259073,0.7489833333333333
259074,0.7460166666666666
259075,0.7428141666666667
259076,0.7289833333333333
259077,0.7163841666666666
259078,0.7093625
259079,0.7039508333333334
259080,0.6925733333333333
259081,0.6726341666666666
259082,0.6559591666666668
259083,0.6479516666666666
259084,0.6300241666666666
259085,0.6341075
259086,0.6391791666666666
259087,0.6421416666666666
259088,0.6487441666666667
259089,0.6517575
259090,0.6446216666666665
259091,0.6451724999999999
259092,0.6430908333333334
259093,0.6337466666666667
259094,0.6248941666666666
259095,0.6209691666666667
259096,0.6214316666666666
259097,0.6168199999999999
259098,0.6073
259099,0.6147408333333334
259100,0.6089899999999999
259101,0.6032425
259102,0.6015925000000001
259103,0.6045816666666666
259104,0.6086233333333334
259105,0.6197441666666668
259106,0.6323525
259107,0.6463641666666666
259108,0.6665675
259109,0.6885125000000001
259110,0.7129333333333334
259111,0.7369433333333333
259112,0.7632458333333333
259113,0.7926458333333334
259114,0.8109541666666666
259115,0.8184666666666668
259116,0.817925
259117,0.8133366666666667
259118,0.8030475
259119,0.79073
259120,0.7689383333333333
259121,0.7591308333333334
259122,0.7341341666666666
259123,0.708
259124,0.6811974999999999
259125,0.6511183333333332
259126,0.6233
259127,0.6059075
259128,0.5833766666666667
259129,0.5611499999999999
259130,0.5435816666666666
259131,0.5297166666666667
259132,0.5181308333333333
259133,0.5163691666666667
259134,0.5196808333333334
259135,0.5393475
259136,0.5442466666666665
259137,0.5568025
259138,0.5724416666666666
259139,0.587025
259140,0.6027008333333334
259141,0.6178466666666668
259142,0.6225616666666667
259143,0.6319483333333333
259144,0.6425475000000002
259145,0.6525541666666667
259146,0.6783216666666667
259147,0.7027450000000001
259148,0.7209741666666666
259149,0.7370858333333333
259150,0.7513716666666667
259151,0.7696483333333333
259152,0.7935216666666668
259153,0.8141716666666667
259154,0.8345591666666667
259155,0.8515591666666666
259156,0.8642533333333333
259157,0.8732516666666666
259158,0.8758433333333333
259159,0.8673774999999999
259160,0.8579891666666667
259161,0.8337375
259162,0.8024266666666666
259163,0.7695683333333334
259164,0.7344075
259165,0.7051375
259166,0.6744341666666666
259167,0.6468366666666666
259168,0.6148041666666668
259169,0.5895125
259170,0.5605775000000001
259171,0.53496
259172,0.5126550000000001
259173,0.4939725
259174,0.488855
259175,0.4864891666666667
259176,0.48442
259177,0.5142241666666667
259178,0.5416275
259179,0.5705516666666667
259180,0.5940233333333332
259181,0.6174958333333334
259182,0.6392641666666667
259183,0.6406891666666666
259184,0.6445975
259185,0.6505583333333332
259186,0.6548241666666665
259187,0.6635233333333334
259188,0.6749016666666666
259189,0.6824333333333333
259190,0.67952
259191,0.674515
259192,0.6415649999999999
259193,0.5984658333333334
259194,0.5564208333333334
259195,0.5144233333333333
259196,0.4720216666666667
259197,0.4290966666666666
259198,0.4112799999999999
259199,0.3887858333333333
259200,0.3690416666666667
259201,0.3502033333333333
259202,0.32326416666666663
259203,0.2944916666666667
259204,0.2666325
259205,0.24692666666666666
259206,0.2320833333333333
259207,0.22850666666666666
259208,0.23039416666666665
259209,0.22727083333333334
259210,0.22268416666666668
259211,0.21943
259212,0.223715
259213,0.2281175
259214,0.22858333333333333
259215,0.2282775
259216,0.22748749999999998
259217,0.2296475
259218,0.23276750000000002
259219,0.2353925
259220,0.23990583333333335
259221,0.242025
259222,0.23656166666666667
259223,0.23417416666666666
259224,0.23627583333333335
259225,0.24532083333333335
259226,0.25332333333333334
259227,0.25326666666666664
259228,0.25525333333333333
259229,0.2616158333333333
259230,0.27434833333333336
259231,0.28659416666666665
259232,0.30137833333333336
259233,0.32328666666666667
259234,0.3474575
259235,0.3908158333333333
259236,0.43685500000000005
259237,0.48365
259238,0.53308
259239,0.5836766666666667
259240,0.6284941666666666
259241,0.6731916666666666
259242,0.7184941666666665
259243,0.759845
259244,0.7968083333333332
259245,0.8277175
259246,0.8564025
259247,0.8838658333333332
259248,0.906885
259249,0.9288658333333333
259250,0.9357983333333333
259251,0.9410241666666667
259252,0.9456691666666666
259253,0.9504433333333332
259254,0.9548533333333332
259255,0.9579258333333335
259256,0.96057
259257,0.96326
259258,0.9665808333333333
259259,0.9694808333333333
259260,0.9684891666666666
259261,0.9684133333333335
259262,0.9684041666666666
259263,0.9665191666666667
259264,0.9628441666666666
259265,0.9561675
259266,0.9468258333333333
259267,0.9326975000000001
259268,0.9184058333333334
259269,0.9016583333333333
259270,0.8595383333333333
259271,0.8054958333333334
259272,0.75094
259273,0.6943225000000001
259274,0.6394900000000001
259275,0.5904024999999999
259276,0.543085
259277,0.4915933333333333
259278,0.4427025
259279,0.38993333333333335
259280,0.3402
259281,0.29223916666666666
259282,0.2506625
259283,0.21057583333333332
259284,0.16519583333333335
259285,0.14871666666666666
259286,0.15124583333333333
259287,0.14865916666666665
259288,0.14642666666666668
259289,0.14201666666666665
259290,0.13602166666666668
259291,0.13019666666666665
259292,0.1284225
259293,0.12747416666666667
259294,0.13391
259295,0.14339916666666666
259296,0.1597425
259297,0.17417083333333333
259298,0.19003333333333333
259299,0.21760083333333333
259300,0.24440916666666665
259301,0.26939166666666664
259302,0.2871033333333334
259303,0.30719500000000005
259304,0.33333833333333335
259305,0.36110166666666665
259306,0.39398666666666665
259307,0.42660166666666666
259308,0.45489333333333337
259309,0.4769708333333334
259310,0.49275333333333343
259311,0.5053608333333333
259312,0.5142283333333333
259313,0.5221516666666667
259314,0.5239550000000001
259315,0.5194141666666667
259316,0.5096433333333333
259317,0.5100816666666667
259318,0.5123325
259319,0.51934
259320,0.5317566666666667
259321,0.5388375
259322,0.5489816666666666
259323,0.5620058333333334
259324,0.5771433333333333
259325,0.5860816666666667
259326,0.5878958333333333
259327,0.6003316666666667
259328,0.6079316666666666
259329,0.6088983333333332
259330,0.60609
259331,0.6062025000000001
259332,0.6031808333333333
259333,0.5922933333333334
259334,0.5664066666666667
259335,0.5258341666666666
259336,0.4838700000000001
259337,0.440265
259338,0.40117833333333336
259339,0.36461166666666667
259340,0.33621416666666665
259341,0.310445
259342,0.28642249999999997
259343,0.2604633333333333
259344,0.24450916666666667
259345,0.23606583333333334
259346,0.22687916666666666
259347,0.22962583333333336
259348,0.23928166666666667
259349,0.25579583333333333
259350,0.2765383333333333
259351,0.29175083333333335
259352,0.3109083333333333
259353,0.31905750000000005
259354,0.32923833333333336
259355,0.33754333333333336
259356,0.36541583333333333
259357,0.3836833333333333
259358,0.4060883333333333
259359,0.43056333333333335
259360,0.45686750000000004
259361,0.48143833333333336
259362,0.49640333333333336
259363,0.5013691666666668
259364,0.4976158333333333
259365,0.49668083333333335
259366,0.5116275
259367,0.5173608333333334
259368,0.5309366666666667
259369,0.5512383333333334
259370,0.5669158333333333
259371,0.5632825
259372,0.5611833333333334
259373,0.5635958333333334
259374,0.5577325
259375,0.5424133333333334
259376,0.5291558333333334
259377,0.5208291666666667
259378,0.5200308333333333
259379,0.5318875000000001
259380,0.5439041666666667
259381,0.5481808333333333
259382,0.5572316666666667
259383,0.5663675
259384,0.5639425
259385,0.5539366666666667
259386,0.5393225
259387,0.5306241666666667
259388,0.5237158333333334
259389,0.52627
259390,0.5390008333333333
259391,0.5517933333333332
259392,0.5573683333333334
259393,0.5602816666666667
259394,0.5586858333333333
259395,0.5481891666666667
259396,0.53127
259397,0.5097708333333333
259398,0.48666666666666664
259399,0.4790366666666666
259400,0.4818841666666667
259401,0.4829016666666667
259402,0.47572
259403,0.47877333333333333
259404,0.48294916666666665
259405,0.48332583333333334
259406,0.48044416666666667
259407,0.4859475
259408,0.5037141666666667
259409,0.5221675
259410,0.5477941666666666
259411,0.5771208333333333
259412,0.6055966666666667
259413,0.6322675
259414,0.6444941666666666
259415,0.6587066666666667
259416,0.6849066666666667
259417,0.7112183333333334
259418,0.72169
259419,0.7271633333333334
259420,0.7333408333333333
259421,0.7405141666666667
259422,0.7420675
259423,0.7339458333333333
259424,0.7261683333333333
259425,0.7181558333333334
259426,0.7169516666666667
259427,0.7176341666666667
259428,0.716595
259429,0.72157
259430,0.728635
259431,0.7295558333333333
259432,0.7336775
259433,0.7411366666666667
259434,0.7431966666666667
259435,0.7452116666666667
259436,0.7510741666666667
259437,0.7597766666666667
259438,0.7705516666666666
259439,0.7782991666666667
259440,0.7902058333333333
259441,0.8010750000000001
259442,0.8142908333333333
259443,0.831
259444,0.8432858333333333
259445,0.8540708333333333
259446,0.8655433333333333
259447,0.873515
259448,0.8767208333333333
259449,0.8820041666666666
259450,0.8876725
259451,0.8888058333333333
259452,0.8855433333333333
259453,0.8798591666666666
259454,0.8741375
259455,0.8680933333333335
259456,0.8558066666666666
259457,0.8427083333333333
259458,0.8293075000000001
259459,0.8122941666666667
259460,0.7913258333333334
259461,0.77083
259462,0.7511083333333333
259463,0.7267433333333334
259464,0.70598
259465,0.6723625000000001
259466,0.6383966666666667
259467,0.6107033333333334
259468,0.5755858333333334
259469,0.5387066666666667
259470,0.4965733333333333
259471,0.4627625
259472,0.4311258333333334
259473,0.39287583333333337
259474,0.35966166666666666
259475,0.33261750000000007
259476,0.3119316666666666
259477,0.28842
259478,0.2621291666666667
259479,0.23607416666666664
259480,0.22331583333333335
259481,0.21126833333333334
259482,0.2028341666666667
259483,0.20905416666666668
259484,0.2244175
259485,0.24704833333333334
259486,0.27002249999999994
259487,0.2923341666666667
259488,0.32261
259489,0.3574866666666666
259490,0.3891625
259491,0.41631583333333333
259492,0.44768833333333335
259493,0.48703083333333336
259494,0.5215366666666666
259495,0.5521675
259496,0.5812383333333334
259497,0.6044583333333334
259498,0.6184441666666667
259499,0.623065
259500,0.6217133333333333
259501,0.6130625000000001
259502,0.6049508333333334
259503,0.5943641666666667
259504,0.5773958333333334
259505,0.5586258333333334
259506,0.5444408333333333
259507,0.5298375
259508,0.5166108333333334
259509,0.5081308333333333
259510,0.5021108333333334
259511,0.49577
259512,0.4909183333333333
259513,0.49114500000000005
259514,0.49267083333333334
259515,0.5019933333333333
259516,0.5073058333333333
259517,0.5105116666666667
259518,0.5182675
259519,0.5295683333333333
259520,0.5469791666666667
259521,0.5579316666666666
259522,0.5677850000000001
259523,0.5710175
259524,0.5736100000000001
259525,0.5832908333333333
259526,0.5923441666666667
259527,0.603265
259528,0.6153124999999999
259529,0.6296966666666667
259530,0.6429075
259531,0.6629149999999999
259532,0.6787366666666667
259533,0.696685
259534,0.7115325
259535,0.7208741666666667
259536,0.7268258333333333
259537,0.7340766666666666
259538,0.7453658333333333
259539,0.7587733333333334
259540,0.7657950000000001
259541,0.7764841666666666
259542,0.7820108333333332
259543,0.784225
259544,0.7874166666666667
259545,0.777555
259546,0.7606974999999999
259547,0.7463033333333333
259548,0.721255
259549,0.6966891666666667
259550,0.6759725
259551,0.6622425
259552,0.6477133333333334
259553,0.6428991666666667
259554,0.6377641666666666
259555,0.6316733333333333
259556,0.6252708333333333
259557,0.6263825000000001
259558,0.6324791666666667
259559,0.6379283333333333
259560,0.6473916666666667
259561,0.6676866666666667
259562,0.6918000000000001
259563,0.7200691666666666
259564,0.7447199999999999
259565,0.7687433333333333
259566,0.7917408333333333
259567,0.8151533333333333
259568,0.8297249999999999
259569,0.8384291666666667
259570,0.8416875
259571,0.8378575
259572,0.8387483333333333
259573,0.8335758333333333
259574,0.8261291666666666
259575,0.8235033333333334
259576,0.8119875000000001
259577,0.8016008333333333
259578,0.7933766666666667
259579,0.7870050000000001
259580,0.7797341666666667
259581,0.7630058333333333
259582,0.7422616666666666
259583,0.7214641666666667
259584,0.7004366666666667
259585,0.6865816666666668
259586,0.6785208333333334
259587,0.6624116666666667
259588,0.6384875
259589,0.6170633333333334
259590,0.5959675
259591,0.5771025000000001
259592,0.5522008333333334
259593,0.5307991666666667
259594,0.5093825
259595,0.48938333333333334
259596,0.4779708333333333
259597,0.47445833333333337
259598,0.46176999999999996
259599,0.45787583333333337
259600,0.4480116666666667
259601,0.4359841666666666
259602,0.42116333333333333
259603,0.4161016666666667
259604,0.40945166666666666
259605,0.4035475
259606,0.39758
259607,0.402195
259608,0.4024408333333333
259609,0.4030708333333333
259610,0.39636666666666664
259611,0.38895083333333336
259612,0.37665916666666666
259613,0.3753608333333333
259614,0.3750883333333333
259615,0.3748575
259616,0.37577083333333333
259617,0.37983500000000003
259618,0.38556583333333333
259619,0.39095749999999996
259620,0.39793083333333334
259621,0.4016758333333333
259622,0.41633
259623,0.43728500000000003
259624,0.45690749999999997
259625,0.47481666666666666
259626,0.4934291666666667
259627,0.5028725000000001
259628,0.51065
259629,0.511365
259630,0.5221466666666666
259631,0.5296633333333334
259632,0.5386375
259633,0.5416983333333333
259634,0.5459008333333333
259635,0.5440383333333333
259636,0.5502199999999999
259637,0.5450091666666667
259638,0.5291416666666666
259639,0.5096683333333333
259640,0.49169250000000003
259641,0.47035916666666666
259642,0.4631158333333333
259643,0.4581166666666666
259644,0.4500783333333333
259645,0.44204333333333334
259646,0.43705499999999997
259647,0.43440583333333327
259648,0.43939333333333336
259649,0.4491475
259650,0.46540750000000003
259651,0.4890891666666667
259652,0.5086783333333333
259653,0.5344466666666666
259654,0.5656091666666667
259655,0.6029350000000001
259656,0.6426341666666667
259657,0.6750616666666667
259658,0.7014033333333334
259659,0.7337675000000001
259660,0.7634108333333334
259661,0.7930866666666667
259662,0.8184383333333334
259663,0.8431316666666666
259664,0.8607941666666667
259665,0.8748049999999999
259666,0.8753866666666668
259667,0.8736449999999999
259668,0.87135
259669,0.86753
259670,0.8620741666666666
259671,0.8581216666666667
259672,0.85605
259673,0.8589024999999999
259674,0.8581991666666666
259675,0.8457991666666665
259676,0.8354816666666667
259677,0.8190399999999999
259678,0.7970325
259679,0.7708099999999999
259680,0.7434208333333334
259681,0.7227066666666667
259682,0.7043833333333335
259683,0.6888841666666666
259684,0.6802241666666666
259685,0.6762458333333333
259686,0.6674091666666667
259687,0.6627591666666668
259688,0.6614108333333334
259689,0.6636500000000001
259690,0.6772075000000001
259691,0.6741033333333333
259692,0.6733899999999999
259693,0.6740925000000001
259694,0.6709733333333333
259695,0.66633
259696,0.6569291666666666
259697,0.6542399999999999
259698,0.6460291666666667
259699,0.6284925
259700,0.6036616666666667
259701,0.5827399999999999
259702,0.559505
259703,0.5370716666666666
259704,0.5094291666666666
259705,0.4810466666666667
259706,0.4630833333333333
259707,0.452415
259708,0.44501833333333335
259709,0.4480775
259710,0.45590583333333334
259711,0.4670541666666666
259712,0.46398083333333334
259713,0.45857833333333337
259714,0.45808166666666666
259715,0.4543583333333333
259716,0.4477641666666667
259717,0.43928500000000004
259718,0.4223941666666667
259719,0.41330750000000005
259720,0.4095391666666667
259721,0.4114591666666667
259722,0.41066333333333327
259723,0.42188
259724,0.43959666666666664
259725,0.452485
259726,0.46225749999999993
259727,0.48002666666666666
259728,0.49992250000000005
259729,0.5151575
259730,0.5492133333333332
259731,0.5850558333333333
259732,0.6228316666666667
259733,0.6641383333333334
259734,0.7022250000000001
259735,0.7317641666666665
259736,0.7566941666666666
259737,0.7763641666666666
259738,0.7832558333333333
259739,0.7758233333333333
259740,0.7632724999999999
259741,0.7487308333333332
259742,0.734545
259743,0.7215833333333334
259744,0.721225
259745,0.7055166666666667
259746,0.6877433333333334
259747,0.6684758333333334
259748,0.64716
259749,0.625435
259750,0.6029183333333333
259751,0.5833783333333333
259752,0.5687800000000001
259753,0.5521275
259754,0.5450658333333334
259755,0.5408474999999999
259756,0.5404675
259757,0.5334533333333333
259758,0.5293108333333333
259759,0.519025
259760,0.5103433333333334
259761,0.5002866666666667
259762,0.49974833333333335
259763,0.49834416666666664
259764,0.4989458333333333
259765,0.5121725
259766,0.5312441666666666
259767,0.5511366666666666
259768,0.5651266666666667
259769,0.5746858333333333
259770,0.5850316666666667
259771,0.5870616666666667
259772,0.5837391666666666
259773,0.5782383333333334
259774,0.5629558333333333
259775,0.5445191666666668
259776,0.5353833333333333
259777,0.5187291666666667
259778,0.49851333333333336
259779,0.4741983333333334
259780,0.4424325
259781,0.4106316666666667
259782,0.38059750000000003
259783,0.3605775
259784,0.34340583333333335
259785,0.32792583333333336
259786,0.32486916666666665
259787,0.3313841666666667
259788,0.33673749999999997
259789,0.3506316666666667
259790,0.36816250000000006
259791,0.37888666666666665
259792,0.38218416666666666
259793,0.3935575
259794,0.4037266666666666
259795,0.4126958333333333
259796,0.41886666666666666
259797,0.41688416666666667
259798,0.4110091666666667
259799,0.40575916666666667
259800,0.4016016666666667
259801,0.3915908333333334
259802,0.37355166666666667
259803,0.35511833333333337
259804,0.33803916666666667
259805,0.31636333333333333
259806,0.29288916666666664
259807,0.27366833333333335
259808,0.2520233333333334
259809,0.23216666666666666
259810,0.20900333333333332
259811,0.1845575
259812,0.16447499999999998
259813,0.14578583333333334
259814,0.12554833333333335
259815,0.10682416666666668
259816,0.08769583333333332
259817,0.075005
259818,0.06338083333333333
259819,0.050875000000000004
259820,0.04344166666666667
259821,0.041841666666666666
259822,0.05064500000000001
259823,0.06792583333333332
259824,0.081865
259825,0.10173499999999999
259826,0.12470916666666666
259827,0.14526416666666667
259828,0.16470416666666665
259829,0.18481
259830,0.2069425
259831,0.23464083333333333
259832,0.26476500000000003
259833,0.2956575
259834,0.3339991666666667
259835,0.37838166666666667
259836,0.42118333333333335
259837,0.4561716666666667
259838,0.48633
259839,0.5206025000000001
259840,0.5505191666666668
259841,0.5826600000000001
259842,0.6140708333333333
259843,0.6451166666666667
259844,0.6802716666666666
259845,0.7129716666666667
259846,0.7390033333333332
259847,0.7630291666666665
259848,0.7866525000000001
259849,0.7992583333333333
259850,0.805275
259851,0.8078791666666667
259852,0.810265
259853,0.8127416666666668
259854,0.8158816666666666
259855,0.8210141666666666
259856,0.8178758333333334
259857,0.8247866666666667
259858,0.8328966666666666
259859,0.8357424999999999
259860,0.8396308333333333
259861,0.8439808333333334
259862,0.8481583333333335
259863,0.8523233333333333
259864,0.8552266666666667
259865,0.8554516666666667
259866,0.8545175
259867,0.8538741666666667
259868,0.848
259869,0.8412491666666667
259870,0.8319008333333333
259871,0.8236375
259872,0.8157116666666667
259873,0.80909
259874,0.8002791666666665
259875,0.7882049999999999
259876,0.7786216666666665
259877,0.7732133333333332
259878,0.77175
259879,0.7691708333333334
259880,0.7695399999999999
259881,0.7687408333333334
259882,0.7530833333333332
259883,0.7368416666666667
259884,0.7281608333333334
259885,0.7240175000000001
259886,0.7256716666666667
259887,0.7166266666666666
259888,0.7060049999999999
259889,0.6919841666666666
259890,0.677795
259891,0.6591583333333334
259892,0.63994
259893,0.6164425
259894,0.5969599999999999
259895,0.5760541666666668
259896,0.5573466666666665
259897,0.5557075
259898,0.560085
259899,0.5591016666666666
259900,0.55346
259901,0.5470625000000001
259902,0.5459475
259903,0.5419591666666667
259904,0.5440183333333333
259905,0.5541291666666666
259906,0.5716225
259907,0.5902216666666666
259908,0.6060774999999999
259909,0.6185383333333333
259910,0.6326741666666665
259911,0.6499558333333334
259912,0.66448
259913,0.6716149999999999
259914,0.6728033333333333
259915,0.6783216666666667
259916,0.6779116666666667
259917,0.6730458333333333
259918,0.6757733333333334
259919,0.6807925
259920,0.6788466666666667
259921,0.671885
259922,0.6592383333333334
259923,0.6511250000000001
259924,0.6452641666666667
259925,0.6377900000000001
259926,0.6265149999999999
259927,0.6178358333333333
259928,0.6130691666666667
259929,0.6135941666666667
259930,0.6085875
259931,0.6050483333333333
259932,0.6000333333333333
259933,0.5923783333333332
259934,0.5803716666666666
259935,0.5765266666666666
259936,0.5726891666666667
259937,0.5728183333333333
259938,0.5653041666666667
259939,0.5638325
259940,0.5641308333333332
259941,0.5756941666666666
259942,0.5850141666666666
259943,0.57209
259944,0.56564
259945,0.5611258333333333
259946,0.56086
259947,0.5707266666666667
259948,0.5741216666666666
259949,0.5789500000000001
259950,0.5819816666666667
259951,0.587665
259952,0.5927174999999999
259953,0.6030316666666667
259954,0.6081050000000001
259955,0.6181750000000001
259956,0.6200683333333333
259957,0.6187725000000001
259958,0.6385408333333333
259959,0.6475841666666667
259960,0.6514633333333334
259961,0.6527525
259962,0.6464658333333334
259963,0.6433183333333333
259964,0.6395699999999999
259965,0.6286541666666667
259966,0.6095266666666668
259967,0.5789725000000001
259968,0.5394466666666667
259969,0.49583666666666665
259970,0.44659750000000004
259971,0.39788666666666667
259972,0.3521975
259973,0.30889833333333333
259974,0.27037333333333335
259975,0.23789333333333335
259976,0.20766916666666668
259977,0.18734666666666666
259978,0.16985583333333334
259979,0.14534833333333333
259980,0.12395833333333334
259981,0.10887416666666665
259982,0.10107666666666668
259983,0.10252666666666667
259984,0.10941166666666666
259985,0.11810416666666666
259986,0.12610166666666667
259987,0.1337583333333333
259988,0.13830416666666664
259989,0.14190083333333334
259990,0.14370083333333333
259991,0.14713833333333332
259992,0.1401258333333333
259993,0.1326425
259994,0.1318982142857143
259995,0.13069903846153846
259996,0.12843958333333336
259997,0.12878636363636364
259998,0.12964
259999,0.12810833333333335
260000,0.124284375
